order_id,customer_id,order_date,country,category,quantity,unit_price,discount,payment_method,customer_rating
ORD-004875,CUST-00286,2024-11-12 09:40:00,Germany,Electronics,8,847.65,0.2,Apple Pay,3.0
ORD-001026,CUST-00084,2025-09-11 12:22:00,Italy,Sports,2,166.25,0.0,Bank Transfer,3.0
ORD-003546,CUST-00947,2025-04-26 08:58:00,Italy,Home,3,500.0,0.1,Credit Card,3.0
ORD-003822,CUST-00017,2024-06-01 14:55:00,Belgium,Home,2,346.55,0.1,Credit Card,5.0
ORD-004395,CUST-00764,2024-01-26 12:23:00,Italy,Clothing,2,228.08,0.0,Bank Transfer,5.0
ORD-003423,CUST-00901,2025-04-01 13:21:00,Netherlands,Home,3,500.0,0.1,PayPal,2.0
ORD-002418,CUST-00391,2024-08-20 12:14:00,France,Books,1,35.68,0.0,Bank Transfer,5.0
ORD-001096,CUST-00121,2024-01-25 01:22:00,Italy,Clothing,1,245.59,0.05,Credit Card,4.0
ORD-004460,CUST-00981,2025-07-05 11:39:00,Germany,Clothing,3,163.35,0.15,Credit Card,3.0
ORD-000706,CUST-00848,2025-11-07 12:37:00,Spain,Electronics,4,679.09,0.0,Apple Pay,5.0
ORD-002375,CUST-01049,2025-10-05 09:16:00,France,Clothing,1,216.2,0.0,Credit Card,4.0
ORD-000531,CUST-00898,2024-01-08 23:22:00,Spain,Sports,2,254.37,0.1,Credit Card,2.0
ORD-000801,CUST-00019,2025-06-28 21:05:00,France,Books,1,66.92,0.0,Bank Transfer,
ORD-004525,CUST-01201,2025-03-18 20:04:00,Netherlands,Books,4,38.88,0.05,Apple Pay,3.0
ORD-001457,CUST-01477,2025-07-20 23:19:00,France,Books,3,51.87,0.2,PayPal,5.0
ORD-001392,CUST-00795,2025-01-04 10:54:00,Germany,Sports,4,340.39,0.1,PayPal,
ORD-003650,CUST-01107,2024-01-11 05:46:00,Germany,Electronics,1,607.94,0.2,Credit Card,4.0
ORD-003200,CUST-00398,2025-10-25 09:38:00,Germany,Electronics,1,241.71,0.0,PayPal,3.0
ORD-002672,CUST-01284,2025-11-20 06:02:00,Netherlands,Clothing,2,127.09,0.2,Credit Card,4.0
ORD-002813,CUST-00297,2025-01-18 15:21:00,France,Clothing,3,131.81,0.3,Credit Card,4.0
ORD-000066,CUST-00489,2024-10-24 22:56:00,Netherlands,Home,3,343.38,0.0,PayPal,4.0
ORD-000158,CUST-00836,2024-12-02 19:10:00,Italy,Clothing,4,79.7,0.0,Credit Card,3.0
ORD-003241,CUST-00314,2025-02-22 11:43:00,France,Clothing,6,53.2,0.2,PayPal,2.0
ORD-004102,CUST-01482,2025-11-24 20:58:00,France,Clothing,1,87.46,0.1,Apple Pay,5.0
ORD-000627,CUST-00508,2025-03-10 14:18:00,France,Clothing,1,85.31,0.1,Apple Pay,4.0
ORD-001966,CUST-01113,2024-09-14 17:32:00,France,Books,1,80.0,0.1,Bank Transfer,5.0
ORD-001439,CUST-00479,2024-03-22 02:59:00,Italy,Clothing,1,193.03,0.0,Credit Card,1.0
ORD-002241,CUST-00336,2024-12-09 14:34:00,Spain,Electronics,2,886.23,0.05,Credit Card,3.0
ORD-003014,CUST-01105,2025-02-08 12:59:00,France,Electronics,3,613.81,0.2,Credit Card,3.0
ORD-003907,CUST-01073,2024-01-18 03:48:00,Germany,Electronics,4,647.78,0.1,Credit Card,
ORD-003519,CUST-01018,2024-11-08 20:39:00,Germany,Home,2,113.69,0.1,Bank Transfer,4.0
ORD-000643,CUST-01282,2024-10-09 06:43:00,Italy,Clothing,3,146.46,0.0,PayPal,5.0
ORD-001927,CUST-00540,2024-07-30 22:12:00,Germany,Sports,2,238.85,0.1,Credit Card,5.0
ORD-002188,CUST-00387,2025-12-28 20:59:00,France,Sports,2,106.41,0.0,PayPal,4.0
ORD-000684,CUST-01439,2025-01-04 23:25:00,Belgium,Books,4,23.35,0.0,Bank Transfer,5.0
ORD-000677,CUST-00872,2024-11-21 22:53:00,Germany,Books,5,32.48,0.1,Apple Pay,4.0
ORD-001895,CUST-00202,2025-05-24 01:36:00,France,Electronics,7,415.58,0.0,Bank Transfer,5.0
ORD-001877,CUST-00350,2025-05-22 08:08:00,Italy,Home,3,500.0,0.0,Bank Transfer,3.0
ORD-001058,CUST-01159,2025-11-05 07:32:00,France,Books,1,54.28,0.0,Credit Card,
ORD-004850,CUST-01351,2025-02-02 10:46:00,France,Books,1,35.18,0.1,PayPal,4.0
ORD-003951,CUST-00566,2024-08-13 13:31:00,Belgium,Sports,1,374.75,0.1,PayPal,4.0
ORD-002836,CUST-00816,2025-07-22 14:54:00,France,Books,1,63.2,0.0,Credit Card,4.0
ORD-003140,CUST-00742,2024-05-06 08:37:00,Belgium,Clothing,1,173.81,0.0,Apple Pay,5.0
ORD-000297,CUST-01275,2025-04-30 06:44:00,Italy,Electronics,1,396.57,0.2,Bank Transfer,4.0
ORD-003363,CUST-00070,2024-07-04 23:28:00,France,Electronics,4,782.59,0.2,Credit Card,3.0
ORD-003605,CUST-01388,2024-10-03 14:57:00,France,Clothing,2,64.59,0.3,PayPal,3.0
ORD-004700,CUST-00036,2025-01-18 12:08:00,Germany,Home,3,457.92,0.05,Bank Transfer,4.0
ORD-004206,CUST-01211,2025-07-30 06:54:00,France,Books,6,80.0,0.3,PayPal,5.0
ORD-002381,CUST-00270,2024-08-31 22:04:00,Italy,Sports,2,176.84,0.0,Bank Transfer,5.0
ORD-001256,CUST-00128,2024-06-13 05:28:00,France,Electronics,1,980.8,0.0,PayPal,5.0
ORD-000169,CUST-00502,2025-01-24 20:06:00,Belgium,Electronics,2,352.45,0.0,Bank Transfer,3.0
ORD-004134,CUST-00754,2024-03-23 10:16:00,Spain,Home,1,148.17,0.05,Apple Pay,5.0
ORD-000030,CUST-00666,2024-07-01 03:31:00,Spain,Home,1,360.22,0.0,Credit Card,
ORD-001748,CUST-00566,2025-03-31 13:18:00,France,Sports,4,277.05,0.0,PayPal,3.0
ORD-004984,CUST-00604,2025-04-14 22:06:00,Spain,Home,2,316.55,0.1,PayPal,4.0
ORD-004980,CUST-00913,2024-05-11 04:31:00,Spain,Clothing,4,82.89,0.0,Credit Card,3.0
ORD-002112,CUST-01013,2024-07-06 14:53:00,Germany,Books,3,45.92,0.0,PayPal,
ORD-004816,CUST-00447,2024-12-18 01:22:00,Germany,Electronics,1,696.52,0.0,Credit Card,5.0
ORD-002811,CUST-00771,2024-10-07 20:37:00,Italy,Sports,5,214.06,0.1,Credit Card,5.0
ORD-002102,CUST-01002,2024-11-21 17:35:00,Germany,Home,1,500.0,0.0,Bank Transfer,2.0
ORD-001011,CUST-00404,2024-07-04 13:38:00,Spain,Clothing,2,205.86,0.0,PayPal,2.0
ORD-004631,CUST-00222,2024-10-17 06:08:00,France,Books,3,61.88,0.0,PayPal,5.0
ORD-000545,CUST-01247,2024-05-20 17:52:00,France,Books,1,41.31,0.0,Apple Pay,3.0
ORD-001742,CUST-01116,2025-03-23 18:45:00,Germany,Home,3,157.44,0.0,Bank Transfer,3.0
ORD-003732,CUST-01290,2024-02-26 20:31:00,Germany,Electronics,1,963.63,0.1,Apple Pay,2.0
ORD-004817,CUST-01309,2024-08-13 14:54:00,Italy,Clothing,2,171.04,0.1,Apple Pay,5.0
ORD-001718,CUST-00569,2024-06-12 09:29:00,Italy,Clothing,2,90.99,0.1,Credit Card,3.0
ORD-000995,CUST-00795,2025-01-31 10:43:00,Belgium,Clothing,2,197.81,0.1,Credit Card,4.0
ORD-004789,CUST-00460,2025-11-14 22:54:00,Germany,Books,2,25.34,0.15,PayPal,5.0
ORD-002776,CUST-00453,2024-04-09 19:50:00,France,Clothing,2,183.73,0.3,PayPal,5.0
ORD-004060,CUST-00891,2024-12-21 23:38:00,France,Clothing,5,145.97,0.15,PayPal,5.0
ORD-000024,CUST-01391,2025-12-01 21:35:00,Netherlands,Home,1,177.55,0.2,Credit Card,4.0
ORD-000950,CUST-00418,2025-11-05 01:12:00,France,Books,1,23.07,0.0,Credit Card,3.0
ORD-000241,CUST-00211,2025-12-17 09:41:00,France,Home,4,333.41,0.1,Credit Card,5.0
ORD-001555,CUST-00687,2024-03-13 07:02:00,Italy,Books,1,28.13,0.15,Apple Pay,5.0
ORD-001435,CUST-00480,2025-02-06 19:27:00,Germany,Electronics,2,415.0,0.0,PayPal,5.0
ORD-001671,CUST-01145,2025-04-22 10:39:00,Germany,Sports,2,187.73,0.0,Bank Transfer,1.0
ORD-000486,CUST-00349,2024-05-22 07:38:00,Spain,Books,6,51.64,0.0,Credit Card,5.0
ORD-002754,CUST-00978,2025-05-26 15:40:00,France,Clothing,2,162.4,0.0,Bank Transfer,4.0
ORD-003652,CUST-00108,2025-09-05 12:57:00,France,Books,2,39.9,0.05,Bank Transfer,4.0
ORD-004272,CUST-00798,2024-10-24 01:48:00,Italy,Electronics,1,499.67,0.1,Credit Card,5.0
ORD-000804,CUST-01378,2024-02-14 01:09:00,France,Sports,3,229.3,0.0,Credit Card,5.0
ORD-003781,CUST-00085,2025-09-02 23:42:00,Germany,Home,3,107.66,0.0,Apple Pay,3.0
ORD-001740,CUST-00307,2025-01-07 16:50:00,Italy,Books,6,8.4,0.0,Credit Card,5.0
ORD-004016,CUST-00213,2025-12-08 11:24:00,Germany,Clothing,8,76.97,0.0,PayPal,1.0
ORD-002196,CUST-01225,2024-04-06 04:06:00,France,Sports,5,400.0,0.05,PayPal,5.0
ORD-000085,CUST-00945,2025-06-06 13:20:00,Spain,Clothing,7,159.54,0.0,Apple Pay,4.0
ORD-002124,CUST-00916,2024-11-03 19:00:00,Netherlands,Sports,1,345.85,0.15,Credit Card,5.0
ORD-003017,CUST-00799,2025-03-10 02:12:00,Spain,Sports,1,213.61,0.0,Apple Pay,1.0
ORD-002534,CUST-00256,2025-12-06 19:12:00,Germany,Electronics,1,429.94,0.15,Apple Pay,4.0
ORD-001872,CUST-00311,2025-12-31 14:17:00,Spain,Home,6,127.83,0.1,PayPal,5.0
ORD-000107,CUST-01171,2025-07-11 05:18:00,France,Clothing,2,176.9,0.0,Bank Transfer,4.0
ORD-003151,CUST-01070,2025-05-30 02:44:00,Italy,Books,1,34.55,0.2,Bank Transfer,1.0
ORD-002990,CUST-00643,2025-07-14 23:19:00,France,Sports,1,119.25,0.0,Credit Card,5.0
ORD-001579,CUST-00170,2024-10-18 05:12:00,Spain,Clothing,3,105.35,0.1,PayPal,3.0
ORD-000200,CUST-01443,2025-05-11 18:46:00,Italy,Home,3,293.44,0.05,Bank Transfer,4.0
ORD-004412,CUST-00882,2024-04-23 03:34:00,France,Electronics,2,1200.0,0.0,Bank Transfer,5.0
ORD-003066,CUST-00826,2024-09-02 01:14:00,France,Books,3,38.55,0.0,Credit Card,4.0
ORD-004956,CUST-00290,2024-12-31 01:12:00,Germany,Sports,3,216.74,0.0,PayPal,
ORD-004241,CUST-00504,2025-02-13 05:47:00,France,Books,4,26.12,0.0,PayPal,3.0
ORD-004657,CUST-00200,2025-03-16 17:58:00,Netherlands,Books,5,43.1,0.0,Credit Card,2.0
ORD-003131,CUST-00539,2024-08-12 22:36:00,Spain,Home,4,328.25,0.15,Credit Card,3.0
ORD-002182,CUST-00361,2025-10-02 20:14:00,Italy,Clothing,2,88.4,0.15,PayPal,5.0
ORD-003415,CUST-00897,2024-08-24 17:27:00,France,Electronics,4,381.22,0.0,Bank Transfer,3.0
ORD-000882,CUST-01277,2025-04-03 02:32:00,Belgium,Clothing,1,235.45,0.05,Credit Card,
ORD-004223,CUST-01239,2025-02-22 13:50:00,Belgium,Clothing,4,111.48,0.0,Credit Card,3.0
ORD-004570,CUST-00307,2025-06-15 05:41:00,Netherlands,Sports,4,173.39,0.0,PayPal,5.0
ORD-003894,CUST-00303,2025-06-20 11:09:00,Germany,Electronics,2,475.21,0.05,Credit Card,5.0
ORD-000554,CUST-00477,2024-06-12 01:56:00,France,,2,108.83,0.05,Bank Transfer,3.0
ORD-000734,CUST-01162,2024-11-16 16:17:00,Netherlands,Home,4,215.97,0.05,Apple Pay,5.0
ORD-000180,CUST-00752,2025-09-06 19:59:00,Spain,Electronics,3,301.37,0.05,Credit Card,5.0
ORD-000417,CUST-01454,2024-02-15 04:41:00,Germany,Clothing,4,126.19,0.15,Apple Pay,1.0
ORD-000080,CUST-01005,2025-08-24 21:54:00,Italy,Electronics,1,588.55,0.15,Credit Card,5.0
ORD-000473,CUST-00649,2024-06-03 02:58:00,Italy,Home,1,73.95,0.0,Bank Transfer,3.0
ORD-000671,CUST-01429,2024-01-22 13:44:00,France,Books,3,34.47,0.2,Credit Card,4.0
ORD-004909,CUST-01198,2024-08-02 01:25:00,Germany,Sports,1,120.1,0.15,PayPal,4.0
ORD-001502,CUST-00391,2025-01-22 00:21:00,Germany,Electronics,2,788.03,0.0,Credit Card,4.0
ORD-002803,CUST-01484,2024-02-13 02:20:00,France,Clothing,2,110.81,0.0,Credit Card,3.0
ORD-002093,CUST-01208,2024-12-24 01:10:00,France,Books,4,24.96,0.0,PayPal,2.0
ORD-000249,CUST-01181,2024-01-13 00:25:00,France,Home,1,299.71,0.0,PayPal,2.0
ORD-000539,CUST-00811,2024-05-30 00:28:00,Germany,Home,2,111.22,0.0,PayPal,5.0
ORD-001346,CUST-01497,2024-08-06 14:45:00,Germany,Electronics,2,393.65,0.0,PayPal,5.0
ORD-004699,CUST-00452,2025-10-17 16:26:00,Germany,Electronics,1,414.6,0.05,Apple Pay,3.0
ORD-001271,CUST-00554,2025-10-23 14:33:00,France,Sports,1,400.0,0.0,PayPal,3.0
ORD-000229,CUST-00821,2025-02-01 10:45:00,France,Electronics,1,359.48,0.0,Credit Card,3.0
ORD-000298,CUST-00659,2024-11-01 03:19:00,Germany,Electronics,6,738.23,0.0,Apple Pay,4.0
ORD-002821,CUST-00812,2025-05-01 19:32:00,France,Home,1,394.57,0.0,Credit Card,3.0
ORD-003723,CUST-01127,2025-04-18 13:46:00,Spain,Books,1,60.75,0.1,Credit Card,3.0
ORD-001184,CUST-00673,2024-06-03 21:02:00,Belgium,Electronics,1,421.72,0.1,Credit Card,5.0
ORD-002060,CUST-00605,2024-12-23 22:36:00,Germany,Clothing,4,88.8,0.0,Credit Card,2.0
ORD-000466,CUST-01450,2024-03-09 13:09:00,Belgium,Electronics,3,243.14,0.1,Bank Transfer,1.0
ORD-002992,CUST-00957,2025-03-12 19:03:00,Germany,Electronics,1,848.03,0.2,Apple Pay,4.0
ORD-000506,CUST-00681,2024-08-13 06:33:00,Italy,Books,3,21.32,0.15,PayPal,4.0
ORD-004081,CUST-01356,2024-03-03 22:10:00,Germany,Home,2,500.0,0.0,PayPal,5.0
ORD-003173,CUST-00648,2025-10-17 17:21:00,Belgium,Sports,4,137.31,0.0,PayPal,2.0
ORD-002094,CUST-00297,2025-02-15 04:23:00,Germany,Electronics,2,1200.0,0.15,Apple Pay,4.0
ORD-001670,CUST-01089,2024-05-01 22:02:00,Spain,Home,2,249.51,0.05,Credit Card,5.0
ORD-001753,CUST-00944,2025-07-24 22:30:00,Spain,Clothing,5,168.64,0.15,Credit Card,5.0
ORD-004785,CUST-01267,2024-04-28 14:14:00,France,Electronics,3,586.53,0.1,Credit Card,5.0
ORD-002654,CUST-00560,2024-09-11 16:45:00,Spain,Books,2,55.26,0.0,Bank Transfer,5.0
ORD-000427,CUST-01297,2024-01-29 09:00:00,France,Sports,4,257.08,0.3,Credit Card,4.0
ORD-001259,CUST-00811,2025-01-11 03:49:00,Germany,Books,1,33.27,0.0,Credit Card,5.0
ORD-001074,CUST-00788,2025-01-14 07:19:00,France,Clothing,4,71.96,0.1,Credit Card,5.0
ORD-002907,CUST-00938,2024-06-10 02:19:00,Italy,Home,2,108.92,0.0,Apple Pay,4.0
ORD-003892,CUST-01389,2025-08-28 08:06:00,Belgium,Home,1,135.8,0.0,Credit Card,5.0
ORD-004872,CUST-01436,2025-05-19 04:03:00, Netherlands,Home,3,115.67,0.0,Apple Pay,4.0
ORD-000658,CUST-00950,2025-07-02 05:40:00,Italy,Books,1,58.67,0.0,Bank Transfer,4.0
ORD-000394,CUST-00900,2025-11-02 09:52:00,Spain,Home,3,316.18,0.05,PayPal,2.0
ORD-003394,CUST-00283,2024-11-17 00:22:00,France,Sports,1,356.67,0.0,Credit Card,5.0
ORD-000280,CUST-00125,2024-01-26 06:42:00,Netherlands,Sports,4,400.0,0.1,Apple Pay,5.0
ORD-003719,CUST-01024,2025-08-12 05:31:00,Spain,Electronics,1,660.67,0.1,Bank Transfer,4.0
ORD-004580,CUST-00439,2025-07-13 00:46:00,France,Clothing,4,250.0,0.2,Credit Card,4.0
ORD-001076,CUST-00246,2025-07-17 14:30:00,France,Clothing,1,250.0,0.0,Bank Transfer,5.0
ORD-001136,CUST-00088,2024-03-18 02:36:00,Netherlands,Books,2,34.66,0.05,Bank Transfer,5.0
ORD-001589,CUST-01293,2025-07-09 14:21:00,France,Books,5,50.91,0.05,Apple Pay,1.0
ORD-000578,CUST-00786,2024-08-29 14:41:00,Germany,Electronics,3,1200.0,0.0,Bank Transfer,2.0
ORD-002292,CUST-00483,2024-06-24 13:23:00,Italy,Electronics,3,521.22,0.0,Credit Card,4.0
ORD-001053,CUST-00753,2024-02-12 03:55:00,Belgium,Sports,4,147.95,0.0,Credit Card,3.0
ORD-001091,CUST-00755,2024-09-08 00:07:00,Spain,Clothing,5,142.8,0.05,Credit Card,5.0
ORD-003412,CUST-01480,2024-08-02 12:41:00,France,Home,2,317.25,0.1,Credit Card,2.0
ORD-001428,CUST-01354,2024-05-26 02:00:00,France,Electronics,4,718.1,0.15,PayPal,2.0
ORD-001050,CUST-00180,2024-05-07 02:01:00,France,Books,1,80.0,0.15,PayPal,3.0
ORD-004457,CUST-00887,2024-06-15 18:07:00,France,Clothing,4,94.07,0.0,Bank Transfer,3.0
ORD-002519,CUST-00215,2025-04-25 15:11:00,France,Clothing,1,109.33,0.0,Credit Card,5.0
ORD-003163,CUST-00241,2025-05-04 19:01:00,Belgium,Sports,2,240.59,0.05,Credit Card,3.0
ORD-000009,CUST-00303,2025-09-29 02:15:00,France,Clothing,4,250.0,0.0,Credit Card,3.0
ORD-003858,CUST-00028,2024-05-02 03:24:00,France,Sports,2,175.85,0.0,Credit Card,4.0
ORD-003516,CUST-01459,2024-03-05 16:57:00,Belgium,Books,1,46.22,0.1,Bank Transfer,5.0
ORD-004070,CUST-00151,2025-12-23 11:39:00,Italy,Home,3,149.74,0.15,Credit Card,
ORD-000145,CUST-01489,2024-08-31 12:31:00,Germany,Clothing,1,144.02,0.0,Credit Card,
ORD-001955,CUST-01457,2024-01-09 10:48:00,Belgium,Home,1,214.54,0.0,Credit Card,5.0
ORD-000562,CUST-00066,2025-08-23 08:09:00,Germany,Sports,4,146.58,0.0,Bank Transfer,5.0
ORD-003104,CUST-00659,2025-08-14 03:44:00,Italy,Clothing,4,248.41,0.05,PayPal,5.0
ORD-003787,CUST-00266,2024-07-25 09:50:00,Spain,Home,2,299.52,0.05,Credit Card,4.0
ORD-004765,CUST-00656,2025-01-06 10:01:00,France,Clothing,2,120.2,0.2,Credit Card,5.0
ORD-000152,CUST-00423,2025-07-27 07:08:00,Belgium,Sports,2,74.19,0.0,Credit Card,2.0
ORD-000423,CUST-01150,2025-05-20 01:16:00,Germany,Home,4,430.13,0.05,Credit Card,4.0
ORD-001019,CUST-00063,2025-05-25 15:36:00,France,Books,1,45.31,0.0,Bank Transfer,
ORD-002707,CUST-01060,2025-04-28 05:07:00,France,Home,2,334.36,0.1,Credit Card,1.0
ORD-003376,CUST-00758,2024-03-28 01:26:00,Belgium,Home,2,130.52,0.0,Credit Card,
ORD-001213,CUST-00692,2024-01-15 20:45:00,France,Electronics,1,278.66,0.15,Credit Card,3.0
ORD-003045,CUST-00284,2025-10-07 17:31:00,Netherlands,Sports,3,185.42,0.1,PayPal,5.0
ORD-000799,CUST-00474,2025-03-09 01:29:00,Netherlands,Electronics,2,1200.0,0.0,Credit Card,1.0
ORD-003164,CUST-00472,2024-12-06 16:59:00,France,Books,3,28.54,0.15,Credit Card,5.0
ORD-002715,CUST-00760,2024-01-24 12:53:00,France,Home,3,500.0,0.0,PayPal,4.0
ORD-000415,CUST-00027,2025-11-02 07:48:00,France,Electronics,1,941.72,0.0,Credit Card,3.0
ORD-002303,CUST-00855,2025-08-31 01:31:00,Belgium,Home,1,500.0,0.0,Credit Card,5.0
ORD-004762,CUST-01272,2024-04-16 21:53:00,Germany,Home,6,243.07,0.05,Credit Card,2.0
ORD-003998,CUST-01269,2025-01-20 00:09:00,Germany,Clothing,4,230.57,0.05,Credit Card,1.0
ORD-000625,CUST-00907,2025-12-24 07:26:00,Germany,Electronics,2,311.72,0.0,Credit Card,4.0
ORD-001616,CUST-00260,2024-07-20 13:52:00,France,Books,1,54.5,0.15,Credit Card,5.0
ORD-000765,CUST-00542,2024-07-22 08:14:00,Spain,Clothing,1,175.44,0.05,Credit Card,4.0
ORD-002681,CUST-00176,2024-02-17 23:14:00,Netherlands,Sports,3,400.0,0.05,Credit Card,2.0
ORD-004264,CUST-01135,2024-10-14 12:07:00,France,Clothing,2,177.34,0.15,Credit Card,5.0
ORD-003533,CUST-00092,2024-02-03 09:05:00,France,Electronics,2,303.73,0.0,PayPal,3.0
ORD-000812,CUST-01319,2025-06-17 09:48:00,Spain,Home,5,279.35,0.0,Apple Pay,4.0
ORD-000101,CUST-01250,2024-02-19 23:10:00,Netherlands,Home,1,136.79,0.1,PayPal,4.0
ORD-002824,CUST-01464,2024-03-12 14:58:00,Spain,Books,7,80.0,0.05,Credit Card,4.0
ORD-000654,CUST-01207,2025-02-16 06:26:00,France,Clothing,3,154.65,0.0,PayPal,4.0
ORD-000860,CUST-01202,2024-09-12 14:41:00,Germany,Sports,1,144.53,0.1,Bank Transfer,
ORD-001613,CUST-01006,2025-03-04 22:06:00,France,Electronics,2,700.23,0.0,Apple Pay,3.0
ORD-000764,CUST-01405,2024-02-07 16:45:00,Belgium,Home,5,165.69,0.0,Credit Card,5.0
ORD-000334,CUST-01245,2024-03-12 14:49:00,France,Home,1,500.0,0.05,Credit Card,4.0
ORD-001630,CUST-00191,2025-12-20 22:31:00,Spain,Electronics,1,1143.9,0.0,PayPal,5.0
ORD-004937,CUST-01442,2025-03-30 14:00:00,Germany,Clothing,3,227.86,0.1,Bank Transfer,2.0
ORD-004702,CUST-00085,2024-03-25 03:37:00,Spain,Home,1,500.0,0.0,Apple Pay,3.0
ORD-000228,CUST-00869,2025-07-29 09:25:00,France,Books,4,24.99,0.0,Credit Card,5.0
ORD-001946,CUST-00179,2025-12-02 10:08:00,Spain,Books,4,33.95,0.15,PayPal,4.0
ORD-001352,CUST-00589,2025-06-13 23:40:00,Germany,Clothing,2,164.19,0.0,Credit Card,5.0
ORD-004343,CUST-00702,2024-02-15 07:13:00,Germany,Clothing,5,200.66,0.0,Credit Card,4.0
ORD-002697,CUST-00192,2025-05-03 06:04:00,Spain,Clothing,2,250.0,0.0,PayPal,3.0
ORD-000766,CUST-01171,2024-10-11 06:14:00,France,Clothing,7,102.32,0.0,PayPal,5.0
ORD-001974,CUST-00513,2024-02-16 15:41:00,France,Electronics,1,1077.17,0.0,PayPal,3.0
ORD-004078,CUST-00903,2025-04-08 18:34:00,Germany,Books,1,45.49,0.15,Credit Card,4.0
ORD-004589,CUST-00910,2025-12-10 11:28:00,Spain,Clothing,1,142.95,0.0,PayPal,4.0
ORD-004268,CUST-01393,2024-05-17 10:54:00,Belgium,Clothing,2,112.56,0.05,Bank Transfer,5.0
ORD-003995,CUST-00768,2025-01-29 22:53:00,Germany,Clothing,6,111.83,0.1,PayPal,4.0
ORD-003317,CUST-00949,2024-10-02 09:26:00,France,Electronics,1,1016.98,0.0,PayPal,5.0
ORD-003296,CUST-01195,2025-06-05 17:09:00,France,Sports,4,100.79,0.0,Credit Card,4.0
ORD-002764,CUST-00054,2025-04-04 02:05:00,Italy,Clothing,2,159.12,0.15,PayPal,1.0
ORD-003537,CUST-00046,2024-03-19 05:44:00,Italy,Clothing,1,250.0,0.0,Credit Card,3.0
ORD-001232,CUST-01101,2025-07-13 10:52:00,Netherlands,Sports,1,400.0,0.1,PayPal,5.0
ORD-003629,CUST-01269,2024-02-22 16:12:00,Belgium,Electronics,1,345.1,0.0,Bank Transfer,3.0
ORD-003214,CUST-01447,2024-08-27 04:02:00,Germany,Electronics,1,783.25,0.0,Credit Card,4.0
ORD-002623,CUST-00156,2025-03-09 21:31:00,Italy,Books,1,65.56,0.2,Bank Transfer,3.0
ORD-004199,CUST-01429,2025-03-04 14:19:00,Netherlands,Books,1,75.6,0.0,PayPal,3.0
ORD-000374,CUST-00561,2024-07-16 05:35:00,France,Clothing,2,13785.05,0.0,PayPal,
ORD-003162,CUST-01335,2024-07-30 11:42:00,France,Books,2,80.0,0.0,Credit Card,3.0
ORD-004879,CUST-01008,2025-07-24 00:35:00,France,Electronics,5,695.3,0.1,Credit Card,5.0
ORD-004727,CUST-00148,2025-12-30 03:45:00,Germany,Home,1,500.0,0.1,Credit Card,2.0
ORD-002789,CUST-00008,2024-12-26 14:02:00,Italy,Books,3,66.68,0.0,Credit Card,3.0
ORD-000034,CUST-00832,2024-08-02 13:32:00,France,Electronics,1,392.13,0.05,Credit Card,3.0
ORD-004097,CUST-00805,2024-05-30 07:58:00,Italy,Clothing,5,92.62,0.15,Credit Card,4.0
ORD-002313,CUST-00766,2024-09-11 14:36:00,France,Electronics,3,455.58,0.0,Bank Transfer,3.0
ORD-002408,CUST-01066,2024-03-03 12:22:00,France,Clothing,3,250.0,0.05,PayPal,4.0
ORD-000927,CUST-00812,2024-11-04 06:30:00,Spain,Books,2,80.0,0.1,Credit Card,5.0
ORD-002139,CUST-00809,2024-11-22 20:46:00,Belgium,Home,4,277.72,0.1,Credit Card,3.0
ORD-001774,CUST-00592,2024-08-08 23:59:00,Spain,Electronics,1,828.2,0.05,Credit Card,4.0
ORD-002700,CUST-00178,2025-06-11 22:16:00,Germany,Clothing,5,51.87,0.1,Apple Pay,3.0
ORD-001552,CUST-01281,2024-05-10 23:24:00,Belgium,Home,3,321.76,0.1,Bank Transfer,3.0
ORD-001306,CUST-01008,2025-03-02 07:02:00,,Books,1,57.57,0.05,Credit Card,5.0
ORD-002073,CUST-00605,2025-02-06 10:17:00,Germany,Electronics,3,366.06,0.0,Credit Card,3.0
ORD-002727,CUST-00205,2024-08-28 12:40:00,Belgium,Electronics,1,627.53,0.05,Bank Transfer,2.0
ORD-002423,CUST-00156,2024-08-02 06:16:00,Germany,Clothing,1,250.0,0.2,Credit Card,1.0
ORD-003665,CUST-00770,2024-09-07 03:29:00,Italy,Clothing,1,80.54,0.15,Credit Card,3.0
ORD-002816,CUST-00142,2024-11-01 01:07:00,Germany,Home,2,425.05,0.15,Credit Card,1.0
ORD-004689,CUST-00012,2024-12-29 23:18:00,Italy,Electronics,5,1200.0,0.1,PayPal,
ORD-000811,CUST-00067,2025-10-18 19:22:00,Germany,Home,3,500.0,0.0,Bank Transfer,4.0
ORD-001363,CUST-00527,2025-05-14 11:08:00,Belgium,Sports,3,110.97,0.05,Apple Pay,4.0
ORD-000231,CUST-00695,2024-09-27 14:53:00,Germany,Home,1,87.29,0.05,Credit Card,5.0
ORD-003428,CUST-01326,2024-01-23 17:54:00,Germany,Sports,1,339.54,0.0,Apple Pay,5.0
ORD-004213,CUST-00624,2024-06-05 18:43:00,France,Sports,1,88.54,0.0,PayPal,5.0
ORD-002471,CUST-01339,2025-09-08 16:23:00,Italy,Sports,1,167.18,0.1,Bank Transfer,4.0
ORD-000492,CUST-01302,2025-11-28 05:17:00,Germany,Electronics,2,499.23,0.0,Apple Pay,
ORD-003324,CUST-00959,2024-08-02 01:47:00,Netherlands,Clothing,2,40.89,0.15,Credit Card,4.0
ORD-000997,CUST-00790,2024-01-06 05:14:00,France,Sports,5,273.55,0.1,Apple Pay,3.0
ORD-000777,CUST-00636,2024-10-13 05:15:00,Belgium,Electronics,2,594.09,0.0,Credit Card,5.0
ORD-004248,CUST-00290,2025-02-05 03:52:00,Germany,Home,4,177.66,0.0,PayPal,4.0
ORD-004167,CUST-00694,2025-08-02 13:31:00,Spain,Books,6,17.35,0.1,Bank Transfer,5.0
ORD-002092,CUST-00490,2024-07-10 02:42:00,France,Sports,6,221.26,0.0,PayPal,
ORD-001294,CUST-00007,2024-08-08 10:02:00,Spain,Home,1,500.0,0.05,Credit Card,
ORD-003047,CUST-01092,2024-01-12 16:05:00,Spain,Electronics,1,1200.0,0.1,PayPal,2.0
ORD-004920,CUST-00792,2024-05-08 06:21:00,Germany,Sports,1,400.0,0.05,Credit Card,4.0
ORD-004958,CUST-00561,2024-07-31 03:17:00,France,Electronics,2,1200.0,0.0,Credit Card,5.0
ORD-003708,CUST-01135,2025-04-17 03:13:00,Germany,Electronics,1,498.66,0.0,Credit Card,4.0
ORD-000712,CUST-00784,2025-09-21 00:28:00,Germany,Clothing,2,168.01,0.2,Credit Card,5.0
ORD-000498,CUST-00562,2025-02-10 07:20:00,Spain,Clothing,3,132.73,0.1,Credit Card,3.0
ORD-001832,CUST-01430,2025-01-07 10:12:00,France,Home,6,146.75,0.0,Credit Card,
ORD-004714,CUST-00734,2025-04-07 15:07:00,France,Electronics,5,1163.05,0.0,Credit Card,5.0
ORD-002221,CUST-01419,2024-10-12 16:53:00,Italy,Books,1,43.66,0.0,PayPal,4.0
ORD-003397,CUST-00681,2024-06-08 14:56:00,France,Clothing,2,115.76,0.1,PayPal,5.0
ORD-000590,CUST-01266,2025-02-11 12:12:00,Spain,Books,1,61.62,0.0,Credit Card,3.0
ORD-001527,CUST-00479,2024-04-10 16:27:00,France,Electronics,2,1147.2,0.0,Apple Pay,4.0
ORD-004166,CUST-01021,2025-09-18 00:46:00,Germany,Clothing,1,243.8,0.05,Apple Pay,5.0
ORD-002111,CUST-00422,2025-12-26 16:56:00,Germany,Home,2,500.0,0.0,PayPal,5.0
ORD-004334,CUST-01341,2025-04-14 17:52:00,France,Clothing,1,126.97,0.1,Credit Card,3.0
ORD-004630,CUST-00529,2024-08-06 11:42:00,Germany,Books,1,42.07,0.0,Bank Transfer,4.0
ORD-004613,CUST-01180,2025-04-12 12:25:00,France,Clothing,1,209.17,0.15,Apple Pay,4.0
ORD-002652,CUST-01319,2025-07-31 06:25:00,Italy,Books,1,19.31,0.15,Bank Transfer,
ORD-001109,CUST-01412,2025-01-19 20:18:00,Germany,Sports,2,306.16,0.0,Credit Card,1.0
ORD-000150,CUST-00088,2024-10-26 10:10:00,Spain,Sports,6,176.06,0.05,Credit Card,5.0
ORD-004567,CUST-01057,2025-06-20 00:03:00,Spain,Sports,2,400.0,0.15,Credit Card,3.0
ORD-004874,CUST-00882,2025-07-15 18:18:00,Spain,Electronics,2,648.85,0.2,Bank Transfer,
ORD-003362,CUST-01118,2024-10-07 05:38:00,France,Home,6,135.4,0.0,Credit Card,2.0
ORD-000013,CUST-01104,2025-10-30 13:59:00,France,Books,2,28.99,0.3,PayPal,5.0
ORD-003572,CUST-01264,2024-05-23 07:14:00,France,Home,4,257.98,0.1,PayPal,2.0
ORD-003270,CUST-01475,2025-01-11 05:32:00,Italy,Home,6,260.56,0.05,Bank Transfer,4.0
ORD-001515,CUST-00371,2024-07-08 09:38:00,France,Electronics,2,652.62,0.1,PayPal,2.0
ORD-001785,CUST-01091,2024-06-29 04:36:00,Spain,Home,4,132.71,0.1,Apple Pay,5.0
ORD-003711,CUST-00540,2024-09-30 03:02:00,France,Clothing,4,250.0,0.05,Apple Pay,
ORD-000732,CUST-00628,2025-09-27 17:52:00,France,Home,1,96.56,0.0,Credit Card,4.0
ORD-000752,CUST-00222,2025-10-09 04:40:00,France,Books,7,38.29,0.1,Credit Card,3.0
ORD-004941,CUST-01091,2024-09-26 02:34:00,Spain,Sports,4,400.0,0.1,Credit Card,5.0
ORD-001322,CUST-00413,2025-04-09 20:47:00,France,Home,2,328.62,0.1,Apple Pay,5.0
ORD-003993,CUST-00211,2024-08-02 19:06:00,Spain,Home,4,467.0,0.0,PayPal,2.0
ORD-001860,CUST-01103,2024-08-12 12:36:00,Germany,Books,6,34.47,0.0,Credit Card,2.0
ORD-003560,CUST-00702,2025-06-25 07:19:00,Italy,Books,1,32.35,0.0,Apple Pay,
ORD-002888,CUST-00095,2024-12-27 13:37:00,France,Books,1,28.53,0.0,Credit Card,4.0
ORD-001127,CUST-01282,2025-11-23 11:14:00,Germany,Sports,4,206.66,0.0,Apple Pay,3.0
ORD-004448,CUST-00286,2024-05-05 09:40:00,Spain,Clothing,5,204.49,0.0,Credit Card,4.0
ORD-002128,CUST-00939,2025-02-02 02:06:00,Spain,Books,1,35.34,0.0,Bank Transfer,4.0
ORD-004930,CUST-00333,2025-10-18 08:32:00,Germany,Sports,1,145.24,0.2,Apple Pay,4.0
ORD-001211,CUST-00936,2024-11-20 14:26:00,Spain,Books,3,78.96,0.0,Apple Pay,2.0
ORD-002226,CUST-00930,2025-01-09 21:28:00,France,Clothing,1,148.74,0.05,PayPal,5.0
ORD-001887,CUST-00977,2024-04-17 08:35:00,Netherlands,Home,5,431.18,0.1,Credit Card,4.0
ORD-002043,CUST-01120,2024-07-15 04:55:00,Netherlands,Electronics,1,1200.0,0.0,Credit Card,3.0
ORD-000587,CUST-01035,2024-08-05 22:01:00,Spain,Electronics,1,336.9,0.05,Credit Card,3.0
ORD-004644,CUST-00101,2025-12-14 04:14:00,Italy,Electronics,3,738.33,0.2,Bank Transfer,5.0
ORD-002826,CUST-01264,2025-03-12 05:47:00,Belgium,Sports,3,237.9,0.1,PayPal,5.0
ORD-004184,CUST-01279,2025-05-08 01:10:00,France,Clothing,5,100.81,0.2,PayPal,2.0
ORD-002340,CUST-00140,2025-07-26 02:51:00,Spain,Electronics,2,1200.0,0.0,Credit Card,4.0
ORD-000133,CUST-00136,2025-11-20 09:56:00,Germany,Books,4,46.35,0.05,PayPal,5.0
ORD-001182,CUST-01392,2024-12-15 03:48:00,France,Books,1,79.87,0.1,Bank Transfer,4.0
ORD-001741,CUST-00647,2024-09-12 04:25:00,Spain,Books,2,63.91,0.15,Credit Card,5.0
ORD-000978,CUST-00859,2024-03-07 10:29:00,France,Sports,3,282.92,0.0,Credit Card,
ORD-000678,CUST-00127,2025-07-06 21:36:00,Italy,Electronics,3,1200.0,0.0,Credit Card,3.0
ORD-004379,CUST-00250,2024-08-29 14:42:00,Belgium,Home,1,374.65,0.05,PayPal,
ORD-004708,CUST-00823,2025-05-08 05:08:00,France,Books,2,32.72,0.1,PayPal,5.0
ORD-001118,CUST-00880,2025-02-10 08:36:00,Germany,Sports,1,131.18,0.1,PayPal,5.0
ORD-000288,CUST-00858,2025-03-10 13:12:00,Belgium,Electronics,4,273.77,0.2,Apple Pay,3.0
ORD-001414,CUST-01188,2025-01-09 06:12:00,Spain,Sports,2,175.02,0.0,Credit Card,5.0
ORD-003136,CUST-00024,2024-01-05 12:58:00,Netherlands,Electronics,2,497.65,0.3,Bank Transfer,4.0
ORD-003686,CUST-00232,2025-06-17 07:57:00,France,Electronics,1,557.48,0.0,Apple Pay,5.0
ORD-004193,CUST-01112,2024-11-07 07:51:00,Italy,Clothing,1,62.2,0.15,Bank Transfer,2.0
ORD-001324,CUST-01330,2025-09-23 14:16:00,Belgium,Home,1,409.14,0.0,Credit Card,5.0
ORD-004731,CUST-01378,2024-06-02 11:13:00,Italy,Home,4,258.42,0.05,Credit Card,5.0
ORD-003866,CUST-01165,2024-07-22 22:00:00,France,Electronics,3,655.46,0.0,Bank Transfer,5.0
ORD-001944,CUST-00046,2025-06-15 07:28:00,France,Sports,66,229.78,0.0,Credit Card,4.0
ORD-004294,CUST-00142,2025-11-13 15:08:00,Belgium,Electronics,1,756.72,0.05,PayPal,3.0
ORD-004215,CUST-01028,2024-03-05 09:45:00,France,Home,2,244.32,0.0,Credit Card,5.0
ORD-000843,CUST-01365,2024-08-17 05:48:00,France,Clothing,1,134.41,0.0,Bank Transfer,4.0
ORD-003497,CUST-00155,2024-06-10 18:41:00,France,Electronics,1,295.07,0.0,Apple Pay,4.0
ORD-001293,CUST-00666,2024-08-14 07:20:00,France,Clothing,1,113.55,0.1,Credit Card,4.0
ORD-002693,CUST-01366,2024-01-26 12:55:00,Netherlands,Sports,3,258.15,0.15,Credit Card,4.0
ORD-004544,CUST-00919,2024-05-05 05:56:00,Belgium,Home,2,150.46,0.05,Bank Transfer,5.0
ORD-001766,CUST-01404,2024-12-19 14:53:00,France,Sports,2,135.55,0.0,PayPal,4.0
ORD-004894,CUST-00074,2025-12-06 11:35:00,Belgium,Clothing,5,234.17,0.1,Apple Pay,5.0
ORD-004651,CUST-00597,2024-07-29 23:43:00,Spain,Clothing,8,116.68,0.05,Bank Transfer,4.0
ORD-001056,CUST-01494,2025-06-17 02:18:00,Italy,Sports,2,400.0,0.0,PayPal,2.0
ORD-002582,CUST-00693,2024-02-07 07:58:00,France,Sports,5,281.18,0.0,Credit Card,4.0
ORD-000682,CUST-00207,2025-09-26 20:06:00,Belgium,Clothing,3,103.55,0.1,PayPal,
ORD-003974,CUST-00387,2025-02-07 00:55:00,Germany,Electronics,2,675.64,0.05,Credit Card,5.0
ORD-001418,CUST-00658,2025-03-31 06:50:00,Germany,Home,4,352.18,0.0,PayPal,4.0
ORD-002122,CUST-01430,2024-09-29 20:10:00,Italy,Clothing,5,232.79,0.1,Credit Card,4.0
ORD-004602,CUST-01424,2025-04-29 10:31:00,Belgium,Sports,1,278.44,0.15,Apple Pay,4.0
ORD-002630,CUST-00058,2025-08-17 20:13:00,Italy,Books,1,80.0,0.0,Credit Card,5.0
ORD-002025,CUST-00110,2024-11-27 07:13:00,Spain,Electronics,3,513.6,0.0,PayPal,4.0
ORD-003283,CUST-01455,2025-05-26 11:09:00,Netherlands,Sports,3,298.99,0.0,Credit Card,3.0
ORD-002224,CUST-00635,2025-02-05 05:05:00,Italy,Clothing,1,136.28,0.0,Bank Transfer,3.0
ORD-000970,CUST-00055,2025-06-06 02:04:00,Germany,Home,1,434.71,0.15,Credit Card,1.0
ORD-000229,CUST-00821,2025-02-01 10:45:00,France,Electronics,1,359.48,0.0,Credit Card,3.0
ORD-004517,CUST-00528,2025-05-29 14:01:00,Spain,Electronics,7,398.83,0.0,Credit Card,1.0
ORD-004886,CUST-00304,2024-12-28 20:27:00,Spain,Electronics,1,497.19,0.2,PayPal,4.0
ORD-004679,CUST-00981,2024-10-23 08:18:00,France,Home,1,254.39,0.3,Credit Card,5.0
ORD-004084,CUST-01182,2024-09-07 19:02:00,Germany,Electronics,1,800.08,0.05,Credit Card,2.0
ORD-002687,CUST-00367,2024-06-19 02:17:00,Italy,Clothing,2,95.55,0.15,Credit Card,
ORD-002446,CUST-01342,2024-12-02 23:20:00,France,Clothing,1,104.35,0.0,Credit Card,4.0
ORD-000556,CUST-00757,2024-01-20 01:14:00,Belgium,Home,3,116.46,0.05,Credit Card,4.0
ORD-002058,CUST-01108,2025-11-25 04:34:00,Belgium,,4,337.6,0.1,PayPal,4.0
ORD-000430,CUST-01074,2024-02-16 06:49:00,Spain,Books,1,11.42,0.1,PayPal,5.0
ORD-004604,CUST-01135,2025-06-02 07:36:00,Netherlands,Home,2,353.98,0.3,Bank Transfer,4.0
ORD-003566,CUST-00392,2024-07-28 10:12:00,Italy,Home,1,190.25,0.1,Credit Card,3.0
ORD-004273,CUST-01400,2025-09-27 10:42:00,Belgium,Books,1,36.29,0.1,PayPal,5.0
ORD-003019,CUST-00897,2024-02-28 06:39:00,Germany,Home,3,149.77,0.05,Credit Card,5.0
ORD-003541,CUST-01103,2025-08-01 03:51:00,France,Books,6,49.98,0.0,Bank Transfer,4.0
ORD-004146,CUST-00420,2024-02-11 02:31:00,Belgium,Sports,3,155.4,0.05,PayPal,5.0
ORD-003114,CUST-01396,2024-01-16 04:30:00,France,Clothing,1,247.46,0.0,Credit Card,4.0
ORD-004376,CUST-00877,2024-12-15 04:47:00,Germany,Clothing,1,107.4,0.0,Bank Transfer,5.0
ORD-000291,CUST-01212,2025-07-29 11:44:00,France,Books,4,63.8,0.05,Credit Card,5.0
ORD-003804,CUST-00033,2024-08-07 23:22:00,Spain,Clothing,2,132.32,0.0,PayPal,4.0
ORD-002147,CUST-00265,2025-12-13 02:44:00,Germany,Books,4,34.65,0.0,Credit Card,3.0
ORD-000253,CUST-00283,2024-08-29 12:32:00,Belgium,Sports,1,144.94,0.0,Credit Card,5.0
ORD-004351,CUST-00913,2024-05-26 12:12:00,France,Electronics,4,388.64,0.0,Bank Transfer,1.0
ORD-000351,CUST-00800,2024-10-30 03:23:00,France,Electronics,4,369.09,0.2,Bank Transfer,3.0
ORD-004807,CUST-00702,2024-11-11 14:34:00,Germany,Electronics,2,925.55,0.0,Bank Transfer,5.0
ORD-002528,CUST-01423,2025-06-10 21:55:00,France,Sports,2,63.79,0.2,Credit Card,4.0
ORD-004225,CUST-01173,2025-02-18 15:16:00,Germany,Clothing,3,98.15,0.1,Credit Card,
ORD-000472,CUST-01207,2024-01-03 05:03:00,Spain,Clothing,7,106.85,0.1,Bank Transfer,2.0
ORD-000091,CUST-00653,2024-05-15 10:14:00,Spain,Clothing,4,106.46,0.0,Credit Card,3.0
ORD-001739,CUST-00005,2025-08-24 06:34:00,Germany,Books,1,45.26,0.0,PayPal,5.0
ORD-001437,CUST-00641,2025-04-29 10:47:00,France,Clothing,2,213.64,0.1,Credit Card,5.0
ORD-000692,CUST-01193,2024-06-15 17:35:00,Germany,Electronics,1,1200.0,0.2,Credit Card,4.0
ORD-004887,CUST-01037,2025-05-18 12:16:00,Spain,Clothing,3,124.27,0.0,PayPal,5.0
ORD-000027,CUST-00604,2025-08-12 12:18:00,Netherlands,Clothing,1,97.88,0.15,Credit Card,4.0
ORD-002293,CUST-00353,2025-04-09 15:57:00,France,Sports,1,171.45,0.0,PayPal,5.0
ORD-003642,CUST-01392,2024-07-08 06:41:00,Italy,Electronics,7,619.5,0.1,Credit Card,5.0
ORD-003709,CUST-00739,2024-05-15 13:37:00,Netherlands,Sports,4,244.71,0.0,Bank Transfer,5.0
ORD-000502,CUST-00978,2025-02-08 09:16:00,France,Sports,1,173.85,0.1,PayPal,1.0
ORD-004592,CUST-00060,2025-10-10 08:49:00,Netherlands,Sports,1,237.75,0.0,PayPal,2.0
ORD-001607,CUST-00222,2024-11-28 05:47:00,Spain,Sports,2,228.11,0.0,PayPal,3.0
ORD-002099,CUST-01127,2025-08-25 01:59:00,Belgium,Sports,6,201.53,0.0,Bank Transfer,2.0
ORD-004607,CUST-00361,2025-10-16 15:39:00,France,Sports,4,174.33,0.0,Bank Transfer,5.0
ORD-002978,CUST-01346,2025-02-16 05:32:00,Germany,Sports,2,400.0,0.3,PayPal,3.0
ORD-004033,CUST-00404,2025-11-02 17:44:00,France,Books,4,22.57,0.1,Credit Card,5.0
ORD-001420,CUST-00715,2024-05-22 04:15:00,Netherlands,electronics,6,1059.64,0.0,PayPal,4.0
ORD-000255,CUST-00991,2024-05-22 02:18:00,Spain,Electronics,1,428.18,0.05,Credit Card,3.0
ORD-001898,CUST-01312,2024-02-20 16:43:00,France,Sports,6,331.38,0.0,Credit Card,5.0
ORD-003404,CUST-01477,2025-10-17 00:59:00,Spain,Electronics,6,842.18,0.05,Credit Card,3.0
ORD-001979,CUST-00086,2024-12-04 03:56:00,France,Sports,1,186.94,0.0,Apple Pay,3.0
ORD-004325,CUST-01457,2025-01-02 06:54:00,Germany,Sports,1,128.93,0.0,Credit Card,2.0
ORD-002527,CUST-00703,2024-09-28 21:30:00,Italy,Sports,3,129.8,0.0,Credit Card,5.0
ORD-001273,CUST-01398,2024-09-28 21:45:00,Netherlands,Electronics,4,253.16,0.0,PayPal,5.0
ORD-001452,CUST-00062,2024-03-22 09:07:00,Netherlands,Books,1,80.0,0.0,Bank Transfer,2.0
ORD-001262,CUST-01388,2025-07-09 06:31:00,Belgium,Sports,2,210.24,0.0,PayPal,5.0
ORD-004899,CUST-01136,2024-12-18 09:23:00,France,Electronics,2,1200.0,0.1,Bank Transfer,3.0
ORD-004663,CUST-00233,2024-11-04 14:40:00,Italy,Clothing,2,85.66,0.05,Credit Card,2.0
ORD-000316,CUST-00990,2024-04-03 06:55:00,Belgium,Home,2,315.99,0.0,PayPal,5.0
ORD-002158,CUST-00949,2025-11-27 21:36:00,Italy,Sports,1,399.21,0.1,Bank Transfer,1.0
ORD-001095,CUST-00493,2024-01-01 12:47:00,France,Sports,2,211.81,0.0,PayPal,4.0
ORD-004911,CUST-01421,2025-11-16 10:34:00,France,Electronics,2,737.07,0.0,PayPal,3.0
ORD-001116,CUST-00736,2025-12-28 06:17:00,Germany,Clothing,1,210.04,0.15,Credit Card,5.0
ORD-003611,CUST-00840,2025-07-26 23:43:00,Belgium,Home,6,199.51,0.0,Credit Card,
ORD-003138,CUST-00716,2024-10-21 14:32:00,France,Sports,1,98.3,0.0,Credit Card,5.0
ORD-000070,CUST-00705,2025-07-04 11:01:00,France,Clothing,1,224.34,0.0,Bank Transfer,2.0
ORD-003264,CUST-01293,2025-09-17 22:53:00,France,Clothing,1,95.17,0.0,PayPal,5.0
ORD-004049,CUST-00504,2025-11-24 19:30:00,Germany,Clothing,1,132.67,0.05,Credit Card,4.0
ORD-001659,CUST-01259,2025-02-08 04:12:00,France,Home,3,246.25,0.15,Credit Card,5.0
ORD-004622,CUST-01493,2024-05-30 18:35:00,Germany,Books,1,28.38,0.1,Credit Card,5.0
ORD-003050,CUST-01063,2025-01-22 05:47:00,France,Home,2,233.21,0.0,Bank Transfer,1.0
ORD-003128,CUST-01363,2025-01-19 11:16:00,Spain,Clothing,2,154.83,0.1,Credit Card,3.0
ORD-003874,CUST-00713,2025-12-10 19:53:00,Belgium,Home,1,398.21,0.05,Bank Transfer,5.0
ORD-003729,CUST-00512,2024-03-17 06:52:00,France,Clothing,1,132.8,0.05,Credit Card,3.0
ORD-001500,CUST-01262,2025-09-27 22:06:00,Germany,Clothing,2,66.2,0.05,Credit Card,5.0
ORD-002651,CUST-01321,2024-01-06 01:54:00,France,Electronics,4,1195.09,0.05,Bank Transfer,5.0
ORD-003655,CUST-01003,2024-04-17 21:27:00,France,Sports,3,190.39,0.0,Bank Transfer,3.0
ORD-001345,CUST-00281,2025-04-17 10:51:00,Spain,Home,4,164.55,0.2,Credit Card,5.0
ORD-002881,CUST-00061,2024-09-25 15:58:00,France,Clothing,2,115.74,0.0,Credit Card,4.0
ORD-001102,CUST-00704,2025-01-28 07:26:00,France,Clothing,2,164.16,0.0,Credit Card,5.0
ORD-000388,CUST-01247,2024-06-11 05:06:00,Spain,Electronics,1,1200.0,0.0,PayPal,4.0
ORD-004991,CUST-00974,2025-07-05 23:37:00,Belgium,Home,7,268.55,0.15,PayPal,5.0
ORD-002896,CUST-00806,2025-06-12 03:20:00,Spain,Sports,1,180.24,0.1,Apple Pay,5.0
ORD-003248,CUST-00134,2024-08-05 01:50:00,France,Home,5,500.0,0.1,Apple Pay,5.0
ORD-003602,CUST-00916,2025-03-31 19:56:00,France,Clothing,3,203.43,0.0,Credit Card,
ORD-001913,CUST-00005,2024-02-01 19:01:00,Netherlands,Clothing,2,182.74,0.1,PayPal,4.0
ORD-000411,CUST-00262,2024-12-13 15:09:00,Germany,Sports,1,194.03,0.0,Credit Card,3.0
ORD-000585,CUST-00607,2025-03-23 00:39:00,Germany,Books,3,26.59,0.0,Credit Card,4.0
ORD-000110,CUST-01058,2024-06-28 04:29:00,Germany,Books,1,80.0,0.05,Credit Card,5.0
ORD-002526,CUST-00486,2025-12-09 06:20:00,France,Clothing,3,123.26,0.0,PayPal,5.0
ORD-002743,CUST-00769,2024-05-01 02:10:00,France,Electronics,6,779.71,0.1,Credit Card,4.0
ORD-003482,CUST-00369,2025-09-23 06:03:00,France,Clothing,5,68.11,0.0,PayPal,3.0
ORD-004970,CUST-01224,2024-12-21 07:40:00,Netherlands,Electronics,1,1200.0,0.1,Credit Card,1.0
ORD-002624,CUST-01386,2025-03-13 15:23:00,Spain,Home,1,223.81,0.0,Credit Card,4.0
ORD-001169,CUST-01498,2024-04-21 04:27:00,Italy,Clothing,4,134.87,0.1,Credit Card,5.0
ORD-000469,CUST-00273,2025-08-17 22:44:00,Germany,Electronics,6,1200.0,0.0,Credit Card,3.0
ORD-000830,CUST-00044,2025-01-08 00:05:00,Germany,Electronics,6,1200.0,0.15,Credit Card,3.0
ORD-001619,CUST-00183,2025-04-24 11:19:00,France,Home,3,204.15,0.0,PayPal,5.0
ORD-003016,CUST-00690,2024-09-03 22:28:00,France,Home,2,180.72,0.1,Credit Card,
ORD-001962,CUST-01483,2025-08-16 03:49:00,France,Home,6,229.29,0.05,PayPal,
ORD-000487,CUST-00502,2024-09-10 11:10:00,France,Electronics,7,1200.0,0.1,PayPal,4.0
ORD-001635,CUST-00623,2024-07-26 17:37:00,Germany,Home,1,500.0,0.2,Bank Transfer,
ORD-000743,CUST-00952,2024-01-12 21:54:00,France,Books,1,29.59,0.3,Credit Card,5.0
ORD-004425,CUST-00472,2024-03-21 11:48:00,France,Clothing,1,109.68,0.2,PayPal,5.0
ORD-000908,CUST-00260,2024-12-09 19:01:00,France,Electronics,5,1200.0,0.1,Credit Card,1.0
ORD-002866,CUST-00053,2024-05-18 02:33:00,Belgium,Home,2,295.73,0.0,Credit Card,3.0
ORD-003290,CUST-00279,2024-04-08 21:00:00,Netherlands,Sports,1,92.68,0.0,Credit Card,4.0
ORD-000890,CUST-00407,2024-12-09 06:17:00,France,Electronics,3,384.26,0.05,Credit Card,5.0
ORD-003527,CUST-00200,2025-12-20 05:21:00,Italy,Electronics,5,713.73,0.0,PayPal,
ORD-003937,CUST-00786,2025-05-17 22:58:00,Belgium,Electronics,3,604.83,0.0,Credit Card,4.0
ORD-000178,CUST-00242,2025-11-21 12:26:00,Italy,Electronics,4,867.99,0.0,PayPal,2.0
ORD-002911,CUST-00169,2024-08-10 08:17:00,Germany,Books,2,48.27,0.0,Apple Pay,5.0
ORD-003275,CUST-00365,2024-08-04 17:43:00,Spain,Electronics,2,595.99,0.0,Bank Transfer,5.0
ORD-000081,CUST-01411,2024-09-13 21:54:00,Germany,Clothing,3,232.6,0.05,PayPal,3.0
ORD-004878,CUST-00656,2024-05-07 04:01:00,Germany,Home,2,132.57,0.05,Bank Transfer,4.0
ORD-002551,CUST-00982,2024-09-30 04:50:00,Germany,Clothing,4,250.0,0.3,Bank Transfer,5.0
ORD-004221,CUST-00168,2024-01-12 01:39:00,Germany,Electronics,1,874.51,0.0,Credit Card,4.0
ORD-002618,CUST-00079,2024-01-17 06:06:00,Germany,Electronics,2,786.49,0.1,Credit Card,5.0
ORD-002901,CUST-00762,2024-09-10 23:50:00,France,Clothing,1,136.15,0.0,PayPal,5.0
ORD-003236,CUST-00857,2025-11-27 16:34:00,France,Home,1,177.17,0.05,Bank Transfer,5.0
ORD-000222,CUST-00684,2024-11-25 13:27:00,Italy,Home,4,500.0,0.2,Apple Pay,5.0
ORD-000094,CUST-00582,2024-05-25 17:42:00,Spain,Books,1,42.32,0.1,PayPal,4.0
ORD-002628,CUST-00007,2024-12-27 16:54:00,France,Sports,2,173.18,0.0,PayPal,4.0
ORD-000928,CUST-00453,2024-04-14 20:39:00,Belgium,Home,2,418.69,0.0,Credit Card,5.0
ORD-003966,CUST-01278,2025-05-12 07:06:00,Netherlands,Sports,3,120.84,0.2,PayPal,4.0
ORD-001559,CUST-01493,2024-10-21 00:49:00,Italy,Clothing,3,96.4,0.0,Credit Card,5.0
ORD-003382,CUST-01181,2025-11-25 14:04:00,Germany,Electronics,4,1200.0,0.0,Apple Pay,5.0
ORD-002108,CUST-00208,2024-11-01 12:00:00,France,Electronics,1,817.08,0.1,Credit Card,5.0
ORD-001057,CUST-00675,2024-12-08 12:52:00,France,Sports,5,322.62,0.0,Credit Card,4.0
ORD-003054,CUST-00537,2025-11-29 18:48:00,Germany,Electronics,5,1130.13,0.0,Credit Card,5.0
ORD-003693,CUST-00293,2025-11-18 02:12:00,France,Home,2,254.51,0.1,Credit Card,3.0
ORD-000813,CUST-01027,2025-08-15 22:35:00,France,Clothing,1,69.19,0.0,PayPal,5.0
ORD-003932,CUST-00113,2025-02-04 17:45:00,Spain,Home,2,131.8,0.2,Apple Pay,4.0
ORD-001874,CUST-01413,2024-07-24 09:25:00,France,Sports,4,78.67,0.1,Credit Card,3.0
ORD-004576,CUST-01147,2025-04-05 13:30:00,France,Electronics,1,710.11,0.0,Credit Card,4.0
ORD-002592,CUST-00568,2024-07-20 03:07:00,Belgium,Clothing,2,43.98,0.1,Credit Card,4.0
ORD-001865,CUST-01253,2024-07-25 23:38:00,Germany,Sports,3,211.65,0.1,PayPal,4.0
ORD-002941,CUST-01073,2024-11-15 17:14:00,Spain,Home,1,232.79,0.0,PayPal,
ORD-003426,CUST-01470,2025-11-24 13:34:00,France,Electronics,1,873.39,0.0,PayPal,1.0
ORD-002928,CUST-00482,2025-03-30 11:19:00,France,Sports,3,196.06,0.15,PayPal,
ORD-000600,CUST-00964,2025-05-20 11:38:00,Belgium,Home,2,158.99,0.3,Credit Card,4.0
ORD-002005,CUST-01197,2024-01-23 04:28:00,France,Home,3,249.04,0.0,Bank Transfer,
ORD-004735,CUST-01242,2025-07-03 04:13:00,Spain,Home,1,495.21,0.0,Credit Card,
ORD-000878,CUST-01118,2024-10-12 23:25:00,Germany,Sports,6,107.48,0.0,Credit Card,5.0
ORD-004145,CUST-00194,2024-09-27 04:35:00,Spain,Home,2,384.6,0.1,Credit Card,5.0
ORD-001651,CUST-00285,2024-10-26 09:03:00,Germany,Clothing,4,199.5,0.1,Credit Card,3.0
ORD-001413,CUST-00376,2025-02-10 10:38:00,Italy,Home,4,256.85,0.05,Bank Transfer,2.0
ORD-004861,CUST-00089,2025-03-28 05:50:00,France,Electronics,3,1005.23,0.0,PayPal,5.0
ORD-001695,CUST-00241,2024-06-08 03:10:00,France,Sports,2,203.98,0.0,PayPal,5.0
ORD-001783,CUST-00036,2025-11-20 01:44:00,Spain,Electronics,2,893.43,0.1,Credit Card,5.0
ORD-002655,CUST-01277,2024-03-12 11:59:00,France,Electronics,4,722.64,0.15,PayPal,4.0
ORD-001719,CUST-00620,2024-12-13 03:06:00,Spain,Home,2,259.9,0.0,Credit Card,4.0
ORD-002120,CUST-01053,2025-07-05 09:22:00,France,Books,2,26.05,0.1,Bank Transfer,3.0
ORD-002846,CUST-00685,2024-12-13 11:49:00,Germany,Clothing,3,250.0,0.0,Credit Card,3.0
ORD-004017,CUST-00407,2024-09-20 03:03:00,Germany,Home,4,500.0,0.1,Credit Card,3.0
ORD-000220,CUST-01354,2025-08-16 12:44:00,Spain,Home,6,489.34,0.0,PayPal,2.0
ORD-001685,CUST-00538,2025-07-30 10:25:00,Belgium,Clothing,1,118.46,0.1,Bank Transfer,3.0
ORD-003911,CUST-00349,2025-10-16 23:51:00,Spain,Electronics,8,1021.0,0.0,Credit Card,
ORD-000725,CUST-01179,2025-12-26 09:06:00,Netherlands,Sports,2,400.0,0.3,Bank Transfer,4.0
ORD-002795,CUST-00104,2025-07-19 01:11:00,France,Home,1,185.4,0.2,Credit Card,5.0
ORD-002482,CUST-01291,2024-06-06 06:33:00,Spain,Electronics,2,363.42,0.0,PayPal,4.0
ORD-004526,CUST-00688,2025-02-13 23:24:00,Spain,Books,2,61.19,0.0,Credit Card,5.0
ORD-000044,CUST-00532,2025-03-17 07:23:00,Spain,Home,1,496.85,0.05,Credit Card,5.0
ORD-001039,CUST-00656,2024-08-15 22:07:00,Spain,Home,1,418.73,0.0,Credit Card,5.0
ORD-000211,CUST-00392,2024-12-14 13:31:00,France,Books,5,32.55,0.1,Credit Card,2.0
ORD-002324,CUST-00979,2025-05-02 16:21:00,Germany,Electronics,1,1200.0,0.0,Credit Card,5.0
ORD-000355,CUST-01455,2024-10-03 01:22:00,Germany,Electronics,1,965.54,0.0,Bank Transfer,3.0
ORD-004849,CUST-00230,2024-03-01 17:21:00,France,Books,6,40.87,0.1,Credit Card,3.0
ORD-001085,CUST-00301,2024-01-30 12:48:00,France,Books,3,26.4,0.1,Apple Pay,1.0
ORD-004430,CUST-01384,2025-05-09 13:02:00,Spain,Sports,4,400.0,0.15,PayPal,5.0
ORD-002766,CUST-00802,2024-01-19 22:54:00,France,Clothing,3,121.93,0.1,Credit Card,4.0
ORD-000368,CUST-00474,2025-10-10 11:05:00,Germany,Home,1,500.0,0.05,Credit Card,4.0
ORD-003825,CUST-00891,2025-12-21 22:19:00,France,Electronics,5,617.27,0.15,Credit Card,4.0
ORD-003741,CUST-00338,2025-02-11 07:39:00,Germany,Books,5,80.0,0.0,Credit Card,4.0
ORD-003859,CUST-00489,2024-10-11 21:04:00,Germany,Electronics,3,258.43,0.1,PayPal,3.0
ORD-000136,CUST-00456,2024-10-10 17:48:00,France,Home,1,143.98,0.0,Credit Card,5.0
ORD-000806,CUST-01172,2025-05-04 19:26:00,,Books,8,29.67,0.15,Credit Card,
ORD-000048,CUST-01340,2024-01-12 15:33:00,Germany,Clothing,1,118.76,0.15,Credit Card,1.0
ORD-000788,CUST-01030,2025-06-23 00:10:00,France,Clothing,1,156.65,0.1,PayPal,5.0
ORD-002520,CUST-01496,2025-07-02 10:03:00,France,Books,2,80.0,0.0,Credit Card,4.0
ORD-002035,CUST-01480,2025-12-11 01:19:00,France,Clothing,2,95.69,0.0,Credit Card,5.0
ORD-004978,CUST-00167,2024-01-08 01:22:00,Spain,Clothing,1,24.79,0.1,Credit Card,1.0
ORD-002003,CUST-00597,2024-12-07 15:20:00,France,Electronics,1,755.06,0.1,Credit Card,2.0
ORD-001615,CUST-00091,2025-04-26 03:43:00,Belgium,Clothing,2,67.06,0.05,Credit Card,4.0
ORD-000062,CUST-01118,2025-10-14 18:39:00,Germany,Sports,1,237.21,0.05,PayPal,4.0
ORD-003257,CUST-00260,2025-01-19 02:13:00,Germany,Clothing,2,82.34,0.1,Apple Pay,4.0
ORD-001698,CUST-00225,2025-12-31 14:13:00,Germany,Electronics,1,390.16,0.1,Bank Transfer,
ORD-000096,CUST-00433,2025-02-24 06:51:00,Spain,Sports,1,277.46,0.15,Credit Card,4.0
ORD-000479,CUST-00996,2025-03-22 00:49:00,France,Electronics,2,523.06,0.1,Credit Card,5.0
ORD-004293,CUST-00740,2025-03-09 10:18:00,Spain,Home,1,158.32,0.05,Credit Card,1.0
ORD-003918,CUST-01275,2025-02-25 05:43:00,Spain,Home,2,304.37,0.0,Credit Card,3.0
ORD-001996,CUST-00004,2024-06-22 20:19:00,Italy,Electronics,2,309.53,0.2,Credit Card,4.0
ORD-004226,CUST-00267,2025-06-18 22:10:00,Netherlands,Home,2,250.72,0.0,Credit Card,3.0
ORD-004642,CUST-00049,2024-01-19 02:16:00,Italy,Clothing,5,237.7,0.05,PayPal,5.0
ORD-002634,CUST-00845,2025-07-10 02:17:00,Germany,Sports,1,133.61,0.15,Bank Transfer,5.0
ORD-000323,CUST-00922,2025-06-08 14:11:00,France,Clothing,4,124.46,0.0,Apple Pay,3.0
ORD-001129,CUST-00835,2025-12-28 13:36:00,France,Clothing,2,101.77,0.05,Credit Card,4.0
ORD-002232,CUST-00105,2025-11-19 21:13:00,Netherlands,Sports,2,262.74,0.1,Credit Card,5.0
ORD-002860,CUST-00670,2025-07-08 05:50:00,Spain,Books,1,57.02,0.1,Bank Transfer,2.0
ORD-001508,CUST-00720,2025-01-01 20:30:00,France,Electronics,3,462.2,0.0,PayPal,5.0
ORD-001426,CUST-01222,2025-05-19 04:10:00,Spain,Electronics,2,1200.0,0.2,Bank Transfer,4.0
ORD-001744,CUST-00035,2024-03-26 00:55:00,France,Home,4,500.0,0.15,Credit Card,5.0
ORD-004534,CUST-01128,2024-03-10 07:47:00,France,Books,6,70.15,0.1,Credit Card,5.0
ORD-003485,CUST-00612,2025-10-21 02:22:00,Germany,Books,2,77.34,0.0,Credit Card,2.0
ORD-000292,CUST-00401,2024-08-23 17:05:00,Italy,Electronics,3,919.39,0.05,Credit Card,2.0
ORD-001871,CUST-00065,2024-09-19 15:02:00,France,Sports,4,196.07,0.1,Credit Card,4.0
ORD-000912,CUST-00276,2025-02-16 00:15:00,Spain,Home,3,331.47,0.2,Credit Card,3.0
ORD-000534,CUST-00428,2024-01-20 03:56:00,Italy,Sports,1,72.66,0.1,Apple Pay,5.0
ORD-004787,CUST-00842,2024-03-26 09:32:00,Belgium,Clothing,1,191.43,0.0,PayPal,5.0
ORD-001097,CUST-01254,2025-01-08 11:25:00,France,Clothing,6,189.25,0.2,PayPal,1.0
ORD-001667,CUST-01128,2025-02-17 14:20:00,Italy,Books,2,66.72,0.1,PayPal,3.0
ORD-003610,CUST-01013,2025-09-30 22:54:00,France,Sports,4,106.19,0.0,Credit Card,3.0
ORD-002289,CUST-01405,2025-09-16 07:35:00,Netherlands,Clothing,1,127.45,0.0,Credit Card,
ORD-002169,CUST-01405,2024-08-01 18:19:00,France,Books,8,52.95,0.0,PayPal,
ORD-003941,CUST-00818,2025-11-26 16:08:00,Italy,Clothing,2,98.01,0.0,Bank Transfer,4.0
ORD-004546,CUST-01132,2024-09-03 22:46:00,Spain,Sports,3,400.0,0.0,Credit Card,4.0
ORD-003786,CUST-00831,2025-02-21 17:32:00,Italy,Electronics,3,339.43,0.05,Credit Card,4.0
ORD-001407,CUST-00521,2024-03-18 23:09:00,Spain,Clothing,2,250.0,0.05,Credit Card,5.0
ORD-002496,CUST-00309,2024-01-28 04:47:00,Belgium,Clothing,4,208.98,0.1,Credit Card,4.0
ORD-002765,CUST-00307,2024-01-12 01:17:00,Germany,Electronics,2,491.74,0.05,Bank Transfer,1.0
ORD-003990,CUST-00713,2025-02-06 09:46:00,France,Electronics,4,554.74,0.1,Bank Transfer,4.0
ORD-002390,CUST-01310,2024-03-01 22:05:00,Italy,Sports,4,193.98,0.1,PayPal,5.0
ORD-003064,CUST-00191,2025-05-09 00:15:00,Netherlands,Clothing,4,250.0,0.05,Bank Transfer,5.0
ORD-004597,CUST-01349,2024-05-06 17:12:00,France,Clothing,3,55.05,0.0,Apple Pay,4.0
ORD-003044,CUST-00795,2024-10-02 03:48:00,Italy,Clothing,4,49.28,0.05,Credit Card,5.0
ORD-003666,CUST-00676,2024-12-16 04:13:00,France,Home,2,158.61,0.0,Credit Card,5.0
ORD-004882,CUST-01497,2025-10-28 16:32:00,Italy,Clothing,6,98.54,0.0,Bank Transfer,
ORD-004540,CUST-01305,2024-09-07 22:38:00,Italy,Home,3,170.77,0.0,Credit Card,3.0
ORD-004936,CUST-00891,2025-06-04 21:30:00,France,Sports,2,97.71,0.1,PayPal,5.0
ORD-000634,CUST-00570,2025-08-23 00:41:00,Spain,Sports,5,150.52,0.05,Credit Card,4.0
ORD-002949,CUST-00797,2025-03-04 10:27:00,France,Electronics,2,587.23,0.15,PayPal,2.0
ORD-004530,CUST-00844,2024-03-01 05:09:00,France,Home,5,167.88,0.15,Credit Card,3.0
ORD-003165,CUST-00193,2024-04-14 21:00:00,France,Clothing,1,121.52,0.1,PayPal,5.0
ORD-003685,CUST-01464,2025-06-09 09:53:00,France,Sports,3,400.0,0.0,PayPal,3.0
ORD-003319,CUST-00384,2024-11-17 06:21:00,Italy,Clothing,1,250.0,0.05,PayPal,5.0
ORD-004918,CUST-00410,2024-09-18 03:49:00,France,Sports,1,83.9,0.1,Bank Transfer,5.0
ORD-002255,CUST-00443,2024-06-05 05:29:00,,Home,3,350.66,0.0,Bank Transfer,2.0
ORD-001205,CUST-00977,2024-10-12 13:10:00,France,Home,6,178.63,0.0,PayPal,4.0
ORD-003271,CUST-00248,2025-08-14 00:01:00,France,Electronics,1,623.07,0.2,Bank Transfer,2.0
ORD-002620,CUST-01419,2024-12-07 22:08:00,Netherlands,Electronics,3,419.13,0.2,Credit Card,5.0
ORD-002857,CUST-00853,2025-02-26 15:05:00,France,Books,1,52.54,0.15,Credit Card,5.0
ORD-003348,CUST-00193,2024-02-13 12:21:00,Italy,Books,7,51.87,0.1,PayPal,5.0
ORD-001963,CUST-00214,2024-01-02 17:16:00,Italy,Clothing,1,134.06,0.0,Bank Transfer,2.0
ORD-004337,CUST-01136,2025-04-28 00:47:00,Germany,Books,1,71.64,0.15,PayPal,2.0
ORD-001533,CUST-01400,2025-05-11 20:33:00,France,Books,3,80.0,0.15,Apple Pay,3.0
ORD-003297,CUST-00318,2025-06-08 01:44:00,Germany,Clothing,2,110.45,0.0,Credit Card,5.0
ORD-000071,CUST-01194,2024-03-15 03:27:00,Germany,Electronics,1,710.49,0.0,PayPal,5.0
ORD-001771,CUST-00508,2024-09-16 00:25:00,Germany,,8,179.99,0.1,Credit Card,2.0
ORD-001145,CUST-00497,2024-03-01 16:20:00,France,Books,4,20.5,0.0,PayPal,
ORD-004340,CUST-00754,2025-05-23 15:01:00,Germany,Books,2,23.92,0.0,Credit Card,3.0
ORD-003259,CUST-00847,2025-07-21 03:28:00,France,Clothing,5,141.21,0.2,PayPal,4.0
ORD-003177,CUST-00922,2025-07-07 13:09:00,Germany,Electronics,1,1042.62,0.0,Bank Transfer,5.0
ORD-004721,CUST-00859,2024-06-17 17:13:00,Belgium,Clothing,3,39.48,0.1,Credit Card,5.0
ORD-002298,CUST-00737,2024-07-12 04:03:00,France,Clothing,5,66.62,0.15,Credit Card,5.0
ORD-004407,CUST-00389,2025-10-26 09:40:00,France,Books,1,80.0,0.0,Credit Card,3.0
ORD-002332,CUST-01292,2025-02-28 22:48:00,Spain,Clothing,1,75.02,0.0,Bank Transfer,4.0
ORD-001201,CUST-01319,2025-08-22 11:15:00,Italy,Electronics,1,1150.11,0.1,Credit Card,5.0
ORD-001406,CUST-00234,2024-06-08 17:06:00,Germany,Clothing,1,115.93,0.05,Credit Card,4.0
ORD-001445,CUST-00210,2025-04-13 19:56:00,France,Electronics,3,823.92,0.05,PayPal,5.0
ORD-002155,CUST-01057,2025-03-09 21:08:00,Italy,Sports,1,138.86,0.1,Credit Card,5.0
ORD-002695,CUST-01403,2024-05-15 05:09:00,Germany,Clothing,3,172.18,0.0,Credit Card,5.0
ORD-000894,CUST-01471,2024-07-25 08:40:00,Germany,Home,5,500.0,0.0,Credit Card,5.0
ORD-003775,CUST-00646,2025-02-20 13:11:00,Belgium,Home,1,297.62,0.05,Credit Card,4.0
ORD-004239,CUST-01140,2024-01-09 22:57:00,Spain,Clothing,3,176.86,0.15,Credit Card,5.0
ORD-004240,CUST-00361,2024-07-04 07:12:00,France,Home,1,500.0,0.2,PayPal,3.0
ORD-002074,CUST-00514,2025-06-02 14:02:00,France,Clothing,3,67.88,0.05,PayPal,5.0
ORD-002243,CUST-00679,2025-05-22 17:59:00,Germany,Electronics,1,476.82,0.0,Credit Card,5.0
ORD-001042,CUST-01285,2025-05-29 18:09:00,France,Clothing,2,112.47,0.0,Bank Transfer,5.0
ORD-002178,CUST-00721,2024-10-29 22:21:00,Belgium,Books,1,80.0,0.1,Credit Card,4.0
ORD-000747,CUST-00799,2024-07-26 23:30:00,Germany,Home,1,484.45,0.0,Credit Card,5.0
ORD-000735,CUST-00313,2024-07-12 03:00:00,France,Books,1,39.11,0.0,Credit Card,3.0
ORD-001906,CUST-00368,2024-10-31 15:21:00,Italy,Electronics,2,373.37,0.0,Bank Transfer,3.0
ORD-004065,CUST-01135,2025-12-19 15:49:00,Germany,Clothing,3,66.28,0.15,Bank Transfer,5.0
ORD-001936,CUST-00246,2024-10-07 17:08:00,Spain,Home,4,435.66,0.0,Credit Card,5.0
ORD-002245,CUST-01067,2024-09-27 19:28:00,Belgium,Books,4,65.24,0.0,Apple Pay,
ORD-001594,CUST-00029,2025-12-31 07:13:00,Spain,Electronics,2,675.33,0.0,Credit Card,5.0
ORD-003626,CUST-01115,2024-06-16 01:12:00,Spain,,5,82.44,0.2,Credit Card,5.0
ORD-001704,CUST-00300,2025-08-20 13:16:00,Germany,Home,2,411.78,0.0,Apple Pay,2.0
ORD-001472,CUST-01048,2024-03-04 12:25:00,France,Books,3,27.48,0.0,Credit Card,5.0
ORD-002723,CUST-00171,2024-06-24 04:20:00,France,Books,1,13.47,0.0,Credit Card,
ORD-003621,CUST-01495,2025-08-03 07:04:00,Spain,Electronics,1,877.87,0.15,Credit Card,4.0
ORD-001542,CUST-00363,2025-05-12 20:30:00,France,Clothing,1,48.99,0.05,Bank Transfer,5.0
ORD-000234,CUST-01138,2024-10-02 14:22:00,France,Home,3,134.68,0.0,Credit Card,5.0
ORD-004581,CUST-00292,2024-05-30 21:58:00,Italy,Electronics,3,637.21,0.0,Apple Pay,4.0
ORD-002410,CUST-00040,2025-11-26 13:24:00,Spain,Books,2,68.19,0.3,Credit Card,5.0
ORD-000416,CUST-01017,2024-08-30 18:27:00,Netherlands,Electronics,3,1200.0,0.15,Credit Card,3.0
ORD-001371,CUST-01322,2024-04-22 17:51:00,France,Clothing,2,134.69,0.2,PayPal,5.0
ORD-000656,CUST-00800,2025-09-04 21:33:00,France,Home,2,174.87,0.05,Bank Transfer,5.0
ORD-001599,CUST-01268,2025-12-22 12:37:00,Italy,Books,2,13.17,0.05,PayPal,5.0
ORD-004036,CUST-00049,2025-08-07 13:42:00,Spain,Home,1,496.1,0.0,Credit Card,
ORD-000018,CUST-00193,2024-04-20 23:54:00,Italy,Sports,2,246.56,0.05,Credit Card,4.0
ORD-001221,CUST-00975,2025-11-19 02:38:00,Germany,Electronics,1,500.17,0.0,Credit Card,3.0
ORD-001727,CUST-01425,2025-08-29 06:49:00,Germany,Sports,4,136.66,0.0,Credit Card,5.0
ORD-002368,CUST-00265,2024-11-11 03:32:00,France,Electronics,1,858.73,0.15,Credit Card,5.0
ORD-000597,CUST-00870,2024-06-29 17:51:00,France,Electronics,5,701.17,0.0,PayPal,5.0
ORD-003952,CUST-00330,2025-07-31 13:14:00,Italy,Clothing,1,236.57,0.0,Apple Pay,5.0
ORD-002493,CUST-01395,2024-03-03 20:29:00,Germany,Books,4,24.13,0.0,Credit Card,3.0
ORD-000965,CUST-01424,2024-08-23 05:44:00,Germany,Clothing,3,100.65,0.0,Apple Pay,4.0
ORD-002173,CUST-01496,2024-11-11 05:01:00,France,Clothing,5,235.74,0.0,Credit Card,1.0
ORD-001434,CUST-00844,2024-12-04 04:50:00,Belgium,Sports,1,172.51,0.05,PayPal,4.0
ORD-002347,CUST-00491,2025-05-29 22:27:00,France,Home,3,450.63,0.0,Credit Card,5.0
ORD-000372,CUST-00993,2025-03-27 04:09:00,France,Electronics,1,825.83,0.0,Credit Card,2.0
ORD-001362,CUST-00101,2024-01-22 09:59:00,Germany,Clothing,4,84.46,0.0,Credit Card,4.0
ORD-000599,CUST-00942,2025-06-17 02:04:00,France,Home,4,338.32,0.0,Apple Pay,5.0
ORD-000239,CUST-00464,2025-11-30 10:11:00,Germany,Books,5,39.27,0.3,Apple Pay,5.0
ORD-004278,CUST-01148,2024-07-11 16:32:00,France,Clothing,3,247.95,0.0,Credit Card,4.0
ORD-003839,CUST-01440,2025-03-17 05:39:00,Germany,Electronics,2,446.04,0.0,Apple Pay,4.0
ORD-001591,CUST-01104,2024-04-03 20:49:00,Germany,Sports,2,161.87,0.15,PayPal,3.0
ORD-001809,CUST-00135,2024-04-13 23:45:00,France,Home,2,207.45,0.0,Credit Card,3.0
ORD-003640,CUST-00930,2024-03-17 07:56:00,France,Sports,5,110.67,0.0,Credit Card,3.0
ORD-004914,CUST-00910,2025-11-07 19:02:00,Germany,Books,3,28.5,0.0,Credit Card,5.0
ORD-003889,CUST-00210,2025-12-02 01:42:00,Spain,Home,3,269.92,0.0,PayPal,3.0
ORD-004462,CUST-00509,2024-08-01 22:31:00,Spain,Books,1,23.02,0.0,Credit Card,5.0
ORD-004674,CUST-01303,2024-02-23 03:35:00,Germany,Electronics,6,1200.0,0.05,Credit Card,4.0
ORD-003318,CUST-00599,2025-01-16 00:28:00,France,Sports,2,262.0,0.2,Credit Card,4.0
ORD-004020,CUST-01032,2025-07-01 17:15:00,Belgium,Electronics,1,1200.0,0.0,Credit Card,2.0
ORD-000722,CUST-01397,2025-08-01 15:24:00,France,Electronics,2,651.06,0.05,Bank Transfer,4.0
ORD-000839,CUST-00022,2024-07-25 06:00:00,France,Sports,5,192.73,0.05,PayPal,5.0
ORD-001546,CUST-00886,2024-12-31 23:32:00,Spain,Clothing,1,74.07,0.15,Credit Card,4.0
ORD-001171,CUST-00944,2025-05-09 01:50:00,France,Books,2,80.0,0.2,Credit Card,4.0
ORD-004267,CUST-00527,2025-09-28 04:05:00,Belgium,Sports,2,150.41,0.1,Credit Card,5.0
ORD-000829,CUST-01296,2024-01-20 20:48:00,Spain,Books,2,64.92,0.0,Credit Card,4.0
ORD-003278,CUST-00369,2025-09-02 10:12:00,Netherlands,Books,3,32.14,0.0,Credit Card,5.0
ORD-001745,CUST-00316,2024-05-11 14:48:00,Germany,Electronics,2,543.87,0.0,PayPal,5.0
ORD-005000,CUST-00748,2024-09-29 08:28:00,Belgium,Electronics,3,429.45,0.05,PayPal,3.0
ORD-001210,CUST-01445,2025-08-22 06:00:00,France,Electronics,1,1200.0,0.1,Bank Transfer,
ORD-003451,CUST-00712,2024-02-08 12:16:00,Germany,Electronics,3,1200.0,0.05,Apple Pay,3.0
ORD-000622,CUST-00717,2025-02-11 21:59:00,Germany,Clothing,3,146.27,0.0,Credit Card,3.0
ORD-002315,CUST-00341,2024-10-11 01:44:00,Spain,Home,2,210.6,0.0,Credit Card,5.0
ORD-003654,CUST-00774,2024-11-20 16:23:00,Germany,Electronics,3,683.54,0.1,Credit Card,4.0
ORD-000567,CUST-00343,2024-08-28 09:53:00,France,Books,2,32.39,0.1,PayPal,3.0
ORD-001488,CUST-00002,2024-08-19 09:54:00,Belgium,Sports,2,76.64,0.0,PayPal,4.0
ORD-003129,CUST-00757,2025-05-20 13:03:00,Spain,Sports,1,149.07,0.0,PayPal,3.0
ORD-004270,CUST-00757,2024-09-08 08:56:00,Germany,Electronics,2,316.91,0.15,Credit Card,4.0
ORD-000052,CUST-00292,2025-05-24 19:51:00,France,Books,3,45.97,0.05,Credit Card,4.0
ORD-004638,CUST-00745,2024-04-10 14:12:00,Spain,Sports,2,376.3,0.15,Credit Card,5.0
ORD-003961,CUST-01421,2025-06-07 18:40:00,Netherlands,Electronics,1,1200.0,0.05,Credit Card,5.0
ORD-002758,CUST-00952,2024-07-11 11:07:00,France,Sports,5,126.03,0.0,Credit Card,5.0
ORD-003291,CUST-00606,2024-11-07 10:59:00,Italy,Clothing,2,250.0,0.2,Credit Card,3.0
ORD-000535,CUST-00867,2024-12-13 07:26:00,France,Books,2,23.67,0.3,Apple Pay,4.0
ORD-004408,CUST-00279,2025-12-20 00:21:00,Spain,Electronics,1,838.27,0.15,Bank Transfer,5.0
ORD-002105,CUST-01307,2025-05-31 21:47:00,Spain,Electronics,1,483.55,0.15,PayPal,4.0
ORD-000444,CUST-00733,2025-03-15 01:41:00,Spain,Clothing,2,194.48,0.1,Bank Transfer,4.0
ORD-002253,CUST-00366,2024-01-16 17:58:00,Italy,Sports,3,305.58,0.0,Credit Card,1.0
ORD-000196,CUST-00132,2025-06-24 05:59:00,Netherlands,Books,3,57.93,0.1,Apple Pay,2.0
ORD-003627,CUST-01157,2024-03-04 14:58:00,Italy,Clothing,1,250.0,0.0,Bank Transfer,2.0
ORD-001919,CUST-00678,2025-06-21 17:09:00,Netherlands,Electronics,1,690.69,0.15,Apple Pay,
ORD-004480,CUST-00806,2025-07-27 17:09:00,,Clothing,1,121.21,0.0,Credit Card,3.0
ORD-003027,CUST-00171,2024-06-10 22:06:00,Germany,Home,1,139.11,0.0,PayPal,
ORD-003023,CUST-00581,2024-11-29 02:31:00,Spain,Electronics,3,529.21,0.1,Bank Transfer,1.0
ORD-004809,CUST-00585,2024-02-21 20:26:00,Spain,Electronics,1,833.47,0.1,Credit Card,5.0
ORD-002986,CUST-00973,2024-05-23 18:47:00,Spain,Clothing,5,214.04,0.15,Bank Transfer,2.0
ORD-003846,CUST-00716,2024-05-22 15:43:00,France,Clothing,2,187.35,0.1,Credit Card,3.0
ORD-002943,CUST-01145,2024-11-03 17:04:00,Spain,Electronics,1,1072.37,0.0,Bank Transfer,5.0
ORD-000645,CUST-01156,2024-02-21 14:23:00,Spain,Books,4,59.55,0.0,PayPal,5.0
ORD-000808,CUST-00166,2025-09-26 04:45:00,France,Electronics,7,449.21,0.05,PayPal,
ORD-003544,CUST-01162,2025-02-09 13:19:00,France,Home,4,230.49,0.0,Credit Card,3.0
ORD-004455,CUST-00919,2025-04-01 02:36:00,Italy,Home,3,500.0,0.1,Bank Transfer,4.0
ORD-004418,CUST-00235,2025-12-01 16:15:00,Italy,Clothing,1,121.98,0.0,Credit Card,5.0
ORD-000121,CUST-00660,2025-04-23 19:34:00,France,Clothing,5,116.55,0.0,Credit Card,3.0
ORD-002442,CUST-00002,2025-02-14 22:20:00,Spain,Electronics,5,422.26,0.1,Credit Card,5.0
ORD-001993,CUST-00431,2025-04-02 09:37:00,Belgium,Home,3,335.88,0.0,Bank Transfer,5.0
ORD-004904,CUST-01081,2024-03-18 12:05:00,Germany,Electronics,4,1200.0,0.0,Credit Card,5.0
ORD-002852,CUST-00588,2024-10-15 01:32:00,Netherlands,Home,2,360.63,0.15,Credit Card,2.0
ORD-002239,CUST-00715,2025-04-28 12:26:00,Netherlands,Clothing,2,250.0,0.15,Credit Card,2.0
ORD-000135,CUST-01193,2025-05-07 12:01:00,Spain,Home,3,175.03,0.05,Apple Pay,5.0
ORD-003403,CUST-00236,2024-11-01 13:26:00,Germany,Electronics,1,472.41,0.05,Bank Transfer,5.0
ORD-001984,CUST-01127,2025-05-14 01:07:00,France,Electronics,4,1200.0,0.0,PayPal,5.0
ORD-002708,CUST-00456,2024-11-26 11:21:00,France,Electronics,1,463.46,0.0,Credit Card,5.0
ORD-000185,CUST-00744,2025-04-24 15:33:00,France,Sports,1,246.17,0.05,Credit Card,5.0
ORD-003198,CUST-01218,2025-12-20 15:41:00,Belgium,Electronics,1,470.83,0.1,Credit Card,4.0
ORD-002560,CUST-00884,2024-04-20 14:42:00,France,Home,7,148.42,0.15,Credit Card,4.0
ORD-000512,CUST-01120,2024-05-17 23:45:00,,Home,1,455.64,0.0,Credit Card,5.0
ORD-000842,CUST-00985,2024-08-26 09:05:00,Spain,Home,1,301.57,0.05,Credit Card,5.0
ORD-004079,CUST-00371,2024-10-07 16:50:00,Germany,Electronics,2,305.33,0.05,Bank Transfer,5.0
ORD-003159,CUST-01002,2025-01-21 15:49:00,Belgium,Sports,1,173.08,0.2,PayPal,5.0
ORD-004096,CUST-00821,2024-02-11 04:19:00,Germany,Clothing,5,154.97,0.05,PayPal,2.0
ORD-003739,CUST-01003,2025-11-27 20:11:00,Netherlands,Clothing,1,53.2,0.05,Credit Card,4.0
ORD-001398,CUST-00981,2025-12-15 20:26:00,Italy,Home,1,181.32,0.05,Credit Card,4.0
ORD-000857,CUST-00368,2024-09-17 12:41:00,Spain,Books,1,21.99,0.15,Bank Transfer,5.0
ORD-000252,CUST-00741,2024-07-19 03:24:00,Netherlands,Electronics,6,677.63,0.0,Credit Card,5.0
ORD-002760,CUST-00644,2025-08-03 01:23:00,Germany,Electronics,2,473.29,0.1,Apple Pay,2.0
ORD-002887,CUST-01400,2024-03-07 17:45:00,France,Books,1,32.06,0.1,Credit Card,3.0
ORD-002703,CUST-00332,2025-11-07 01:48:00,Spain,Electronics,1,614.18,0.05,PayPal,4.0
ORD-002233,CUST-01408,2025-05-31 02:57:00,France,Books,5,76.01,0.0,Credit Card,5.0
ORD-000123,CUST-00982,2024-03-04 13:39:00,France,Electronics,7,1169.92,0.0,Credit Card,3.0
ORD-002805,CUST-00259,2024-11-15 04:26:00,Spain,Electronics,1,800.22,0.1,Bank Transfer,5.0
ORD-002219,CUST-00430,2025-06-16 05:20:00,Netherlands,Electronics,1,294.36,0.1,PayPal,2.0
ORD-002338,CUST-01229,2024-12-30 14:39:00,Germany,Home,1,158.62,0.1,Credit Card,4.0
ORD-004798,CUST-00186,2024-10-06 20:27:00,France,Electronics,3,253.87,0.0,Bank Transfer,3.0
ORD-000568,CUST-00375,2024-01-25 12:06:00,Belgium,Home,2,455.74,0.0,Credit Card,5.0
ORD-001393,CUST-01476,2024-02-23 15:11:00,Italy,Clothing,1,91.11,0.2,Apple Pay,5.0
ORD-003207,CUST-01499,2024-05-04 09:13:00,Germany,Books,2,27.34,0.3,Credit Card,4.0
ORD-002481,CUST-00978,2024-10-23 10:54:00,Belgium,Clothing,5,124.05,0.0,PayPal,4.0
ORD-002577,CUST-00407,2025-11-21 20:54:00,Germany,Books,2,58.9,0.05,Bank Transfer,3.0
ORD-003751,CUST-00873,2024-01-30 08:24:00,Spain,Clothing,7,65.62,0.1,Credit Card,5.0
ORD-003587,CUST-00679,2025-01-24 22:07:00,Germany,Electronics,1,862.27,0.0,Credit Card,5.0
ORD-001478,CUST-00592,2024-05-21 20:20:00,Belgium,Clothing,1,20.58,0.0,Credit Card,5.0
ORD-002926,CUST-00275,2024-07-12 19:36:00,France,Clothing,2,72.7,0.0,PayPal,5.0
ORD-001627,CUST-00867,2025-01-20 04:23:00,France,Clothing,2,151.16,0.0,Bank Transfer,5.0
ORD-000721,CUST-00209,2024-02-03 18:37:00,France,Sports,1,400.0,0.0,Apple Pay,5.0
ORD-002877,CUST-00997,2025-06-15 12:23:00,Italy,Electronics,1,614.95,0.05,Credit Card,3.0
ORD-002054,CUST-01422,2025-07-03 11:41:00,Germany,Clothing,1,108.16,0.1,Apple Pay,4.0
ORD-001433,CUST-00257,2025-07-02 07:50:00,Italy,Books,1,33.12,0.2,Credit Card,4.0
ORD-003811,CUST-00344,2024-02-27 01:43:00,France,Books,1,45.8,0.0,PayPal,5.0
ORD-000603,CUST-01109,2024-12-29 21:02:00,Belgium,Home,1,78.25,0.05,PayPal,5.0
ORD-001567,CUST-01453,2025-06-30 18:02:00,Germany,Electronics,3,569.38,0.0,Bank Transfer,4.0
ORD-003440,CUST-01245,2024-04-14 10:33:00,France,Electronics,2,326.76,0.05,Credit Card,5.0
ORD-002678,CUST-01318,2024-12-09 15:43:00,Spain,Home,2,216.35,0.05,Apple Pay,3.0
ORD-003479,CUST-00615,2024-06-12 19:45:00,Italy,Books,1,22.98,0.3,Bank Transfer,3.0
ORD-000319,CUST-01409,2025-05-12 17:13:00,Netherlands,Clothing,2,250.0,0.0,Credit Card,4.0
ORD-004751,CUST-00062,2024-04-18 16:56:00,France,Electronics,1,759.24,0.05,Credit Card,5.0
ORD-004768,CUST-00013,2025-09-13 21:48:00,Germany,Clothing,7,95.37,0.0,Credit Card,4.0
ORD-000275,CUST-00628,2025-09-29 03:31:00,France,Home,4,189.31,0.0,Credit Card,2.0
ORD-001882,CUST-00397,2025-04-08 20:51:00,Belgium,Electronics,1,1200.0,0.05,Credit Card,3.0
ORD-000550,CUST-01022,2025-08-08 13:36:00,Germany,Books,8,68.24,0.2,Credit Card,2.0
ORD-002814,CUST-01447,2024-11-24 20:23:00,France,Clothing,3,88.54,0.05,Apple Pay,5.0
ORD-001030,CUST-00502,2025-11-06 18:28:00,Netherlands,Clothing,3,58.78,0.0,Credit Card,3.0
ORD-004908,CUST-01186,2024-04-21 14:30:00,France,Electronics,2,392.5,0.0,Apple Pay,3.0
ORD-002955,CUST-00416,2024-10-29 17:57:00,Belgium,Sports,2,175.71,0.05,Credit Card,4.0
ORD-000606,CUST-00805,2024-07-03 21:30:00,France,Clothing,3,84.46,0.0,Credit Card,4.0
ORD-002234,CUST-00207,2025-07-28 16:59:00,France,Books,3,73.27,0.0,Apple Pay,4.0
ORD-000528,CUST-00216,2024-09-14 14:43:00,Spain,Books,1,33.79,0.2,Credit Card,4.0
ORD-002848,CUST-00580,2024-09-11 02:34:00,Italy,Electronics,3,363.21,0.1,Apple Pay,1.0
ORD-002365,CUST-01140,2025-08-27 09:34:00,Netherlands,Books,3,77.53,0.15,Credit Card,5.0
ORD-003827,CUST-00506,2025-07-02 08:53:00,France,Home,3,256.47,0.1,PayPal,1.0
ORD-003797,CUST-01031,2025-09-08 21:08:00,,Electronics,2,589.59,0.2,Bank Transfer,2.0
ORD-004842,CUST-00186,2024-01-28 00:44:00,Germany,Sports,1,204.95,0.0,Credit Card,5.0
ORD-001834,CUST-00108,2025-08-23 02:28:00,Germany,Books,1,66.86,0.0,Bank Transfer,5.0
ORD-000299,CUST-00427,2025-01-28 19:01:00,,Electronics,8,681.66,0.0,Credit Card,3.0
ORD-003794,CUST-00984,2025-08-09 04:40:00,Spain,Sports,1,103.04,0.0,Credit Card,4.0
ORD-002555,CUST-01473,2024-02-28 22:16:00,Netherlands,Electronics,1,845.32,0.05,PayPal,5.0
ORD-001596,CUST-00249,2024-11-19 12:16:00,France,Clothing,1,250.0,0.05,Credit Card,3.0
ORD-003107,CUST-01291,2024-04-01 03:59:00,Belgium,Electronics,1,247.68,0.1,Credit Card,5.0
ORD-003750,CUST-01360,2024-05-22 22:56:00,Spain,Clothing,3,136.3,0.0,Apple Pay,
ORD-002956,CUST-01493,2025-02-23 06:41:00,France,Electronics,2,530.06,0.0,Bank Transfer,4.0
ORD-001584,CUST-00622,2025-01-14 07:33:00,Germany,Books,2,19.6,0.3,Bank Transfer,4.0
ORD-002989,CUST-01356,2025-02-21 06:23:00,Spain,Home,2,220.81,0.15,PayPal,2.0
ORD-001245,CUST-01313,2024-10-09 11:46:00,Belgium,Clothing,2,150.75,0.05,PayPal,4.0
ORD-000757,CUST-01107,2024-12-11 14:18:00,Belgium,Clothing,5,204.55,0.0,Bank Transfer,5.0
ORD-001035,CUST-00100,2024-05-12 16:10:00,Belgium,Clothing,3,250.0,0.0,PayPal,5.0
ORD-004436,CUST-01395,2025-01-16 04:58:00,Italy,Books,5,29.47,0.0,Apple Pay,5.0
ORD-002388,CUST-01464,2024-05-20 04:01:00,Spain,Home,3,59.46,0.05,Credit Card,5.0
ORD-001243,CUST-01445,2025-10-13 23:59:00,Germany,Sports,1,226.51,0.1,PayPal,5.0
ORD-001486,CUST-01295,2024-07-08 01:36:00,Germany,Sports,3,161.08,0.0,Credit Card,3.0
ORD-001193,CUST-00256,2025-02-27 23:54:00,Spain,Sports,1,191.12,0.2,PayPal,1.0
ORD-001861,CUST-01110,2025-06-24 07:38:00,Netherlands,Books,3,38.42,0.0,PayPal,2.0
ORD-000377,CUST-01105,2024-08-21 08:04:00,Spain,Sports,5,154.43,0.0,Credit Card,1.0
ORD-001033,CUST-01097,2024-09-02 08:04:00,Netherlands,Electronics,1,412.76,0.05,Credit Card,5.0
ORD-004204,CUST-00197,2025-07-25 04:32:00,Italy,Home,1,278.68,0.0,Apple Pay,4.0
ORD-003545,CUST-00056,2024-01-08 13:20:00,France,Books,5,24.37,0.05,Credit Card,2.0
ORD-001150,CUST-01279,2024-04-21 19:13:00,Spain,Electronics,1,501.49,0.05,Apple Pay,5.0
ORD-000379,CUST-00570,2025-04-21 04:08:00,Germany,Clothing,2,93.34,0.05,Credit Card,3.0
ORD-001892,CUST-00368,2025-05-23 17:39:00,France,Clothing,4,79.36,0.1,Bank Transfer,5.0
ORD-004554,CUST-00835,2025-03-15 01:37:00,Italy,Electronics,1,361.61,0.2,PayPal,
ORD-003712,CUST-01499,2024-04-03 10:24:00,Spain,Clothing,2,95.73,0.0,Credit Card,3.0
ORD-001910,CUST-01411,2025-10-20 11:53:00,Spain,Books,1,78.65,0.3,PayPal,
ORD-001879,CUST-01091,2024-02-27 22:02:00,France,Clothing,3,104.69,0.1,Credit Card,5.0
ORD-003700,CUST-01140,2025-02-05 11:41:00,France,Clothing,2,250.0,0.05,Apple Pay,5.0
ORD-002750,CUST-01462,2024-11-08 14:00:00,France,Clothing,1,136.71,0.0,Bank Transfer,5.0
ORD-003108,CUST-00554,2025-03-04 08:26:00,France,Clothing,1,108.07,0.0,PayPal,
ORD-004383,CUST-00530,2024-04-04 16:11:00,Italy,Clothing,2,146.36,0.0,Credit Card,
ORD-003823,CUST-00823,2024-08-11 14:54:00,France,Books,1,66.46,0.05,Credit Card,1.0
ORD-003947,CUST-00036,2024-02-12 02:13:00,Italy,Home,1,197.82,0.05,Credit Card,3.0
ORD-002656,CUST-00848,2025-09-26 19:44:00,Germany,Books,4,21.34,0.05,Credit Card,4.0
ORD-000795,CUST-00647,2024-06-22 14:37:00,France,Clothing,1,179.95,0.0,PayPal,5.0
ORD-002523,CUST-00315,2024-12-02 02:59:00,Netherlands,Home,3,386.42,0.05,Credit Card,2.0
ORD-002459,CUST-00712,2024-04-04 06:42:00,Italy,Home,1,141.43,0.15,Credit Card,5.0
ORD-002810,CUST-00285,2025-04-05 00:37:00,France,Books,2,58.65,0.0,Credit Card,5.0
ORD-000176,CUST-00693,2024-03-14 14:18:00,Spain,Sports,5,5559.82,0.0,Credit Card,5.0
ORD-001045,CUST-01064,2025-04-25 06:44:00,Spain,Books,4,14.74,0.0,Bank Transfer,5.0
ORD-003946,CUST-01100,2025-09-18 04:20:00,Italy,Books,1,39.72,0.05,PayPal,
ORD-003910,CUST-01359,2024-09-29 09:33:00,Germany,Home,5,188.36,0.0,Bank Transfer,2.0
ORD-000046,CUST-01457,2024-03-14 11:39:00,Germany,Sports,3,338.53,0.05,Apple Pay,5.0
ORD-002772,CUST-00061,2025-03-14 18:57:00,France,Clothing,1,126.96,0.0,Credit Card,3.0
ORD-004953,CUST-01175,2024-06-04 19:27:00,Germany,Clothing,2,36.5,0.0,PayPal,4.0
ORD-002699,CUST-00194,2024-02-07 13:02:00,Italy,Books,1,80.0,0.0,Apple Pay,5.0
ORD-003015,CUST-00735,2025-01-06 23:48:00,France,Electronics,1,1175.3,0.15,PayPal,3.0
ORD-004717,CUST-01334,2025-06-28 01:05:00,Germany,Books,4,34.41,0.0,Credit Card,3.0
ORD-001756,CUST-00479,2024-06-09 07:28:00,Spain,Clothing,5,226.62,0.1,Bank Transfer,4.0
ORD-001198,CUST-01473,2024-10-21 04:26:00,France,Clothing,4,81.39,0.1,Credit Card,2.0
ORD-002068,CUST-01361,2025-01-23 09:04:00,Netherlands,Clothing,5,94.97,0.1,Credit Card,3.0
ORD-002616,CUST-01004,2025-05-04 09:46:00,Italy,Home,3,395.14,0.0,Credit Card,4.0
ORD-001706,CUST-01289,2025-02-05 23:36:00,Germany,Clothing,1,177.57,0.15,PayPal,1.0
ORD-003120,CUST-01301,2025-11-05 14:19:00,Spain,Books,1,13837.16,0.0,Credit Card,
ORD-002589,CUST-01456,2024-09-23 15:25:00,Germany,Home,2,133.71,0.1,Credit Card,
ORD-000284,CUST-00737,2024-02-13 04:35:00,Netherlands,Books,1,36.51,0.0,Credit Card,4.0
ORD-003936,CUST-01274,2025-03-06 12:50:00,Germany,Home,2,281.95,0.0,Credit Card,5.0
ORD-003759,CUST-00121,2024-02-29 01:26:00,France,Clothing,1,77.58,0.0,Bank Transfer,5.0
ORD-004297,CUST-00669,2025-09-30 18:29:00,France,Clothing,3,250.0,0.05,Credit Card,3.0
ORD-001188,CUST-00898,2024-01-06 23:21:00,Germany,Books,5,59.45,0.2,Credit Card,5.0
ORD-001261,CUST-00400,2025-01-28 04:07:00,Spain,Electronics,2,629.08,0.0,Credit Card,3.0
ORD-004423,CUST-01146,2024-03-29 14:02:00,Germany,Sports,2,192.85,0.0,Bank Transfer,5.0
ORD-002089,CUST-00458,2025-12-12 10:09:00,France,Home,1,85.12,0.2,PayPal,
ORD-002847,CUST-01294,2024-07-14 09:02:00,Germany,Sports,3,266.68,0.0,Credit Card,5.0
ORD-003435,CUST-00354,2025-09-07 05:25:00,Belgium,Sports,3,400.0,0.05,Credit Card,5.0
ORD-002146,CUST-00666,2025-12-29 03:05:00,France,Sports,1,237.27,0.05,PayPal,
ORD-002868,CUST-00237,2024-10-24 07:39:00,Spain,Electronics,3,472.16,0.0,PayPal,5.0
ORD-004695,CUST-01062,2025-09-30 22:16:00,Italy,Books,3,21.42,0.1,Bank Transfer,2.0
ORD-001175,CUST-00013,2025-06-16 21:26:00,Spain,Sports,1,231.32,0.05,PayPal,4.0
ORD-001481,CUST-00228,2024-11-01 10:11:00,Spain,Books,3,65.96,0.0,Credit Card,4.0
ORD-001540,CUST-00931,2024-11-14 09:34:00,Italy,Electronics,1,1135.94,0.0,Bank Transfer,1.0
ORD-004574,CUST-01333,2024-02-21 17:16:00,France,Home,2,126.89,0.0,Credit Card,5.0
ORD-001833,CUST-00883,2025-02-06 02:41:00,Spain,Electronics,3,1001.19,0.3,Bank Transfer,3.0
ORD-001703,CUST-01023,2025-07-17 02:32:00,France,Electronics,2,735.05,0.05,Apple Pay,4.0
ORD-003549,CUST-00462,2025-11-12 07:25:00,France,Clothing,3,36.6,0.15,Credit Card,4.0
ORD-000100,CUST-00210,2025-04-30 04:50:00,France,Electronics,2,1200.0,0.1,Credit Card,2.0
ORD-001075,CUST-00701,2025-03-27 19:53:00,Netherlands,Home,1,204.02,0.0,Bank Transfer,4.0
ORD-001336,CUST-01499,2025-03-27 18:27:00,France,Clothing,5,236.09,0.2,PayPal,5.0
ORD-004933,CUST-01350,2024-10-30 16:19:00,Belgium,Electronics,1,139.44,0.0,PayPal,4.0
ORD-003048,CUST-01141,2025-05-01 18:13:00,Spain,Home,2,194.06,0.15,Credit Card,3.0
ORD-000352,CUST-00068,2024-07-14 20:51:00,Germany,Home,2,96.93,0.0,Credit Card,3.0
ORD-002751,CUST-00368,2024-05-26 21:59:00,Belgium,Clothing,4,89.33,0.0,PayPal,5.0
ORD-002318,CUST-00655,2024-06-10 16:45:00,Germany,Electronics,3,330.88,0.2,Apple Pay,5.0
ORD-000897,CUST-00764,2024-01-31 23:53:00,France,Electronics,2,751.54,0.0,Credit Card,3.0
ORD-004645,CUST-00040,2025-12-28 04:49:00,France,Electronics,1,313.42,0.0,Credit Card,
ORD-000719,CUST-00354,2024-11-04 06:43:00,France,Clothing,8,112.9,0.15,Credit Card,1.0
ORD-004321,CUST-00989,2025-07-23 12:51:00,Spain,Electronics,1,817.26,0.0,Bank Transfer,5.0
ORD-002742,CUST-00146,2024-07-06 10:30:00,France,Books,2,60.66,0.05,Bank Transfer,4.0
ORD-002529,CUST-00130,2025-09-18 21:56:00,Spain,Clothing,1,90.47,0.0,Credit Card,4.0
ORD-000309,CUST-00474,2025-10-28 02:44:00,Italy,Home,5,274.92,0.0,Credit Card,5.0
ORD-001537,CUST-00231,2024-12-11 19:58:00,Germany,Clothing,1,200.64,0.05,Credit Card,4.0
ORD-000834,CUST-00215,2024-05-26 20:05:00,Spain,Home,2,384.05,0.0,PayPal,2.0
ORD-000367,CUST-00705,2025-07-30 05:12:00,Italy,Books,1,29.96,0.0,PayPal,5.0
ORD-004232,CUST-01392,2025-08-14 05:35:00,France,Books,2,55.36,0.1,Credit Card,4.0
ORD-002096,CUST-01168,2025-07-27 01:22:00,Germany,Books,2,80.0,0.15,Credit Card,5.0
ORD-000932,CUST-01050,2024-08-15 00:24:00,Italy,Clothing,5,210.59,0.0,Credit Card,
ORD-003788,CUST-00032,2024-07-05 23:45:00,France,,7,497.39,0.05,Apple Pay,4.0
ORD-003079,CUST-00310,2024-11-19 16:53:00,Italy,Electronics,2,660.7,0.05,Credit Card,2.0
ORD-001296,CUST-00772,2025-10-03 16:54:00,Belgium,Clothing,3,74.79,0.05,PayPal,
ORD-000020,CUST-00676,2025-08-29 06:37:00,Italy,Clothing,3,198.93,0.0,Credit Card,2.0
ORD-003205,CUST-00450,2024-01-23 01:48:00,Germany,Electronics,4,1047.81,0.0,Credit Card,5.0
ORD-002965,CUST-01101,2025-09-13 17:55:00,Germany,Clothing,2,193.24,0.15,PayPal,5.0
ORD-000916,CUST-00688,2024-03-22 19:07:00,Netherlands,Electronics,2,1200.0,0.0,Credit Card,5.0
ORD-000219,CUST-00671,2024-06-28 05:49:00,France,Electronics,4,1200.0,0.2,Credit Card,5.0
ORD-003653,CUST-00615,2024-10-31 21:23:00,France,Books,5,80.0,0.15,Apple Pay,4.0
ORD-000439,CUST-00122,2025-09-15 01:46:00,Belgium,Sports,2,249.55,0.0,Credit Card,4.0
ORD-003916,CUST-00118,2024-05-30 21:24:00,Spain,Electronics,8,465.76,0.05,Credit Card,3.0
ORD-003872,CUST-00155,2025-05-20 10:40:00,Germany,Electronics,4,426.7,0.05,Credit Card,2.0
ORD-003310,CUST-01416,2025-10-24 13:57:00,France,Electronics,2,681.33,0.15,Credit Card,5.0
ORD-003455,CUST-01228,2025-04-27 16:33:00,France,Sports,1,256.8,0.1,Credit Card,4.0
ORD-001056,CUST-01494,2025-06-17 02:18:00,Italy,Sports,2,400.0,0.0,PayPal,2.0
ORD-004666,CUST-01241,2024-03-19 18:58:00,Germany,Clothing,1,90.66,0.0,Credit Card,5.0
ORD-001021,CUST-00084,2024-10-11 12:10:00,Germany,Electronics,3,732.45,0.0,Credit Card,5.0
ORD-003967,CUST-01178,2024-08-27 19:59:00,Germany,Books,2,80.0,0.0,Credit Card,
ORD-000803,CUST-00774,2025-12-22 16:32:00,Spain,Clothing,6,147.06,0.0,Credit Card,1.0
ORD-003018,CUST-00324,2025-01-16 06:35:00,Germany,Clothing,3,74.34,0.0,Credit Card,5.0
ORD-002246,CUST-01249,2025-06-07 02:07:00,Spain,Clothing,1,94.15,0.0,Apple Pay,3.0
ORD-003748,CUST-01478,2024-10-02 22:34:00,Germany,Clothing,1,135.12,0.1,Apple Pay,
ORD-004314,CUST-00147,2025-01-25 11:51:00,Germany,Home,2,75.25,0.0,Credit Card,4.0
ORD-000583,CUST-00161,2024-01-09 03:21:00,Germany,Home,1,320.61,0.05,Credit Card,4.0
ORD-000204,CUST-01050,2024-03-28 06:14:00,Germany,Books,5,39.52,0.2,Bank Transfer,
ORD-004067,CUST-01282,2024-02-14 09:51:00,Netherlands,Home,2,124.85,0.05,Apple Pay,4.0
ORD-003438,CUST-00988,2025-07-10 04:47:00,France,Sports,2,284.47,0.0,Bank Transfer,2.0
ORD-002267,CUST-01026,2025-12-03 01:12:00,Germany,,3,1127.61,0.2,Credit Card,4.0
ORD-002198,CUST-01291,2025-04-02 15:31:00,France,Electronics,1,232.44,0.0,Bank Transfer,3.0
ORD-003429,CUST-01170,2024-02-09 07:36:00,France,Home,2,182.9,0.0,Apple Pay,3.0
ORD-003847,CUST-01158,2025-08-22 08:51:00,Italy,Sports,1,266.4,0.05,PayPal,4.0
ORD-001282,CUST-01110,2024-05-11 12:36:00,Spain,Books,2,80.0,0.05,PayPal,3.0
ORD-000953,CUST-00923,2024-03-13 03:05:00,Germany,Home,6,500.0,0.1,PayPal,2.0
ORD-001819,CUST-00204,2024-02-08 00:21:00,France,Sports,1,160.62,0.0,Credit Card,4.0
ORD-002407,CUST-00557,2025-11-15 14:36:00,Germany,Electronics,4,648.22,0.1,PayPal,2.0
ORD-003372,CUST-00358,2024-08-06 13:19:00,Germany,Electronics,2,1200.0,0.15,PayPal,4.0
ORD-000518,CUST-00100,2025-08-22 04:29:00,Spain,Home,7,182.47,0.0,Bank Transfer,5.0
ORD-002827,CUST-00543,2024-10-14 07:17:00,Belgium,Electronics,2,489.61,0.1,Credit Card,
ORD-001601,CUST-00453,2025-06-04 11:37:00,Belgium,Clothing,2,184.07,0.1,Credit Card,5.0
ORD-002441,CUST-00544,2024-04-21 16:00:00,Belgium,Electronics,1,1200.0,0.1,Credit Card,2.0
ORD-000669,CUST-01379,2024-10-08 00:36:00,France,Electronics,1,167.33,0.0,Credit Card,5.0
ORD-003624,CUST-00662,2025-03-31 01:18:00,Netherlands,Home,2,97.49,0.05,Apple Pay,4.0
ORD-003013,CUST-00069,2025-01-17 00:02:00,Netherlands,Clothing,4,158.77,0.0,Credit Card,4.0
ORD-004927,CUST-00599,2024-01-16 21:09:00,Germany,Home,1,491.45,0.05,Credit Card,4.0
ORD-002925,CUST-00635,2025-10-10 10:42:00,Netherlands,Sports,2,281.45,0.0,Credit Card,5.0
ORD-003661,CUST-00837,2024-05-15 13:48:00,Spain,Home,7,160.31,0.1,Apple Pay,
ORD-002908,CUST-01424,2024-06-07 19:54:00,Italy,Home,2,82.87,0.3,PayPal,4.0
ORD-002374,CUST-00598,2025-10-10 17:38:00,France,Clothing,1,245.34,0.15,Credit Card,1.0
ORD-004632,CUST-00432,2025-01-31 16:31:00,France,Sports,4,201.93,0.0,Apple Pay,
ORD-004955,CUST-00564,2025-08-06 16:24:00,Italy,Books,2,57.11,0.0,Credit Card,4.0
ORD-003414,CUST-00141,2025-09-09 13:19:00,France,Electronics,2,693.37,0.1,Apple Pay,4.0
ORD-001174,CUST-00267,2024-07-22 13:57:00,Netherlands,Electronics,5,1066.49,0.1,Bank Transfer,5.0
ORD-000760,CUST-01095,2025-08-11 12:32:00,Belgium,Clothing,1,70.7,0.05,PayPal,2.0
ORD-001048,CUST-00902,2024-10-14 09:38:00,Germany,Clothing,2,154.16,0.05,Credit Card,2.0
ORD-001375,CUST-01332,2025-12-30 05:00:00,France,Home,2,470.54,0.2,Credit Card,4.0
ORD-002689,CUST-00958,2024-08-12 16:46:00,France,Books,1,80.0,0.1,PayPal,4.0
ORD-002581,CUST-00576,2024-11-30 21:16:00,France,Electronics,1,689.19,0.0,PayPal,2.0
ORD-003725,CUST-00014,2025-10-13 22:12:00,Belgium,Electronics,6,495.99,0.15,Credit Card,4.0
ORD-004106,CUST-00679,2024-12-24 00:33:00,France,Electronics,2,597.53,0.0,Credit Card,5.0
ORD-000215,CUST-01106,2025-05-08 16:36:00,Italy,Clothing,4,176.75,0.1,PayPal,2.0
ORD-003353,CUST-00159,2025-06-07 09:54:00,Italy,Home,1,327.38,0.05,Bank Transfer,4.0
ORD-003340,CUST-01302,2025-03-30 00:35:00,France,Clothing,4,61.15,0.2,Credit Card,3.0
ORD-000694,CUST-01420,2024-08-09 08:53:00,France,Books,5,33.75,0.2,PayPal,4.0
ORD-003690,CUST-00252,2024-08-21 10:00:00,France,Electronics,2,335.25,0.05,Credit Card,2.0
ORD-001438,CUST-00980,2025-09-28 09:52:00,France,Sports,1,158.99,0.0,PayPal,5.0
ORD-002136,CUST-01029,2024-02-16 23:45:00,Germany,Sports,1,101.73,0.05,Credit Card,4.0
ORD-002996,CUST-00947,2025-10-24 06:31:00,Germany,Electronics,2,789.62,0.0,Credit Card,5.0
ORD-001787,CUST-00298,2025-12-11 12:26:00,Spain,Clothing,1,192.85,0.0,Credit Card,5.0
ORD-001269,CUST-01430,2025-01-07 00:35:00,France,Books,6,36.42,0.15,Credit Card,4.0
ORD-002556,CUST-00155,2025-01-07 11:28:00,Germany,Electronics,1,565.58,0.0,PayPal,4.0
ORD-001002,CUST-01106,2024-09-18 22:51:00,France,Clothing,3,250.0,0.0,Credit Card,1.0
ORD-000197,CUST-00514,2025-08-13 20:04:00,France,Sports,2,75.77,0.0,Credit Card,5.0
ORD-003743,CUST-01409,2024-05-01 17:55:00,Spain,Clothing,2,136.01,0.0,Bank Transfer,3.0
ORD-004676,CUST-00555,2024-07-01 00:48:00,France,Electronics,1,1148.7,0.0,Bank Transfer,4.0
ORD-001721,CUST-00134,2025-09-07 04:24:00,France,Electronics,5,728.77,0.0,Bank Transfer,3.0
ORD-000880,CUST-00946,2025-05-16 19:50:00,Italy,Books,1,70.3,0.0,Apple Pay,2.0
ORD-004583,CUST-00248,2024-04-14 23:32:00,Germany,Electronics,3,1200.0,0.1,Bank Transfer,2.0
ORD-002168,CUST-01265,2024-01-27 18:22:00,Netherlands,Electronics,6,292.47,0.0,Credit Card,3.0
ORD-004594,CUST-01093,2024-01-10 08:37:00,Belgium,Clothing,5,64.24,0.1,Apple Pay,5.0
ORD-003246,CUST-01215,2025-07-26 10:54:00,Netherlands,Books,6,80.0,0.0,PayPal,5.0
ORD-000888,CUST-00290,2024-12-13 10:37:00,Belgium,Electronics,1,271.63,0.1,Apple Pay,2.0
ORD-001737,CUST-00755,2025-06-27 19:13:00,Belgium,Books,1,48.76,0.1,Credit Card,4.0
ORD-000069,CUST-00115,2025-01-16 10:42:00,France,Electronics,2,537.07,0.0,Credit Card,4.0
ORD-002500,CUST-01395,2025-03-26 05:22:00,France,Electronics,1,1200.0,0.0,Apple Pay,3.0
ORD-004389,CUST-00506,2025-09-15 02:53:00,France,Clothing,1,63.02,0.0,PayPal,5.0
ORD-000569,CUST-00964,2025-10-15 00:01:00,France,Clothing,3,138.3,0.1,PayPal,2.0
ORD-001655,CUST-00235,2025-07-15 05:39:00,France,Electronics,1,854.67,0.0,PayPal,2.0
ORD-000097,CUST-00360,2024-07-12 06:49:00,France,Books,4,37.52,0.15,Credit Card,
ORD-001624,CUST-00025,2025-04-06 15:09:00,Spain,Home,6,211.29,0.0,PayPal,4.0
ORD-004865,CUST-01319,2025-08-10 00:09:00,France,Sports,2,185.91,0.2,PayPal,5.0
ORD-000140,CUST-00656,2024-05-04 13:38:00,France,Clothing,2,81.13,0.3,Credit Card,5.0
ORD-002415,CUST-00559,2024-12-31 08:07:00,Spain,Home,1,208.34,0.3,Credit Card,4.0
ORD-002621,CUST-01271,2025-11-08 09:35:00,Italy,Electronics,2,495.66,0.15,PayPal,2.0
ORD-001618,CUST-00761,2024-09-06 20:12:00,France,Sports,2,135.75,0.0,PayPal,3.0
ORD-004392,CUST-01224,2024-07-13 14:49:00,Germany,Electronics,1,179.63,0.0,Bank Transfer,4.0
ORD-003442,CUST-00037,2025-12-25 21:39:00,France,Electronics,1,368.74,0.2,PayPal,
ORD-004680,CUST-00104,2024-08-11 22:08:00,Spain,Clothing,6,250.0,0.05,Bank Transfer,3.0
ORD-001845,CUST-01115,2025-06-18 07:53:00,Germany,Books,3,33.3,0.1,Credit Card,5.0
ORD-001722,CUST-01113,2025-02-28 10:25:00,Germany,Home,2,156.01,0.15,PayPal,5.0
ORD-003261,CUST-00653,2025-10-28 06:12:00,Germany,Home,4,361.59,0.2,Apple Pay,
ORD-000464,CUST-00629,2025-04-18 18:23:00,Italy,Electronics,2,514.07,0.0,PayPal,5.0
ORD-002348,CUST-01129,2025-12-16 12:53:00,France,Clothing,6,127.47,0.0,PayPal,5.0
ORD-003419,CUST-00146,2025-01-27 21:57:00,France,Books,1,45.66,0.05,PayPal,3.0
ORD-003406,CUST-00529,2024-02-17 09:19:00,Germany,Books,2,80.0,0.05,Credit Card,
ORD-000595,CUST-00482,2024-10-17 16:14:00,Italy,Home,2,203.68,0.15,PayPal,5.0
ORD-001341,CUST-00802,2025-07-03 14:46:00,Spain,Home,4,388.37,0.0,Credit Card,5.0
ORD-000626,CUST-00349,2024-08-23 10:00:00,Spain,Home,1,239.38,0.0,Credit Card,4.0
ORD-000451,CUST-01441,2024-09-06 00:07:00,Germany,Clothing,4,210.9,0.1,Bank Transfer,3.0
ORD-003269,CUST-00202,2024-05-02 07:44:00,Germany,Electronics,2,712.31,0.0,PayPal,3.0
ORD-003312,CUST-00604,2024-06-04 00:10:00,Spain,Clothing,3,250.0,0.15,Bank Transfer,5.0
ORD-002406,CUST-01243,2024-04-04 01:22:00,Italy,Home,4,151.48,0.15,Credit Card,4.0
ORD-001331,CUST-00675,2024-01-12 08:59:00,Spain,Clothing,3,188.63,0.05,Credit Card,4.0
ORD-001925,CUST-00543,2025-04-28 02:11:00,France,Books,2,40.72,0.1,Credit Card,
ORD-001505,CUST-00897,2024-12-12 09:37:00,Belgium,Clothing,2,146.26,0.0,Credit Card,3.0
ORD-001942,CUST-00380,2025-07-20 16:19:00,Germany,Home,2,172.8,0.1,Bank Transfer,2.0
ORD-002465,CUST-00696,2024-12-11 18:36:00,Belgium,Home,1,500.0,0.0,Bank Transfer,4.0
ORD-003649,CUST-01499,2024-12-24 12:42:00,France,Electronics,1,222.02,0.1,PayPal,
ORD-003949,CUST-01455,2025-01-20 15:39:00,Netherlands,Home,1,341.01,0.0,Credit Card,4.0
ORD-000151,CUST-01284,2024-07-04 17:50:00,Germany,Electronics,2,704.27,0.05,Apple Pay,5.0
ORD-003169,CUST-01234,2024-08-01 20:21:00,Germany,Books,1,30.06,0.05,Credit Card,5.0
ORD-003973,CUST-00187,2025-01-31 15:42:00,France,Electronics,3,251.88,0.15,Credit Card,5.0
ORD-002705,CUST-00104,2024-11-15 20:41:00,Germany,Books,3,24.05,0.0,Credit Card,4.0
ORD-001483,CUST-00435,2025-12-07 14:46:00,France,Home,1,288.92,0.0,Credit Card,3.0
ORD-000089,CUST-01152,2025-09-01 21:32:00,France,Electronics,2,696.9,0.0,Bank Transfer,3.0
ORD-000458,CUST-00951,2024-02-28 22:43:00,France,Clothing,4,151.37,0.15,Apple Pay,3.0
ORD-002419,CUST-00433,2025-12-10 00:56:00,Spain,Electronics,1,1200.0,0.0,PayPal,3.0
ORD-002946,CUST-00161,2025-04-22 02:16:00,Germany,Books,2,32.56,0.0,Credit Card,5.0
ORD-003292,CUST-00696,2024-03-06 11:21:00,Germany,Clothing,3,113.06,0.1,PayPal,4.0
ORD-003249,CUST-00211,2025-09-30 12:04:00,Belgium,Sports,2,276.86,0.0,PayPal,5.0
ORD-002019,CUST-01080,2024-04-10 04:07:00,Spain,Home,4,164.57,0.15,Credit Card,3.0
ORD-001673,CUST-00402,2025-09-06 16:48:00,Germany,Electronics,1,463.78,0.0,PayPal,4.0
ORD-003671,CUST-00217,2024-01-16 16:24:00,Belgium,Sports,1,166.49,0.1,Bank Transfer,4.0
ORD-000832,CUST-00362,2024-07-01 20:52:00,France,Clothing,1,211.56,0.05,Credit Card,5.0
ORD-000240,CUST-00941,2025-06-30 00:27:00,Germany,Clothing,2,228.16,0.15,Bank Transfer,5.0
ORD-004697,CUST-00114,2024-01-20 14:02:00,France,Home,8,163.84,0.1,Credit Card,2.0
ORD-001000,CUST-00770,2024-09-05 03:10:00,Belgium,Clothing,1,250.0,0.0,Credit Card,5.0
ORD-002593,CUST-00799,2025-11-03 23:23:00,Italy,Electronics,1,354.64,0.1,Apple Pay,4.0
ORD-002400,CUST-01103,2025-04-11 09:08:00,Spain,Electronics,1,544.14,0.1,Credit Card,2.0
ORD-004290,CUST-00463,2025-12-03 15:48:00,Germany,Electronics,1,1182.91,0.0,Credit Card,4.0
ORD-001254,CUST-01191,2024-01-20 23:31:00,France,Electronics,2,548.25,0.15,PayPal,4.0
ORD-000193,CUST-00911,2025-02-26 22:27:00,France,Clothing,3,190.25,0.0,Credit Card,4.0
ORD-003632,CUST-00819,2025-11-12 00:24:00,Belgium,Books,3,68.39,0.15,Credit Card,4.0
ORD-003768,CUST-01124,2025-01-09 05:31:00,Germany,Sports,1,134.32,0.1,Credit Card,
ORD-003868,CUST-01216,2025-05-30 03:23:00,Belgium,Home,1,380.02,0.05,PayPal,5.0
ORD-000945,CUST-00195,2024-10-22 12:55:00,Netherlands,Electronics,5,805.44,0.1,Credit Card,4.0
ORD-004195,CUST-00847,2024-06-19 20:10:00,Belgium,Sports,2,130.6,0.0,Credit Card,4.0
ORD-004122,CUST-01419,2025-03-20 14:46:00,France,Electronics,1,627.12,0.2,Credit Card,5.0
ORD-004245,CUST-00529,2024-10-18 02:50:00,France,Home,2,169.53,0.0,Bank Transfer,1.0
ORD-004903,CUST-00933,2025-07-04 03:28:00,France,Sports,1,128.61,0.0,PayPal,2.0
ORD-004439,CUST-00517,2024-04-28 02:17:00,Germany,Electronics,3,609.68,0.0,PayPal,2.0
ORD-003039,CUST-00425,2025-10-13 03:56:00,France,Sports,1,262.86,0.0,Credit Card,5.0
ORD-002575,CUST-01160,2024-04-09 15:55:00,Spain,Home,4,376.79,0.0,PayPal,3.0
ORD-004155,CUST-00341,2024-01-16 12:35:00,Germany,Sports,1,98.64,0.0,Bank Transfer,4.0
ORD-003880,CUST-00064,2024-08-11 18:25:00,France,Clothing,8,87.34,0.1,Credit Card,
ORD-004228,CUST-00920,2024-05-10 09:08:00,France,Clothing,2,89.78,0.05,PayPal,3.0
ORD-004951,CUST-00496,2024-04-23 23:43:00,Italy,Books,1,19.42,0.1,Credit Card,3.0
ORD-001376,CUST-01439,2024-07-19 21:48:00,France,Books,3,47.39,0.0,Credit Card,4.0
ORD-003917,CUST-00101,2024-07-05 15:32:00,France,Clothing,1,250.0,0.0,Credit Card,5.0
ORD-002991,CUST-00685,2025-12-20 15:11:00,Germany,Electronics,2,564.96,0.3,Credit Card,5.0
ORD-002145,CUST-00544,2025-01-11 19:13:00,Germany,Home,5,266.42,0.0,Credit Card,5.0
ORD-004759,CUST-00678,2025-05-04 19:38:00,France,,1,78.75,0.3,Credit Card,5.0
ORD-002532,CUST-01210,2025-08-11 22:38:00,Spain,Books,4,68.17,0.15,Apple Pay,5.0
ORD-004932,CUST-01102,2025-04-24 23:47:00,France,Home,2,500.0,0.0,PayPal,4.0
ORD-000192,CUST-00946,2025-05-17 17:32:00,France,Clothing,3,250.0,0.0,Credit Card,2.0
ORD-001490,CUST-00763,2024-06-22 21:54:00,Italy,Clothing,6,121.11,0.3,Credit Card,5.0
ORD-002891,CUST-00223,2025-10-31 03:15:00,Italy,Electronics,2,1048.95,0.05,Credit Card,5.0
ORD-002474,CUST-00311,2025-09-10 12:01:00,France,Home,1,330.44,0.0,Credit Card,3.0
ORD-002728,CUST-00061,2024-07-04 17:41:00,Spain,Sports,6,400.0,0.0,Bank Transfer,3.0
ORD-001216,CUST-00172,2025-03-28 16:03:00,France,Home,3,211.75,0.0,Apple Pay,5.0
ORD-004037,CUST-01029,2024-06-11 19:48:00,Belgium,Clothing,1,67.84,0.05,Bank Transfer,5.0
ORD-002985,CUST-01080,2025-05-30 19:52:00,Germany,Home,5,112.21,0.0,Credit Card,4.0
ORD-002883,CUST-00845,2024-12-04 00:46:00,France,Home,2,157.36,0.0,Credit Card,5.0
ORD-003669,CUST-00639,2025-11-25 06:24:00,Spain,Home,3,241.38,0.1,Credit Card,5.0
ORD-001104,CUST-00227,2025-02-28 01:00:00,Spain,Clothing,1,250.0,0.1,Apple Pay,5.0
ORD-004404,CUST-01406,2025-06-17 22:43:00,Italy,Home,3,184.28,0.1,PayPal,4.0
ORD-004000,CUST-00781,2025-02-10 08:00:00,Germany,Home,2,397.76,0.0,Credit Card,5.0
ORD-001666,CUST-00595,2024-12-10 23:21:00,Spain,Electronics,1,12401.88,0.0,Credit Card,5.0
ORD-000167,CUST-00482,2025-12-24 00:56:00,Belgium,Electronics,1,701.93,0.0,Credit Card,5.0
ORD-001617,CUST-01192,2025-04-28 11:11:00,France,Home,1,500.0,0.0,Bank Transfer,4.0
ORD-001372,CUST-00515,2025-07-16 12:43:00,Germany,Home,2,141.49,0.1,Credit Card,2.0
ORD-001025,CUST-01233,2025-04-24 07:49:00,France,Sports,2,293.36,0.3,Bank Transfer,2.0
ORD-001339,CUST-01163,2025-09-20 04:23:00,Germany,Home,4,114.33,0.1,Credit Card,4.0
ORD-004783,CUST-00515,2025-02-09 12:04:00,Spain,Clothing,2,250.0,0.1,Bank Transfer,5.0
ORD-003663,CUST-01453,2024-08-31 20:31:00,Netherlands,Home,3,500.0,0.2,Credit Card,3.0
ORD-001850,CUST-00248,2025-09-20 09:22:00,France,Clothing,1,132.63,0.05,PayPal,2.0
ORD-004826,CUST-00626,2024-05-11 08:37:00,Italy,Home,2,234.61,0.0,Apple Pay,5.0
ORD-004153,CUST-01368,2024-03-21 03:57:00,Belgium,Electronics,7,336.55,0.0,PayPal,
ORD-002981,CUST-01076,2025-06-22 18:53:00,France,Sports,5,93.44,0.15,Credit Card,4.0
ORD-000153,CUST-01377,2024-04-26 09:31:00,France,Books,5,22.21,0.05,PayPal,2.0
ORD-002553,CUST-00326,2024-07-10 09:04:00,Spain,Clothing,2,86.36,0.0,PayPal,2.0
ORD-004704,CUST-01281,2024-04-16 01:01:00,France,Electronics,4,514.62,0.15,Credit Card,3.0
ORD-003133,CUST-01141,2024-07-05 16:47:00,France,Electronics,3,778.11,0.0,Credit Card,
ORD-003898,CUST-00027,2025-01-08 07:37:00,France,Sports,5,74.22,0.0,Bank Transfer,5.0
ORD-003717,CUST-00525,2025-08-06 23:05:00,Spain,Home,1,197.4,0.0,PayPal,4.0
ORD-003795,CUST-01338,2025-12-19 20:02:00,France,Clothing,1,247.29,0.0,Credit Card,5.0
ORD-002884,CUST-00074,2025-02-23 08:33:00,Belgium,Electronics,1,997.02,0.0,PayPal,5.0
ORD-004117,CUST-00028,2024-09-26 03:28:00,Belgium,Home,1,331.24,0.05,Apple Pay,4.0
ORD-004838,CUST-00102,2024-11-16 23:44:00,France,Clothing,4,129.21,0.0,PayPal,5.0
ORD-002969,CUST-01080,2024-10-04 02:53:00,France,Clothing,1,89.07,0.0,Bank Transfer,
ORD-001863,CUST-01272,2024-10-14 16:56:00,Belgium,Electronics,2,263.54,0.05,Credit Card,2.0
ORD-000032,CUST-00341,2025-12-10 10:10:00,Italy,Clothing,2,225.46,0.05,Credit Card,3.0
ORD-000938,CUST-00223,2025-05-03 02:48:00,Spain,Home,7,290.3,0.1,PayPal,4.0
ORD-001236,CUST-00520,2025-04-24 14:03:00,Spain,Electronics,2,1087.44,0.15,Credit Card,3.0
ORD-001967,CUST-00557,2025-04-30 10:03:00,Italy,Clothing,3,80.75,0.0,Credit Card,5.0
ORD-002345,CUST-00882,2025-12-25 03:26:00,Italy,Electronics,1,318.14,0.1,PayPal,3.0
ORD-000310,CUST-00163,2025-03-08 02:15:00,France,Clothing,1,190.93,0.0,PayPal,4.0
ORD-002472,CUST-00149,2024-10-16 01:17:00,France,Clothing,1,153.33,0.0,Credit Card,3.0
ORD-003323,CUST-01180,2024-05-03 18:22:00,Italy,Books,1,15.36,0.05,Credit Card,4.0
ORD-003135,CUST-01066,2024-09-11 08:52:00,France,Sports,2,131.29,0.2,PayPal,5.0
ORD-004374,CUST-01228,2025-09-02 22:51:00,France,Home,1,319.64,0.05,Credit Card,3.0
ORD-000496,CUST-00619,2025-11-02 18:17:00,Belgium,Home,4,410.92,0.0,Credit Card,5.0
ORD-000206,CUST-00399,2025-06-18 19:11:00,Spain,Home,4,161.69,0.05,Credit Card,5.0
ORD-002909,CUST-00192,2024-09-27 02:05:00,France,Books,1,27.02,0.0,PayPal,2.0
ORD-003379,CUST-01287,2025-04-28 15:07:00,Italy,Sports,1,98.35,0.0,Credit Card,4.0
ORD-004677,CUST-00834,2024-12-07 04:31:00,Spain,Home,1,416.91,0.1,Credit Card,3.0
ORD-000306,CUST-00211,2024-01-09 07:14:00,Spain,Home,2,231.77,0.0,Bank Transfer,1.0
ORD-003818,CUST-01205,2024-04-10 19:41:00,Belgium,Electronics,1,251.57,0.0,PayPal,5.0
ORD-002352,CUST-01126,2024-04-20 17:07:00,Germany,Home,2,173.56,0.05,Apple Pay,2.0
ORD-001062,CUST-01032,2025-07-13 13:50:00,Spain,Electronics,2,877.8,0.0,PayPal,5.0
ORD-000844,CUST-00055,2024-02-12 10:47:00,Italy,Electronics,3,481.53,0.05,PayPal,5.0
ORD-002733,CUST-01398,2024-10-21 02:04:00,France,Books,1,66.94,0.0,Credit Card,5.0
ORD-002269,CUST-00178,2025-05-28 03:46:00,France,Books,2,42.55,0.0,PayPal,5.0
ORD-000212,CUST-01076,2024-07-25 18:35:00,Germany,Electronics,3,197.93,0.0,Credit Card,4.0
ORD-003740,CUST-01250,2025-03-15 08:36:00,Spain,Electronics,1,308.0,0.0,Credit Card,3.0
ORD-000680,CUST-01404,2025-02-01 19:45:00,Germany,Books,1,72.42,0.0,Bank Transfer,1.0
ORD-000566,CUST-00356,2025-03-07 21:46:00,Germany,Books,1,44.52,0.2,PayPal,
ORD-001790,CUST-01131,2025-05-07 08:03:00,France,Electronics,6,522.97,0.0,Bank Transfer,4.0
ORD-003604,CUST-00936,2025-11-28 08:11:00,France,Home,1,319.65,0.1,Credit Card,3.0
ORD-000681,CUST-01086,2025-01-20 12:36:00,Germany,Home,2,415.2,0.15,Bank Transfer,5.0
ORD-000181,CUST-01408,2024-07-26 03:17:00,Belgium,Clothing,1,77.96,0.0,Credit Card,5.0
ORD-002679,CUST-00870,2025-10-23 15:45:00,France,Home,2,457.86,0.1,Credit Card,4.0
ORD-004428,CUST-00724,2024-11-14 00:56:00,France,Home,2,389.11,0.1,PayPal,3.0
ORD-002334,CUST-01235,2025-08-21 12:27:00,France,Books,2,80.0,0.1,Apple Pay,1.0
ORD-004288,CUST-01210,2025-03-22 20:16:00,France,Clothing,3,33.24,0.05,Credit Card,4.0
ORD-000279,CUST-00098,2024-07-05 20:52:00,France,Sports,1,363.24,0.0,PayPal,4.0
ORD-001130,CUST-00974,2025-09-03 21:16:00,Italy,Clothing,1,106.53,0.0,Credit Card,2.0
ORD-004756,CUST-00904,2024-06-18 17:19:00,Italy,Home,1,116.49,0.1,Credit Card,5.0
ORD-000433,CUST-01239,2024-04-18 20:17:00,France,Sports,3,342.08,0.0,PayPal,2.0
ORD-000290,CUST-00711,2025-10-06 22:40:00,France,Clothing,2,113.15,0.2,Credit Card,4.0
ORD-001028,CUST-00421,2024-11-19 12:45:00,Belgium,Sports,2,400.0,0.1,Bank Transfer,2.0
ORD-000536,CUST-00231,2024-07-06 20:59:00,France,Electronics,2,848.05,0.05,Credit Card,4.0
ORD-004473,CUST-00733,2024-07-04 05:14:00,France,Clothing,2,250.0,0.0,Credit Card,5.0
ORD-000189,CUST-00359,2024-03-08 15:13:00,France,Electronics,3,972.01,0.0,Credit Card,5.0
ORD-002192,CUST-00615,2025-10-04 23:48:00,France,Home,1,500.0,0.0,Bank Transfer,
ORD-003940,CUST-00765,2025-10-05 16:40:00,Belgium,Sports,2,183.26,0.05,PayPal,4.0
ORD-001938,CUST-00832,2025-06-17 12:21:00,Netherlands,Home,1,201.14,0.1,PayPal,4.0
ORD-000271,CUST-00443,2025-05-02 15:17:00,Spain,Clothing,4,83.33,0.1,PayPal,4.0
ORD-002227,CUST-01317,2024-02-25 04:16:00,France,Clothing,1,49.54,0.0,PayPal,4.0
ORD-004099,CUST-01191,2024-04-05 05:24:00,Netherlands,Electronics,4,1128.65,0.2,Credit Card,2.0
ORD-002175,CUST-00350,2024-06-29 21:20:00,Netherlands,Clothing,1,150.59,0.1,PayPal,4.0
ORD-004162,CUST-00588,2025-04-27 16:10:00,Spain,Books,1,27.92,0.15,PayPal,4.0
ORD-000112,CUST-01172,2025-10-16 14:04:00,France,Clothing,2,64.46,0.1,PayPal,3.0
ORD-004707,CUST-00706,2024-12-19 16:37:00,France,Books,1,80.0,0.15,Credit Card,4.0
ORD-000221,CUST-00192,2024-04-04 05:51:00,Italy,Electronics,1,1200.0,0.0,Credit Card,5.0
ORD-000628,CUST-00552,2024-07-12 18:11:00,France,Home,7,380.08,0.1,Credit Card,4.0
ORD-001484,CUST-00169,2024-02-21 18:20:00,Spain,Electronics,1,542.07,0.0,Credit Card,5.0
ORD-003378,CUST-00874,2025-10-08 22:02:00,Italy,Clothing,1,79.48,0.0,Credit Card,5.0
ORD-002440,CUST-00100,2024-01-03 07:55:00,Germany,Sports,2,105.07,0.15,Credit Card,5.0
ORD-000791,CUST-00144,2025-07-10 02:35:00,Netherlands,Books,3,59.31,0.0,Credit Card,4.0
ORD-002006,CUST-00194,2024-10-19 20:47:00,France,Electronics,3,1200.0,0.05,PayPal,5.0
ORD-000462,CUST-00211,2024-01-20 05:33:00,Spain,Home,2,399.33,0.0,PayPal,4.0
ORD-004417,CUST-00707,2024-04-15 20:28:00,Belgium,Clothing,6,177.49,0.2,Credit Card,3.0
ORD-000552,CUST-00591,2024-10-24 02:50:00,France,Clothing,2,105.88,0.1,Apple Pay,4.0
ORD-001159,CUST-00577,2025-08-12 20:27:00,France,Sports,8,400.0,0.0,Credit Card,5.0
ORD-001176,CUST-00509,2024-07-25 12:49:00,Germany,Books,6,76.42,0.2,Apple Pay,2.0
ORD-000199,CUST-00509,2025-09-13 08:32:00,Spain,Electronics,2,1200.0,0.0,Credit Card,5.0
ORD-002608,CUST-00387,2024-01-14 09:45:00,Belgium,Electronics,5,319.61,0.05,Apple Pay,5.0
ORD-003471,CUST-00335,2025-07-16 12:11:00,Spain,Clothing,1,123.43,0.0,Credit Card,4.0
ORD-000403,CUST-00481,2025-05-31 18:17:00,Germany,Electronics,1,692.51,0.0,PayPal,5.0
ORD-003076,CUST-01122,2025-05-11 01:31:00,Belgium,Books,7,51.22,0.0,Credit Card,4.0
ORD-002154,CUST-00817,2024-08-06 03:16:00,Germany,Clothing,5,87.21,0.0,Credit Card,
ORD-004779,CUST-00160,2025-11-26 23:22:00,Belgium,Electronics,3,331.74,0.0,PayPal,4.0
ORD-004802,CUST-00895,2024-03-25 05:58:00,Spain,Home,2,107.87,0.0,Credit Card,5.0
ORD-003293,CUST-00357,2024-03-12 05:25:00,Spain,Sports,4,345.08,0.2,Credit Card,1.0
ORD-004477,CUST-01409,2024-03-22 00:47:00,Germany,Home,2,327.95,0.0,Credit Card,5.0
ORD-000651,CUST-00734,2025-05-18 10:48:00,Italy,Home,1,134.49,0.2,PayPal,5.0
ORD-000709,CUST-00714,2024-02-25 21:53:00,Spain,Clothing,6,245.8,0.1,Apple Pay,3.0
ORD-001504,CUST-00484,2025-11-06 05:32:00,Spain,Books,4,32.63,0.0,Credit Card,4.0
ORD-004429,CUST-01157,2025-05-28 05:03:00,Germany,Clothing,6,98.67,0.0,PayPal,2.0
ORD-004977,CUST-00861,2025-03-29 00:33:00,Germany,Books,3,13.78,0.0,Credit Card,5.0
ORD-004511,CUST-00450,2024-05-06 17:12:00,Netherlands,Clothing,3,148.8,0.0,Apple Pay,5.0
ORD-003596,CUST-00435,2024-03-16 16:08:00,Germany,Electronics,1,794.22,0.1,Credit Card,2.0
ORD-000315,CUST-00366,2024-05-26 15:15:00,Italy,Clothing,6,102.64,0.0,Credit Card,3.0
ORD-001222,CUST-00830,2025-11-17 07:04:00,Spain,Home,1,189.04,0.05,Credit Card,5.0
ORD-004905,CUST-00284,2025-11-19 15:14:00,France,Home,1,143.09,0.0,Credit Card,5.0
ORD-000114,CUST-00689,2024-12-07 07:36:00,Belgium,Sports,2,281.84,0.05,PayPal,4.0
ORD-000961,CUST-00231,2024-09-20 01:55:00,France,Books,2,18.81,0.2,Credit Card,1.0
ORD-003735,CUST-00484,2025-06-21 04:27:00,Belgium,Sports,2,88.36,0.0,Credit Card,4.0
ORD-002275,CUST-00267,2025-02-18 02:33:00,Italy,Electronics,1,562.41,0.0,PayPal,5.0
ORD-004426,CUST-01309,2025-04-02 18:18:00,Germany,Electronics,3,636.19,0.0,PayPal,
ORD-004646,CUST-00605,2025-03-29 22:33:00,Netherlands,Home,6,322.33,0.05,Credit Card,4.0
ORD-003022,CUST-00197,2024-06-16 06:12:00,Germany,Books,2,46.06,0.0,Credit Card,4.0
ORD-004559,CUST-01126,2025-08-10 13:00:00,France,Books,7,80.0,0.0,Credit Card,4.0
ORD-004040,CUST-00561,2024-08-07 21:52:00,France,Books,1,80.0,0.1,Credit Card,5.0
ORD-002573,CUST-01096,2024-03-16 12:50:00,Spain,Home,1,158.15,0.0,PayPal,5.0
ORD-003436,CUST-00910,2025-01-21 23:02:00,Germany,Home,1,231.86,0.0,PayPal,4.0
ORD-004543,CUST-01390,2025-10-28 13:46:00,Spain,Books,2,80.0,0.1,PayPal,4.0
ORD-001840,CUST-00830,2024-11-07 12:11:00,France,Sports,7,281.45,0.1,Credit Card,4.0
ORD-002961,CUST-01383,2024-07-10 16:56:00,France,Home,2,151.75,0.05,Credit Card,3.0
ORD-002229,CUST-00435,2025-03-23 06:38:00,Belgium,Sports,1,233.2,0.2,Credit Card,3.0
ORD-004705,CUST-01103,2025-05-30 08:17:00,France,Clothing,5,140.32,0.0,Apple Pay,4.0
ORD-002016,CUST-00479,2024-11-09 10:40:00,France,Electronics,2,962.75,0.0,Credit Card,5.0
ORD-004205,CUST-00446,2025-07-28 00:01:00,Belgium,Clothing,1,154.27,0.3,Bank Transfer,4.0
ORD-003037,CUST-01204,2024-01-30 03:04:00,Netherlands,home,7,56.23,0.15,PayPal,4.0
ORD-004148,CUST-01284,2025-08-09 06:29:00,Belgium,Sports,2,82.28,0.1,PayPal,3.0
ORD-001841,CUST-00638,2025-12-24 15:19:00,Belgium,Clothing,3,214.21,0.1,Apple Pay,5.0
ORD-001593,CUST-00576,2025-09-08 09:38:00,Belgium,Clothing,1,88.38,0.1,Credit Card,1.0
ORD-002882,CUST-00355,2025-11-15 07:29:00,Spain,Clothing,6,194.01,0.0,Credit Card,4.0
ORD-003347,CUST-00904,2025-03-30 00:53:00,Belgium,Home,1,282.51,0.1,Credit Card,4.0
ORD-004603,CUST-00470,2025-04-21 11:46:00,Spain,Sports,2,318.25,0.0,Credit Card,4.0
ORD-004048,CUST-00373,2025-04-03 17:56:00, Netherlands,Clothing,1,28.88,0.15,Credit Card,4.0
ORD-001653,CUST-00078,2025-07-15 19:18:00,Spain,Books,1,22.28,0.0,Credit Card,5.0
ORD-000790,CUST-00019,2024-12-22 02:11:00,France,Books,2,39.84,0.2,PayPal,5.0
ORD-002283,CUST-00486,2025-08-23 07:18:00,Netherlands,Sports,2,127.8,0.0,Credit Card,4.0
ORD-002218,CUST-01498,2024-04-25 11:41:00,France,Books,2,20.08,0.05,Credit Card,5.0
ORD-003705,CUST-01417,2024-01-25 13:23:00,France,Electronics,1,485.42,0.0,Credit Card,4.0
ORD-000872,CUST-00303,2025-05-01 18:37:00,France,Sports,1,56.44,0.0,Credit Card,5.0
ORD-004893,CUST-00088,2024-02-24 20:30:00,France,Books,3,32.46,0.3,PayPal,5.0
ORD-002125,CUST-01119,2025-07-08 01:38:00,Netherlands,Clothing,2,250.0,0.1,Credit Card,3.0
ORD-003244,CUST-00779,2024-05-14 03:05:00,France,Clothing,3,146.77,0.15,Credit Card,5.0
ORD-000074,CUST-00195,2024-09-13 07:53:00,Italy,Home,1,87.39,0.0,Credit Card,4.0
ORD-001780,CUST-01027,2024-03-31 21:19:00,Netherlands,Electronics,2,694.59,0.3,PayPal,4.0
ORD-001770,CUST-00296,2024-06-07 02:03:00,France,Electronics,2,651.46,0.0,Credit Card,
ORD-004884,CUST-00241,2024-10-09 11:02:00,France,Clothing,4,57.02,0.0,PayPal,5.0
ORD-003698,CUST-00619,2024-06-02 16:42:00,France,Home,3,169.89,0.0,PayPal,4.0
ORD-004339,CUST-01111,2025-09-28 13:51:00,France,Sports,5,113.25,0.05,Credit Card,
ORD-004590,CUST-00449,2025-11-09 00:28:00,Germany,Clothing,1,149.29,0.05,Bank Transfer,3.0
ORD-003834,CUST-00990,2024-02-08 12:23:00,Belgium,Home,1,263.85,0.1,PayPal,4.0
ORD-004336,CUST-00639,2024-12-23 11:01:00,France,Electronics,4,358.74,0.0,Credit Card,
ORD-004997,CUST-01121,2024-10-09 08:57:00,Spain,Home,2,500.0,0.1,Credit Card,5.0
ORD-001752,CUST-01332,2024-11-17 02:12:00,France,Home,2,500.0,0.15,Apple Pay,4.0
ORD-000495,CUST-00435,2025-11-22 13:42:00,Belgium,Clothing,1,46.39,0.0,Credit Card,5.0
ORD-003152,CUST-00338,2024-01-20 05:19:00,Italy,Electronics,6,490.77,0.0,Credit Card,4.0
ORD-002395,CUST-00710,2024-02-07 02:03:00,France,Home,3,271.52,0.0,PayPal,2.0
ORD-002118,CUST-00814,2025-10-22 13:09:00,Italy,Electronics,6,423.85,0.1,Credit Card,4.0
ORD-001165,CUST-00776,2024-11-30 20:18:00,Belgium,Electronics,1,488.4,0.0,Credit Card,4.0
ORD-002310,CUST-00801,2024-08-14 23:41:00,Germany,Sports,3,268.68,0.15,Credit Card,5.0
ORD-003931,CUST-01064,2024-01-03 12:39:00,Belgium,Sports,4,400.0,0.0,Credit Card,5.0
ORD-002597,CUST-00751,2024-10-02 14:03:00,Netherlands,Electronics,1,585.37,0.05,Bank Transfer,5.0
ORD-002487,CUST-00367,2024-12-09 10:27:00,France,Home,1,228.93,0.1,Credit Card,3.0
ORD-001729,CUST-00667,2025-09-02 08:27:00,Italy,Sports,3,256.19,0.0,Apple Pay,3.0
ORD-000619,CUST-00092,2025-09-29 21:41:00,Netherlands,Electronics,5,760.41,0.0,Credit Card,
ORD-002463,CUST-00712,2025-01-26 11:46:00,France,Sports,2,400.0,0.1,Credit Card,5.0
ORD-001715,CUST-00967,2024-10-28 08:13:00,Belgium,Electronics,4,1200.0,0.1,Credit Card,5.0
ORD-003985,CUST-01287,2025-01-09 19:27:00,Netherlands,Books,4,18.51,0.15,Credit Card,2.0
ORD-004227,CUST-00675,2025-02-22 16:01:00,France,Electronics,1,543.35,0.1,Apple Pay,4.0
ORD-003427,CUST-00721,2024-12-22 08:05:00,Netherlands,Sports,1,232.32,0.1,Credit Card,5.0
ORD-003432,CUST-01156,2024-02-16 08:23:00,Germany,Home,1,381.98,0.2,Credit Card,5.0
ORD-000870,CUST-00061,2024-05-10 06:01:00,Netherlands,Sports,8,400.0,0.0,PayPal,4.0
ORD-004858,CUST-00948,2025-04-11 10:12:00,France,Books,2,46.7,0.0,Apple Pay,4.0
ORD-001043,CUST-00623,2024-11-24 14:12:00,Italy,Electronics,5,863.54,0.05,Credit Card,5.0
ORD-002649,CUST-01405,2025-07-13 23:40:00,France,Clothing,1,158.51,0.0,PayPal,4.0
ORD-000357,CUST-00228,2024-04-19 23:07:00,Germany,Electronics,1,976.07,0.05,Apple Pay,3.0
ORD-001163,CUST-01272,2024-12-03 12:31:00,France,Home,2,131.62,0.05,Credit Card,4.0
ORD-002785,CUST-01368,2024-09-06 10:59:00,Spain,Clothing,1,122.86,0.0,PayPal,4.0
ORD-001323,CUST-00825,2025-06-04 05:23:00,Germany,Electronics,3,763.89,0.0,Apple Pay,3.0
ORD-004396,CUST-00769,2024-04-06 22:13:00,France,Books,2,51.25,0.1,Credit Card,3.0
ORD-001724,CUST-01097,2025-11-13 01:24:00,France,Electronics,7,446.57,0.05,Credit Card,4.0
ORD-002603,CUST-01171,2024-03-01 12:09:00,Belgium,Electronics,2,331.44,0.0,Credit Card,5.0
ORD-003569,CUST-01133,2024-05-15 13:54:00,Germany,Books,1,21.53,0.1,Credit Card,5.0
ORD-004682,CUST-00256,2025-04-03 20:01:00,Italy,Sports,4,200.37,0.0,Credit Card,4.0
ORD-003366,CUST-01125,2024-02-09 06:06:00,France,Clothing,4,132.57,0.0,Bank Transfer,1.0
ORD-003863,CUST-00372,2025-06-28 00:27:00,Germany,Sports,5,386.42,0.05,Credit Card,4.0
ORD-000333,CUST-00465,2025-09-16 23:45:00,Spain,Electronics,2,513.59,0.0,Apple Pay,5.0
ORD-001816,CUST-00167,2024-03-13 10:06:00,Italy,Home,5,284.19,0.1,PayPal,4.0
ORD-002756,CUST-01308,2025-10-05 15:34:00,Italy,Books,2,44.31,0.1,Credit Card,2.0
ORD-001676,CUST-01476,2024-05-29 23:43:00,France,Sports,5,154.77,0.1,Bank Transfer,4.0
ORD-003692,CUST-00940,2024-11-09 01:29:00,Spain,Clothing,3,250.0,0.0,Apple Pay,2.0
ORD-002880,CUST-01466,2024-03-31 00:58:00,France,Clothing,2,101.75,0.1,PayPal,1.0
ORD-001117,CUST-01494,2025-06-06 18:07:00,France,Electronics,2,854.04,0.05,PayPal,1.0
ORD-001878,CUST-01345,2024-10-16 12:02:00,France,Electronics,1,1200.0,0.0,PayPal,3.0
ORD-003577,CUST-00969,2024-03-07 17:44:00,Germany,Home,2,500.0,0.2,Apple Pay,3.0
ORD-002537,CUST-00490,2024-09-04 17:50:00,France,Books,3,13.75,0.1,Apple Pay,5.0
ORD-002485,CUST-00516,2025-09-16 11:09:00,Spain,Sports,3,67.17,0.05,Credit Card,5.0
ORD-003287,CUST-00197,2025-12-31 22:55:00,Belgium,Clothing,1,131.77,0.0,Credit Card,3.0
ORD-003882,CUST-00336,2025-02-01 22:03:00,France,Home,1,261.7,0.1,Credit Card,4.0
ORD-000446,CUST-00995,2024-05-17 12:04:00,France,Clothing,2,89.73,0.1,PayPal,
ORD-004053,CUST-01148,2024-07-24 14:00:00,Netherlands,Home,2,239.43,0.1,Credit Card,4.0
ORD-000453,CUST-00749,2025-05-25 00:02:00,Italy,Sports,1,114.53,0.05,Credit Card,5.0
ORD-003856,CUST-01068,2024-10-14 02:30:00,Spain,Clothing,2,118.73,0.2,Credit Card,
ORD-004449,CUST-00827,2024-10-31 00:15:00,Spain,Sports,4,327.75,0.1,Credit Card,5.0
ORD-002975,CUST-00026,2024-09-01 04:46:00,France,Sports,5,400.0,0.0,Bank Transfer,4.0
ORD-000015,CUST-01077,2024-10-18 13:48:00,Netherlands,Clothing,1,95.84,0.2,Credit Card,5.0
ORD-002643,CUST-00305,2025-05-29 06:02:00,France,Home,2,311.85,0.15,PayPal,2.0
ORD-000946,CUST-00179,2025-02-02 09:39:00,Netherlands,Electronics,2,987.38,0.0,Apple Pay,5.0
ORD-000248,CUST-00624,2025-03-30 21:27:00,Germany,Clothing,2,62.7,0.15,Credit Card,3.0
ORD-003239,CUST-01325,2024-07-14 03:01:00,France,Clothing,5,204.59,0.0,PayPal,3.0
ORD-000361,CUST-01269,2025-10-18 09:14:00,Belgium,Books,1,29.78,0.05,Credit Card,2.0
ORD-004672,CUST-01035,2025-02-20 16:11:00,France,Clothing,4,127.77,0.15,PayPal,3.0
ORD-001565,CUST-00836,2025-03-08 03:07:00,France,Sports,3,348.55,0.15,Bank Transfer,3.0
ORD-003266,CUST-00964,2024-08-21 14:59:00,Germany,Books,1,60.95,0.0,Bank Transfer,3.0
ORD-004877,CUST-00619,2024-09-04 23:20:00,Netherlands,Sports,1,156.6,0.05,Credit Card,4.0
ORD-003190,CUST-01252,2024-04-07 03:55:00,Italy,Books,7,42.56,0.0,Credit Card,
ORD-003102,CUST-00197,2025-06-21 00:59:00,France,Home,3,141.47,0.05,Bank Transfer,
ORD-004465,CUST-00669,2024-10-15 13:16:00,Italy,Electronics,1,1200.0,0.1,Credit Card,3.0
ORD-001361,CUST-00124,2025-11-04 01:11:00,Belgium,Electronics,1,670.19,0.15,Bank Transfer,5.0
ORD-004900,CUST-00878,2024-10-03 00:02:00,Spain,Clothing,3,129.39,0.15,Apple Pay,5.0
ORD-004114,CUST-01468,2025-10-12 02:04:00,France,Clothing,1,147.4,0.0,Credit Card,5.0
ORD-000491,CUST-01400,2024-01-12 03:26:00,France,Books,1,58.07,0.0,PayPal,3.0
ORD-000863,CUST-00181,2025-08-27 03:06:00,France,Clothing,1,85.01,0.1,PayPal,4.0
ORD-001768,CUST-00702,2025-04-26 03:05:00,Italy,Home,1,179.3,0.0,Apple Pay,3.0
ORD-002230,CUST-01472,2025-02-18 03:27:00,Spain,Books,6,21.05,0.0,Credit Card,2.0
ORD-002095,CUST-00244,2024-04-01 19:37:00,Germany,Sports,4,400.0,0.2,Apple Pay,5.0
ORD-002465,CUST-00696,2024-12-11 18:36:00,Belgium,Home,1,500.0,0.0,Bank Transfer,4.0
ORD-001648,CUST-00996,2025-04-03 19:04:00,France,Clothing,1,60.26,0.1,Credit Card,5.0
ORD-000507,CUST-00797,2024-05-22 01:00:00,Spain,Sports,1,376.42,0.0,Credit Card,2.0
ORD-002818,CUST-01301,2024-10-11 07:02:00,Belgium,Electronics,2,653.5,0.1,Credit Card,3.0
ORD-004380,CUST-01395,2025-05-08 03:20:00,Germany,Books,2,49.75,0.1,PayPal,2.0
ORD-001972,CUST-01381,2024-05-10 00:38:00,France,Sports,1,152.82,0.0,Apple Pay,2.0
ORD-001223,CUST-01443,2025-10-01 11:01:00,France,Home,1,139.87,0.0,Credit Card,1.0
ORD-001114,CUST-00439,2024-12-01 21:57:00,Germany,Sports,3,141.09,0.2,Credit Card,4.0
ORD-001935,CUST-00221,2024-07-08 04:37:00,Belgium,Home,1,500.0,0.05,Apple Pay,4.0
ORD-004810,CUST-01209,2025-08-06 16:00:00,France,Clothing,1,157.7,0.05,Bank Transfer,
ORD-002498,CUST-01333,2024-03-07 06:56:00,Germany,Books,3,43.39,0.2,Credit Card,5.0
ORD-004688,CUST-00433,2025-01-30 00:38:00,Spain,Clothing,1,185.59,0.0,Apple Pay,5.0
ORD-000434,CUST-00197,2024-05-14 08:00:00,Germany,Books,5,16.9,0.3,Apple Pay,4.0
ORD-002084,CUST-01002,2024-01-08 21:36:00,Spain,Sports,1,205.26,0.0,Credit Card,2.0
ORD-004703,CUST-00817,2024-01-22 02:38:00,Spain,Home,1,139.63,0.05,Credit Card,5.0
ORD-002856,CUST-00117,2025-03-27 07:03:00,Spain,Clothing,2,219.95,0.1,Apple Pay,4.0
ORD-004369,CUST-01390,2024-01-16 22:30:00,Netherlands,Sports,6,176.95,0.0,Apple Pay,4.0
ORD-004521,CUST-01486,2025-02-11 22:13:00,France,Electronics,1,268.38,0.0,Apple Pay,4.0
ORD-004781,CUST-01275,2025-02-03 06:13:00,Spain,Books,2,28.14,0.1,Credit Card,1.0
ORD-004982,CUST-01439,2024-03-09 21:59:00,Italy,Home,2,165.43,0.0,Credit Card,5.0
ORD-003274,CUST-00606,2024-06-03 19:45:00,France,Clothing,4,111.56,0.05,Credit Card,4.0
ORD-003486,CUST-00041,2024-07-13 22:36:00,Belgium,Clothing,2,88.34,0.05,Credit Card,4.0
ORD-001103,CUST-01379,2024-12-10 11:43:00,Spain,Clothing,1,77.24,0.05,Bank Transfer,3.0
ORD-002469,CUST-00041,2024-08-14 13:29:00,France,Books,1,36.79,0.0,PayPal,4.0
ORD-002331,CUST-00098,2024-03-07 09:45:00,France,Clothing,3,214.84,0.0,Apple Pay,1.0
ORD-004668,CUST-00208,2025-05-20 17:38:00,Belgium,Clothing,2,250.0,0.0,Credit Card,
ORD-003867,CUST-00784,2024-03-19 08:59:00,Spain,Electronics,3,377.95,0.1,Credit Card,4.0
ORD-000157,CUST-00190,2025-02-07 06:35:00,Germany,Clothing,1,142.31,0.1,Credit Card,5.0
ORD-002999,CUST-00653,2025-01-20 09:53:00,Belgium,Sports,2,224.1,0.0,Credit Card,2.0
ORD-003568,CUST-00231,2025-02-03 16:50:00,France,Clothing,2,97.3,0.0,PayPal,3.0
ORD-000616,CUST-00960,2025-04-26 02:24:00,Germany,Books,1,15.86,0.1,Credit Card,3.0
ORD-000644,CUST-00722,2025-07-03 02:47:00,Netherlands,Electronics,2,584.34,0.0,PayPal,
ORD-004244,CUST-00050,2024-02-19 12:28:00,France,Books,1,21.44,0.0,Credit Card,
ORD-003878,CUST-00369,2025-02-04 08:55:00,France,Electronics,4,688.06,0.2,PayPal,4.0
ORD-001069,CUST-00501,2024-11-17 13:28:00,Germany,Clothing,1,250.0,0.15,Credit Card,5.0
ORD-003306,CUST-00383,2025-08-12 20:06:00,France,Books,4,30.01,0.0,Credit Card,
ORD-002664,CUST-00745,2025-09-11 02:00:00,Italy,Books,2,80.0,0.0,Bank Transfer,5.0
ORD-004254,CUST-00509,2024-12-24 03:43:00,France,Clothing,2,59.79,0.1,Credit Card,3.0
ORD-003210,CUST-00353,2025-03-27 07:18:00,Belgium,Electronics,4,693.55,0.0,PayPal,3.0
ORD-000331,CUST-00821,2024-02-06 11:49:00,Germany,Books,1,80.0,0.05,Credit Card,5.0
ORD-004013,CUST-01035,2025-12-31 13:01:00,Italy,Home,7,295.35,0.0,Bank Transfer,5.0
ORD-002665,CUST-00323,2025-04-24 10:15:00,France,Electronics,1,586.39,0.0,Credit Card,4.0
ORD-004495,CUST-00461,2025-10-18 11:33:00,France,Sports,3,227.42,0.2,Credit Card,5.0
ORD-000623,CUST-00248,2024-11-23 05:44:00,Belgium,Clothing,3,70.59,0.1,Credit Card,5.0
ORD-004974,CUST-01159,2024-09-02 05:27:00,Belgium,Books,2,44.21,0.15,PayPal,3.0
ORD-002343,CUST-00819,2024-05-04 15:32:00,France,Electronics,1,1200.0,0.1,Credit Card,5.0
ORD-004478,CUST-00553,2025-06-27 21:58:00,Belgium,Home,3,492.9,0.05,Credit Card,5.0
ORD-002922,CUST-01157,2025-04-21 11:23:00,Netherlands,Sports,1,336.62,0.0,PayPal,5.0
ORD-004271,CUST-01199,2025-06-06 05:54:00,Belgium,Electronics,7,1200.0,0.0,Credit Card,2.0
ORD-002053,CUST-00542,2024-06-17 20:43:00,France,Home,2,327.31,0.15,PayPal,2.0
ORD-002729,CUST-00872,2024-10-24 10:18:00,Germany,Sports,1,180.52,0.1,PayPal,2.0
ORD-000756,CUST-00657,2025-03-13 18:24:00,Germany,Clothing,1,79.54,0.15,Bank Transfer,5.0
ORD-000519,CUST-00714,2024-10-31 12:08:00,Spain,Electronics,7,800.75,0.0,Credit Card,5.0
ORD-003828,CUST-00825,2024-02-13 00:57:00,Spain,Clothing,2,158.02,0.05,Bank Transfer,5.0
ORD-000033,CUST-00139,2025-03-26 07:56:00,Italy,Electronics,4,1007.52,0.1,Bank Transfer,3.0
ORD-002958,CUST-00730,2025-05-31 00:54:00,Germany,Sports,1,174.4,0.1,Bank Transfer,4.0
ORD-001158,CUST-01276,2024-05-05 11:23:00,Belgium,Sports,6,345.7,0.15,Bank Transfer,5.0
ORD-000745,CUST-01193,2024-11-18 08:21:00,Italy,Electronics,1,357.74,0.0,PayPal,5.0
ORD-001425,CUST-00384,2025-09-15 08:03:00,France,Books,1,12.74,0.0,Credit Card,5.0
ORD-002421,CUST-00388,2024-03-16 06:19:00,France,Home,3,238.21,0.2,PayPal,3.0
ORD-001663,CUST-00278,2024-12-24 08:39:00,France,Electronics,2,856.0,0.15,Credit Card,4.0
ORD-002610,CUST-01241,2025-11-23 12:32:00,Belgium,Clothing,1,140.19,0.0,Credit Card,4.0
ORD-000784,CUST-00183,2025-07-31 18:52:00,France,Electronics,2,559.55,0.0,PayPal,5.0
ORD-004934,CUST-01242,2025-11-04 02:13:00,France,Electronics,5,446.66,0.0,Credit Card,5.0
ORD-004739,CUST-00525,2024-04-23 12:35:00,France,Clothing,2,143.55,0.05,Apple Pay,4.0
ORD-000230,CUST-00266,2024-06-28 18:12:00,Germany,Books,2,40.93,0.1,PayPal,4.0
ORD-000858,CUST-00086,2025-11-09 04:57:00,Spain,,1,1200.0,0.0,Credit Card,4.0
ORD-001520,CUST-00692,2024-07-20 18:39:00,Spain,Home,5,202.58,0.0,PayPal,4.0
ORD-002380,CUST-00981,2024-07-30 14:08:00,France,Clothing,3,117.94,0.0,Apple Pay,3.0
ORD-000409,CUST-01402,2024-10-01 17:35:00,Spain,Clothing,3,61.57,0.0,Credit Card,5.0
ORD-000171,CUST-00160,2024-10-23 19:54:00,Germany,Clothing,3,250.0,0.15,PayPal,3.0
ORD-000541,CUST-01064,2024-03-25 22:48:00,Netherlands,Clothing,1,112.57,0.0,Credit Card,3.0
ORD-002228,CUST-01400,2024-10-02 22:19:00,Germany,Home,3,500.0,0.0,Bank Transfer,4.0
ORD-002322,CUST-00053,2025-01-29 06:49:00,Germany,Books,1,19.51,0.3,PayPal,5.0
ORD-002586,CUST-00832,2025-10-02 06:17:00,France,Sports,2,326.35,0.0,PayPal,3.0
ORD-000614,CUST-00578,2025-09-13 06:51:00,France,Electronics,1,607.17,0.0,Bank Transfer,4.0
ORD-001514,CUST-00497,2025-06-02 01:38:00,France,Books,1,19.83,0.05,Credit Card,4.0
ORD-001836,CUST-00207,2024-07-07 00:48:00,Belgium,Clothing,2,93.61,0.0,Bank Transfer,3.0
ORD-003460,CUST-00595,2024-09-30 09:22:00,Germany,Home,5,111.25,0.15,Apple Pay,5.0
ORD-001162,CUST-00749,2025-08-28 03:28:00,Italy,Electronics,2,1200.0,0.0,Credit Card,5.0
ORD-002078,CUST-00661,2024-06-14 03:26:00,Netherlands,Books,3,24.12,0.0,Bank Transfer,5.0
ORD-003170,CUST-00910,2025-03-22 16:32:00,France,Books,3,8.0,0.0,PayPal,5.0
ORD-001621,CUST-00398,2025-01-21 18:51:00,Italy,Home,4,500.0,0.0,Apple Pay,3.0
ORD-003780,CUST-00670,2024-05-27 03:23:00,Spain,Clothing,2,46.98,0.0,PayPal,5.0
ORD-001894,CUST-01066,2024-07-21 20:20:00,Italy,Electronics,1,1078.5,0.15,PayPal,1.0
ORD-002216,CUST-00586,2025-06-10 02:10:00,France,Home,3,297.94,0.0,Bank Transfer,5.0
ORD-000565,CUST-01334,2025-08-28 19:08:00,Spain,Home,4,205.85,0.0,Bank Transfer,3.0
ORD-004960,CUST-01417,2025-07-15 09:42:00,France,Sports,1,152.94,0.1,PayPal,5.0
ORD-004377,CUST-00475,2024-08-19 04:22:00,France,Clothing,1,61.24,0.05,Credit Card,5.0
ORD-001823,CUST-00453,2024-08-27 09:45:00,Italy,Home,1,153.13,0.15,Bank Transfer,
ORD-002793,CUST-01084,2024-09-15 13:27:00,Germany,Clothing,1,78.3,0.3,PayPal,3.0
ORD-003733,CUST-00603,2024-09-12 10:13:00,Germany,Sports,4,370.87,0.0,Bank Transfer,2.0
ORD-002288,CUST-01232,2025-12-26 15:14:00,Italy,Home,1,500.0,0.3,Credit Card,1.0
ORD-004944,CUST-01297,2024-08-26 11:18:00,France,Clothing,1,250.0,0.0,Credit Card,5.0
ORD-003498,CUST-00715,2025-03-02 00:32:00,Germany,Home,1,315.84,0.05,Credit Card,4.0
ORD-001558,CUST-01160,2025-08-27 21:04:00,Netherlands,Home,1,121.85,0.15,Bank Transfer,5.0
ORD-003484,CUST-00347,2025-09-18 22:23:00,France,,1,500.0,0.1,Apple Pay,
ORD-003209,CUST-00631,2024-03-31 09:43:00,Germany,Electronics,6,1200.0,0.1,PayPal,
ORD-001539,CUST-01060,2025-06-17 14:27:00,Italy,Clothing,1,43.42,0.05,Credit Card,5.0
ORD-001173,CUST-00588,2025-01-02 22:55:00,Italy,Clothing,1,122.52,0.0,Apple Pay,4.0
ORD-001449,CUST-01109,2025-12-26 00:51:00,Spain,Electronics,4,596.73,0.0,Credit Card,5.0
ORD-000326,CUST-00346,2025-02-05 22:09:00,France,Clothing,4,167.8,0.1,Credit Card,4.0
ORD-001052,CUST-00548,2025-04-19 10:34:00,Germany,Clothing,1,186.37,0.0,PayPal,5.0
ORD-003594,CUST-00854,2025-04-26 01:32:00,France,Electronics,2,590.09,0.05,Credit Card,5.0
ORD-003814,CUST-00665,2025-08-16 22:18:00,Spain,Electronics,2,314.03,0.0,Credit Card,4.0
ORD-002906,CUST-01297,2024-08-27 14:12:00,Belgium,Electronics,2,1200.0,0.1,Credit Card,5.0
ORD-003662,CUST-00703,2025-11-21 06:05:00,Spain,Electronics,3,217.11,0.0,Bank Transfer,4.0
ORD-004623,CUST-01240,2025-04-18 10:56:00,Netherlands,Books,1,80.0,0.0,Credit Card,2.0
ORD-001197,CUST-01071,2025-01-13 19:24:00,France,Home,1,307.95,0.0,Credit Card,5.0
ORD-000621,CUST-00651,2025-06-15 13:10:00,Germany,Sports,1,135.48,0.1,PayPal,4.0
ORD-003276,CUST-01386,2024-03-10 03:35:00,Netherlands,Clothing,1,250.0,0.2,PayPal,
ORD-002900,CUST-00303,2024-05-27 09:57:00,Germany,Clothing,2,136.13,0.05,Credit Card,4.0
ORD-001190,CUST-00011,2024-04-04 00:53:00,Germany,Electronics,4,892.92,0.0,Credit Card,5.0
ORD-000329,CUST-00212,2024-04-12 07:54:00,Germany,Home,4,94.67,0.0,Bank Transfer,5.0
ORD-000649,CUST-01441,2025-08-03 13:28:00,France,Home,2,304.06,0.0,Credit Card,4.0
ORD-000898,CUST-00082,2025-01-06 08:43:00,Italy,Electronics,3,697.49,0.0,Credit Card,
ORD-001492,CUST-00735,2025-05-13 04:02:00,France,Electronics,2,207.15,0.0,PayPal,5.0
ORD-001124,CUST-00366,2025-11-02 23:48:00,France,Electronics,2,487.85,0.0,Credit Card,5.0
ORD-003948,CUST-00554,2024-07-23 00:50:00,France,Electronics,3,478.09,0.1,PayPal,5.0
ORD-004986,CUST-00077,2025-09-06 01:06:00,Belgium,Clothing,2,170.0,0.1,Credit Card,4.0
ORD-002788,CUST-00090,2025-04-27 03:53:00,Italy,Electronics,2,354.62,0.05,PayPal,5.0
ORD-001422,CUST-01493,2024-11-22 14:19:00,France,Books,2,37.58,0.05,Credit Card,2.0
ORD-001947,CUST-00236,2024-02-02 08:58:00,France,Sports,7,54.47,0.2,Credit Card,5.0
ORD-001814,CUST-00744,2024-03-30 11:06:00,Netherlands,Home,3,500.0,0.0,PayPal,4.0
ORD-003334,CUST-01273,2024-01-18 01:30:00,France,Sports,2,115.76,0.0,Credit Card,3.0
ORD-004400,CUST-00995,2025-02-10 06:58:00,Italy,Clothing,3,169.47,0.0,Credit Card,4.0
ORD-001570,CUST-01477,2024-04-01 20:05:00,Spain,Electronics,5,557.32,0.0,Credit Card,4.0
ORD-001534,CUST-00283,2025-07-08 13:26:00,Italy,Sports,1,341.26,0.1,Apple Pay,4.0
ORD-001024,CUST-01263,2024-03-31 01:23:00,Italy,Home,3,431.86,0.0,Credit Card,3.0
ORD-004335,CUST-01376,2024-04-14 05:02:00,France,Books,3,55.49,0.1,Credit Card,5.0
ORD-002747,CUST-00337,2024-01-13 06:34:00,Belgium,Sports,2,238.83,0.05,Credit Card,5.0
ORD-001838,CUST-00457,2025-10-02 23:36:00,Netherlands,Clothing,5,250.0,0.05,Apple Pay,3.0
ORD-001421,CUST-01425,2024-09-24 06:09:00,Italy,Sports,8,400.0,0.05,PayPal,
ORD-003730,CUST-00959,2025-12-24 10:02:00,Belgium,Home,1,163.59,0.1,PayPal,4.0
ORD-000810,CUST-01496,2025-07-05 21:51:00,Netherlands,Electronics,1,640.26,0.0,Credit Card,5.0
ORD-004274,CUST-00472,2024-06-20 20:22:00,Netherlands,Electronics,2,524.4,0.05,Credit Card,2.0
ORD-000979,CUST-00527,2025-04-30 03:11:00,Germany,Electronics,2,642.33,0.0,PayPal,4.0
ORD-003478,CUST-00797,2024-02-03 00:32:00,Spain,Home,1,397.76,0.05,Apple Pay,5.0
ORD-003833,CUST-01213,2024-12-30 09:02:00,Germany,Books,1,80.0,0.0,PayPal,5.0
ORD-001757,CUST-00523,2024-09-20 20:58:00,Netherlands,Clothing,5,80.95,0.1,Credit Card,5.0
ORD-004441,CUST-00490,2024-02-04 07:52:00,France,Electronics,2,486.74,0.2,Credit Card,4.0
ORD-002439,CUST-01267,2025-01-08 01:16:00,Germany,Electronics,1,808.57,0.1,Apple Pay,3.0
ORD-002516,CUST-01230,2025-03-10 19:01:00,Italy,Clothing,1,177.78,0.0,Credit Card,1.0
ORD-003260,CUST-00616,2024-01-26 11:13:00,Belgium,Books,2,60.62,0.3,Credit Card,3.0
ORD-003461,CUST-00625,2024-02-02 00:04:00,France,Clothing,1,198.31,0.1,Bank Transfer,5.0
ORD-003801,CUST-01385,2024-08-26 00:09:00,France,Electronics,3,572.82,0.2,Apple Pay,
ORD-000175,CUST-01046,2025-07-03 22:36:00,France,Electronics,2,709.47,0.15,Bank Transfer,5.0
ORD-002299,CUST-00333,2025-01-28 16:31:00,France,Clothing,1,118.02,0.05,Credit Card,4.0
ORD-004087,CUST-00405,2025-08-28 20:14:00,France,Home,1,211.82,0.15,Credit Card,2.0
ORD-001506,CUST-00364,2025-12-24 09:03:00,France,Books,1,22.17,0.1,PayPal,4.0
ORD-004476,CUST-00481,2024-04-08 10:06:00,Italy,Sports,2,243.3,0.0,Credit Card,5.0
ORD-000218,CUST-00145,2025-06-24 01:27:00,France,Books,3,80.0,0.0,PayPal,5.0
ORD-003939,CUST-01085,2024-08-06 17:51:00,Spain,Clothing,3,107.81,0.2,Credit Card,1.0
ORD-003960,CUST-00323,2025-11-16 04:10:00,France,Clothing,1,250.0,0.0,Credit Card,5.0
ORD-000691,CUST-01495,2024-08-05 19:36:00,Belgium,Electronics,6,653.58,0.15,Apple Pay,3.0
ORD-004538,CUST-01086,2024-12-06 13:50:00,Netherlands,Clothing,2,94.93,0.0,PayPal,5.0
ORD-002479,CUST-00117,2024-09-10 16:22:00, Netherlands,Home,2,222.65,0.1,Apple Pay,5.0
ORD-004870,CUST-01046,2025-06-18 06:13:00,France,Home,1,271.77,0.2,Credit Card,3.0
ORD-001107,CUST-00367,2024-06-17 04:39:00,Italy,Electronics,7,305.36,0.1,Credit Card,2.0
ORD-001633,CUST-00137,2025-08-08 15:39:00,France,Electronics,4,513.72,0.0,PayPal,4.0
ORD-003086,CUST-00542,2024-12-01 20:51:00,Italy,Electronics,2,309.3,0.0,Credit Card,4.0
ORD-001554,CUST-00929,2025-10-26 04:35:00,France,Sports,1,400.0,0.0,Credit Card,4.0
ORD-000612,CUST-00695,2025-03-29 01:47:00,France,Clothing,5,90.59,0.2,Credit Card,
ORD-003263,CUST-01112,2024-06-15 17:53:00,France,Home,2,192.1,0.0,Credit Card,4.0
ORD-004275,CUST-00050,2024-07-14 12:16:00,Germany,Electronics,2,597.93,0.0,Credit Card,2.0
ORD-000577,CUST-01389,2024-04-01 07:41:00,Italy,Sports,1,400.0,0.0,Credit Card,3.0
ORD-002081,CUST-01241,2025-04-07 10:16:00, Belgium,Books,3,61.34,0.0,PayPal,3.0
ORD-004450,CUST-01348,2024-04-27 09:54:00,Italy,Sports,6,290.23,0.15,Bank Transfer,5.0
ORD-001181,CUST-00912,2025-01-05 23:28:00,France,Sports,2,191.18,0.1,Credit Card,5.0
ORD-000889,CUST-00024,2025-07-27 09:33:00,Germany,Sports,2,400.0,0.0,Credit Card,5.0
ORD-003978,CUST-01481,2025-01-03 00:23:00,Netherlands,Sports,1,400.0,0.2,PayPal,4.0
ORD-004627,CUST-00005,2025-02-08 04:10:00,Italy,Books,2,60.51,0.0,PayPal,3.0
ORD-003854,CUST-00529,2024-08-22 12:28:00,Germany,Books,2,19.4,0.0,PayPal,5.0
ORD-000818,CUST-00160,2025-08-07 20:57:00,Italy,Clothing,6,250.0,0.3,Credit Card,4.0
ORD-003299,CUST-00809,2024-09-26 08:35:00,Germany,Books,2,44.76,0.0,PayPal,4.0
ORD-001889,CUST-00093,2024-07-25 05:26:00,Italy,Electronics,2,488.3,0.0,Bank Transfer,4.0
ORD-000209,CUST-00396,2024-05-31 16:25:00,France,Clothing,1,250.0,0.0,PayPal,2.0
ORD-000294,CUST-00498,2024-01-09 03:59:00,France,Home,1,500.0,0.0,Credit Card,4.0
ORD-001120,CUST-00740,2025-04-23 16:53:00,Spain,Books,4,45.89,0.0,PayPal,5.0
ORD-002504,CUST-00162,2025-10-29 13:55:00,Belgium,Home,3,500.0,0.05,Credit Card,4.0
ORD-001789,CUST-00710,2025-03-06 00:14:00,Italy,Books,4,47.3,0.1,Apple Pay,5.0
ORD-001265,CUST-00358,2025-03-23 04:26:00,France,Sports,2,190.84,0.1,Apple Pay,4.0
ORD-000991,CUST-00515,2024-06-08 01:26:00,Spain,Electronics,1,938.94,0.1,PayPal,5.0
ORD-004211,CUST-00227,2024-09-14 07:31:00,Italy,Books,2,31.4,0.0,Credit Card,2.0
ORD-001535,CUST-01225,2024-04-25 05:25:00,France,Clothing,2,98.26,0.0,PayPal,4.0
ORD-000354,CUST-00653,2024-10-03 11:47:00,Italy,Books,1,80.0,0.0,PayPal,4.0
ORD-004621,CUST-00927,2024-07-15 11:42:00,Spain,Home,2,155.76,0.15,PayPal,3.0
ORD-003385,CUST-01198,2025-01-26 21:39:00,Spain,Home,6,199.71,0.3,Bank Transfer,4.0
ORD-003063,CUST-00574,2024-12-28 18:54:00,Spain,Sports,5,221.15,0.0,Credit Card,2.0
ORD-003909,CUST-00295,2024-12-30 11:25:00,Germany,Electronics,2,189.17,0.1,Credit Card,5.0
ORD-004547,CUST-00887,2024-04-03 02:07:00,Germany,Home,1,271.77,0.1,Bank Transfer,
ORD-001229,CUST-00232,2025-05-13 13:05:00,Spain,Electronics,1,738.43,0.15,Credit Card,3.0
ORD-000260,CUST-00882,2024-03-20 16:07:00,Belgium,electronics,6,557.69,0.0,Credit Card,4.0
ORD-001544,CUST-00854,2024-11-08 00:00:00,Belgium,Sports,1,342.17,0.0,PayPal,4.0
ORD-004467,CUST-01199,2025-06-24 11:28:00,France,Electronics,1,1164.9,0.0,PayPal,3.0
ORD-004755,CUST-00318,2025-07-01 23:41:00,Netherlands,Clothing,1,136.08,0.0,Credit Card,5.0
ORD-003167,CUST-01124,2025-12-12 14:36:00,France,Sports,2,209.62,0.0,Credit Card,1.0
ORD-003103,CUST-00022,2025-09-05 13:54:00,Germany,Electronics,4,520.92,0.0,Apple Pay,5.0
ORD-000053,CUST-00546,2025-11-10 02:08:00,Spain,Home,4,271.76,0.05,PayPal,3.0
ORD-002214,CUST-00174,2024-10-26 12:41:00,Belgium,Sports,4,258.39,0.1,Credit Card,3.0
ORD-001870,CUST-01159,2024-09-02 03:00:00,France,Home,2,277.41,0.1,PayPal,5.0
ORD-002211,CUST-01050,2025-03-17 19:14:00,Italy,Books,1,56.0,0.0,Bank Transfer,5.0
ORD-002427,CUST-00237,2024-04-28 10:41:00,Spain,Clothing,4,128.89,0.0,Bank Transfer,5.0
ORD-003999,CUST-01097,2024-04-14 21:02:00,France,Home,1,154.1,0.0,Credit Card,3.0
ORD-002362,CUST-01128,2024-01-05 18:46:00,Germany,Electronics,5,488.6,0.05,Credit Card,4.0
ORD-001480,CUST-00625,2025-01-05 08:08:00,Belgium,Clothing,1,178.36,0.1,Credit Card,3.0
ORD-001034,CUST-00471,2025-06-08 10:56:00,Germany,Clothing,4,41.49,0.0,Credit Card,4.0
ORD-001098,CUST-01133,2024-07-05 01:01:00,Spain,Electronics,2,617.78,0.0,Credit Card,5.0
ORD-001470,CUST-00091,2024-09-30 06:08:00,Italy,Clothing,1,192.58,0.0,PayPal,3.0
ORD-000544,CUST-00262,2024-08-01 11:03:00,Italy,Home,4,336.53,0.2,Apple Pay,5.0
ORD-001047,CUST-00360,2025-10-06 04:46:00,Belgium,Clothing,2,63.29,0.0,Bank Transfer,5.0
ORD-004142,CUST-01290,2024-04-05 09:47:00,France,Sports,7,382.25,0.1,Credit Card,3.0
ORD-004766,CUST-00226,2024-12-31 05:12:00,Italy,Sports,1,147.16,0.0,PayPal,4.0
ORD-000031,CUST-00676,2025-10-10 09:02:00,Spain,Sports,1,272.58,0.15,Credit Card,5.0
ORD-000726,CUST-00176,2024-12-19 17:46:00,Netherlands,Electronics,3,1199.19,0.1,PayPal,3.0
ORD-002716,CUST-00696,2025-04-16 06:36:00,France,Home,2,126.1,0.0,PayPal,5.0
ORD-002115,CUST-01113,2025-03-01 20:41:00,Spain,Clothing,3,250.0,0.15,Apple Pay,4.0
ORD-003928,CUST-00231,2025-05-04 02:26:00,France,Home,5,69.63,0.0,PayPal,5.0
ORD-001427,CUST-01008,2025-12-17 05:32:00,Belgium,Clothing,1,110.3,0.05,PayPal,2.0
ORD-002570,CUST-01391,2024-11-12 18:16:00,Germany,Home,2,469.73,0.1,Credit Card,4.0
ORD-000437,CUST-00851,2024-10-16 04:28:00,France,Clothing,5,69.44,0.1,PayPal,5.0
ORD-002488,CUST-00083,2025-10-25 23:29:00,Germany,Clothing,2,250.0,0.0,Credit Card,4.0
ORD-000913,CUST-00565,2024-04-30 14:40:00,Spain,Clothing,2,137.84,0.05,PayPal,5.0
ORD-004236,CUST-00060,2024-04-08 17:35:00,Germany,Electronics,2,1113.79,0.1,Bank Transfer,5.0
ORD-004178,CUST-01076,2024-11-04 02:47:00,Italy,Electronics,3,347.28,0.0,PayPal,4.0
ORD-004527,CUST-00029,2024-05-13 01:56:00,Netherlands,Electronics,1,617.81,0.05,Apple Pay,4.0
ORD-003352,CUST-01408,2025-07-24 16:46:00,Belgium,Books,1,38.38,0.0,Credit Card,4.0
ORD-002305,CUST-01374,2025-08-08 13:05:00,Spain,Sports,4,400.0,0.05,Bank Transfer,5.0
ORD-001610,CUST-00190,2025-11-18 20:19:00,France,Sports,2,223.2,0.05,Credit Card,3.0
ORD-001239,CUST-00447,2025-01-12 07:41:00,Italy,Electronics,2,374.14,0.05,Credit Card,4.0
ORD-000904,CUST-01327,2025-03-17 06:13:00,Germany,Sports,3,170.24,0.15,Bank Transfer,5.0
ORD-002522,CUST-00067,2024-07-15 18:23:00,Spain,Clothing,8,205.51,0.1,PayPal,4.0
ORD-003166,CUST-00603,2024-05-23 20:47:00,Spain,Electronics,1,333.84,0.0,PayPal,4.0
ORD-002330,CUST-00221,2025-10-25 23:34:00,Spain,Electronics,2,1200.0,0.0,Credit Card,3.0
ORD-000508,CUST-00372,2024-02-27 03:41:00,France,Home,2,355.36,0.2,Credit Card,5.0
ORD-004896,CUST-00607,2024-05-14 23:38:00,Belgium,Books,3,41.35,0.0,Credit Card,4.0
ORD-000184,CUST-01045,2025-07-05 14:21:00,France,Home,5,479.26,0.1,Credit Card,2.0
ORD-001590,CUST-00045,2024-09-05 16:51:00,France,Home,2,293.62,0.3,Credit Card,4.0
ORD-001498,CUST-01171,2024-01-27 12:26:00,Netherlands,Books,1,19.97,0.0,Bank Transfer,4.0
ORD-003633,CUST-00056,2025-10-06 06:26:00,Netherlands,Books,8,68.86,0.2,Credit Card,4.0
ORD-000322,CUST-00162,2024-07-22 17:05:00,Germany,Home,5,251.01,0.0,Apple Pay,5.0
ORD-001804,CUST-00390,2024-05-04 15:01:00,Italy,Books,1,34.85,0.0,PayPal,5.0
ORD-002414,CUST-00903,2024-01-01 05:03:00,Netherlands,Electronics,5,793.83,0.1,Bank Transfer,3.0
ORD-003853,CUST-00158,2025-07-18 22:47:00,France,Home,1,200.64,0.15,Credit Card,3.0
ORD-002544,CUST-00572,2025-05-20 00:30:00,Germany,Clothing,1,121.26,0.0,Bank Transfer,5.0
ORD-001808,CUST-00723,2024-11-25 20:14:00,Germany,Electronics,2,480.09,0.05,Credit Card,4.0
ORD-004757,CUST-00862,2024-08-29 15:18:00,France,Electronics,5,375.2,0.0,Credit Card,4.0
ORD-004214,CUST-01071,2025-10-17 01:23:00,France,Clothing,1,52.23,0.05,PayPal,5.0
ORD-004452,CUST-00380,2024-12-22 01:29:00,Belgium,Electronics,4,226.94,0.15,Credit Card,4.0
ORD-001147,CUST-00798,2024-07-05 16:28:00,France,Electronics,1,658.91,0.0,Bank Transfer,5.0
ORD-002087,CUST-01100,2025-04-14 07:14:00,Spain,Clothing,1,250.0,0.0,Credit Card,3.0
ORD-000045,CUST-00102,2024-12-14 00:43:00,France,Home,2,103.39,0.2,PayPal,4.0
ORD-003820,CUST-01340,2025-11-24 10:39:00,Italy,Books,4,23.49,0.05,Credit Card,4.0
ORD-001551,CUST-00422,2024-08-03 09:50:00,France,Electronics,1,785.68,0.15,Credit Card,4.0
ORD-002320,CUST-01162,2024-04-27 00:39:00,Belgium,Sports,3,173.56,0.0,Credit Card,5.0
ORD-001379,CUST-00755,2024-06-03 00:38:00,Spain,Electronics,2,661.21,0.0,Credit Card,4.0
ORD-001989,CUST-00316,2024-10-15 08:56:00,Netherlands,Home,2,103.66,0.0,Credit Card,
ORD-003033,CUST-00845,2024-10-31 12:29:00,France,Electronics,1,1050.8,0.05,Apple Pay,5.0
ORD-000414,CUST-00198,2024-07-18 15:09:00,Germany,Books,6,36.04,0.05,PayPal,5.0
ORD-003887,CUST-00125,2025-07-17 11:17:00,Netherlands,Home,3,171.75,0.15,Apple Pay,3.0
ORD-001408,CUST-01312,2025-09-23 10:18:00,Germany,Clothing,7,71.92,0.0,Credit Card,4.0
ORD-000107,CUST-01171,2025-07-11 05:18:00,France,Clothing,2,176.9,0.0,Bank Transfer,4.0
ORD-000802,CUST-00453,2024-06-27 10:34:00,France,Home,8,196.64,0.15,Bank Transfer,2.0
ORD-001289,CUST-00153,2025-08-08 19:06:00,Germany,Electronics,1,818.87,0.1,PayPal,5.0
ORD-002875,CUST-00576,2025-04-07 06:04:00,Germany,Electronics,1,1200.0,0.05,Credit Card,4.0
ORD-002460,CUST-00090,2025-03-31 18:36:00,France,Electronics,8,1200.0,0.0,Credit Card,2.0
ORD-004123,CUST-01479,2024-08-13 20:26:00,Germany,Sports,1,381.36,0.0,Credit Card,5.0
ORD-002828,CUST-01416,2025-03-13 03:21:00,France,Clothing,1,150.87,0.2,Credit Card,5.0
ORD-000257,CUST-01017,2024-12-09 13:19:00,Belgium,Books,4,63.77,0.0,Apple Pay,1.0
ORD-004763,CUST-00147,2025-12-27 02:53:00,Spain,Home,1,260.14,0.0,Apple Pay,4.0
ORD-004158,CUST-00453,2024-07-19 18:32:00,Belgium,Books,1,49.08,0.0,Credit Card,4.0
ORD-001152,CUST-00758,2025-03-16 21:10:00,France,Electronics,7,1200.0,0.1,Bank Transfer,5.0
ORD-002319,CUST-01277,2024-09-21 08:50:00,Germany,Clothing,1,134.44,0.05,PayPal,
ORD-000648,CUST-00804,2024-11-17 12:26:00,Italy,Books,4,25.34,0.0,Credit Card,2.0
ORD-004261,CUST-00339,2024-08-02 18:04:00,Germany,Home,3,220.17,0.2,Apple Pay,5.0
ORD-001730,CUST-00157,2024-09-23 02:59:00,France,Books,2,33.89,0.0,PayPal,5.0
ORD-003726,CUST-01486,2024-05-06 13:27:00,Netherlands,Books,1,18.56,0.15,Bank Transfer,4.0
ORD-003793,CUST-00383,2024-12-29 14:24:00,France,Home,2,357.73,0.0,Bank Transfer,4.0
ORD-001316,CUST-00449,2025-04-18 01:02:00,France,Sports,3,173.66,0.0,Credit Card,4.0
ORD-002032,CUST-00266,2025-12-11 17:37:00,Spain,Electronics,2,1055.88,0.05,Bank Transfer,
ORD-003517,CUST-00255,2024-08-13 16:52:00,France,Books,2,41.08,0.2,Credit Card,5.0
ORD-004052,CUST-00592,2024-01-17 15:15:00,Belgium,Electronics,8,269.28,0.0,Credit Card,4.0
ORD-001920,CUST-00795,2024-06-07 14:49:00,Germany,Electronics,7,959.04,0.0,Credit Card,5.0
ORD-001351,CUST-00091,2024-01-23 13:02:00,France,Electronics,1,217.36,0.0,Bank Transfer,4.0
ORD-002518,CUST-00790,2025-06-15 15:12:00,France,Electronics,2,995.72,0.0,Credit Card,1.0
ORD-000113,CUST-00834,2025-06-24 13:23:00,France,Sports,2,172.69,0.1,Credit Card,4.0
ORD-003155,CUST-00104,2024-03-10 05:46:00,Belgium,Clothing,4,250.0,0.0,Credit Card,5.0
ORD-000264,CUST-01388,2025-12-22 17:05:00,France,Clothing,4,182.9,0.0,PayPal,4.0
ORD-001394,CUST-01114,2025-10-07 20:14:00,Germany,Sports,1,283.79,0.1,Credit Card,2.0
ORD-001908,CUST-00242,2025-04-16 00:04:00,Italy,Sports,2,363.38,0.1,Credit Card,5.0
ORD-001187,CUST-00214,2025-03-05 16:58:00,Netherlands,Home,4,500.0,0.0,Credit Card,5.0
ORD-002370,CUST-00264,2024-06-13 06:01:00,France,Clothing,5,208.49,0.1,PayPal,4.0
ORD-000057,CUST-00820,2024-09-14 00:36:00,France,Books,5,55.05,0.1,PayPal,5.0
ORD-001310,CUST-01280,2025-12-09 15:10:00,France,Sports,1,100.46,0.05,PayPal,3.0
ORD-000696,CUST-00381,2025-10-09 10:13:00,France,Books,2,72.97,0.1,Credit Card,5.0
ORD-004217,CUST-00733,2025-12-26 21:35:00,Belgium,Sports,2,278.69,0.0,Credit Card,5.0
ORD-003025,CUST-00561,2024-05-11 02:48:00,France,Books,2,37.32,0.05,Credit Card,5.0
ORD-003618,CUST-00614,2024-05-21 06:11:00,Netherlands,Home,5,206.25,0.1,Apple Pay,4.0
ORD-002212,CUST-01162,2024-08-07 10:12:00,France,Books,4,80.0,0.15,PayPal,4.0
ORD-003168,CUST-00403,2025-01-25 12:30:00,France,Books,3,64.08,0.0,Bank Transfer,5.0
ORD-000320,CUST-01153,2025-06-07 14:52:00,Germany,Electronics,1,816.28,0.05,Credit Card,3.0
ORD-002304,CUST-01319,2024-11-10 05:38:00,Germany,,2,60.69,0.0,Credit Card,4.0
ORD-000683,CUST-01440,2025-03-11 09:47:00,Italy,Electronics,2,308.55,0.0,Credit Card,
ORD-004045,CUST-00620,2025-05-07 21:55:00,Italy,Clothing,7,125.44,0.0,Credit Card,5.0
ORD-004323,CUST-00694,2025-11-20 19:29:00,Belgium,Home,3,282.47,0.1,Bank Transfer,3.0
ORD-003670,CUST-00326,2024-01-19 19:46:00,Italy,Home,1,175.64,0.0,Credit Card,5.0
ORD-003530,CUST-00181,2024-10-28 20:38:00,Spain,Electronics,138,938.98,0.1,Credit Card,
ORD-002874,CUST-00329,2025-07-30 18:10:00,Italy,Home,4,269.63,0.15,Apple Pay,2.0
ORD-000287,CUST-00242,2024-09-07 16:30:00,Belgium,Sports,4,270.66,0.1,Apple Pay,5.0
ORD-004249,CUST-01369,2024-07-27 00:02:00,France,Books,2,37.62,0.1,Credit Card,2.0
ORD-002143,CUST-01444,2025-12-05 16:38:00,Belgium,Home,6,362.18,0.0,PayPal,3.0
ORD-002433,CUST-00244,2025-06-20 22:49:00,France,Electronics,5,998.7,0.0,Apple Pay,4.0
ORD-001747,CUST-01483,2024-10-24 12:41:00,France,Electronics,2,636.37,0.1,PayPal,5.0
ORD-004506,CUST-00569,2025-10-19 06:23:00,Spain,Home,5,286.18,0.0,Apple Pay,5.0
ORD-004188,CUST-00321,2025-03-11 09:09:00,Germany,Books,3,34.04,0.05,PayPal,4.0
ORD-001631,CUST-00860,2025-02-09 19:02:00,Spain,Electronics,1,363.9,0.1,Bank Transfer,5.0
ORD-002101,CUST-01370,2025-12-20 21:07:00,France,Clothing,4,105.72,0.1,Apple Pay,1.0
ORD-000737,CUST-01096,2024-11-17 22:46:00,Germany,Clothing,3,173.69,0.1,Bank Transfer,
ORD-004292,CUST-01394,2024-06-08 20:01:00,Germany,Sports,1,288.33,0.1,Credit Card,5.0
ORD-000337,CUST-01445,2024-02-21 02:23:00,Spain,Home,2,333.52,0.05,Credit Card,3.0
ORD-002403,CUST-01119,2024-07-16 20:43:00,Spain,Clothing,3,52.42,0.15,Bank Transfer,1.0
ORD-004901,CUST-00518,2025-07-03 06:24:00,Belgium,Clothing,1,223.65,0.05,Bank Transfer,5.0
ORD-002660,CUST-00241,2024-01-16 06:59:00,France,Electronics,4,272.53,0.1,Credit Card,5.0
ORD-004419,CUST-01070,2024-09-16 14:23:00,Germany,Clothing,3,247.43,0.0,PayPal,1.0
ORD-001072,CUST-00314,2025-06-04 01:43:00,France,Clothing,1,139.24,0.15,Credit Card,5.0
ORD-002308,CUST-00231,2024-01-11 01:09:00,,Sports,7,400.0,0.0,PayPal,5.0
ORD-001700,CUST-01443,2024-04-26 15:58:00,Italy,Sports,2,248.95,0.0,PayPal,5.0
ORD-004734,CUST-00395,2025-01-30 04:31:00,Italy,Sports,2,276.63,0.0,Credit Card,4.0
ORD-003401,CUST-01222,2024-01-27 23:06:00,France,Books,1,39.23,0.1,PayPal,
ORD-004127,CUST-00069,2024-03-06 19:47:00,France,Electronics,1,293.8,0.0,PayPal,4.0
ORD-003950,CUST-00263,2025-12-07 03:20:00,Germany,Books,3,58.48,0.0,Bank Transfer,2.0
ORD-003536,CUST-00112,2024-09-15 16:29:00,Germany,Electronics,4,455.01,0.1,Credit Card,5.0
ORD-001489,CUST-00167,2024-03-31 08:38:00,France,Home,1,133.33,0.0,Credit Card,5.0
ORD-000499,CUST-01390,2024-07-24 19:36:00,Spain,Clothing,1,99.24,0.0,Credit Card,4.0
ORD-004359,CUST-01005,2024-08-28 13:52:00,France,Books,5,18.45,0.0,PayPal,
ORD-003502,CUST-00961,2024-07-14 04:54:00,France,Books,2,53.04,0.1,Credit Card,2.0
ORD-002576,CUST-00494,2025-01-15 10:07:00,Germany,Home,3,167.43,0.0,Credit Card,5.0
ORD-002358,CUST-00329,2025-10-02 11:54:00,France,Home,1,218.76,0.1,PayPal,2.0
ORD-003689,CUST-01451,2024-04-15 13:48:00,Germany,Home,6,219.21,0.0,Credit Card,2.0
ORD-004032,CUST-00783,2025-06-29 21:33:00,Spain,Books,2,41.04,0.0,Credit Card,5.0
ORD-003154,CUST-01190,2025-12-23 23:18:00,Spain,Clothing,5,237.03,0.05,Bank Transfer,4.0
ORD-001611,CUST-01165,2024-02-17 19:22:00,France,Clothing,1,68.02,0.05,Credit Card,5.0
ORD-002174,CUST-01148,2024-02-08 16:04:00,Spain,Clothing,1,83.84,0.2,Credit Card,5.0
ORD-002296,CUST-01203,2024-04-17 09:48:00,Italy,Sports,2,173.08,0.15,Credit Card,1.0
ORD-003308,CUST-00203,2024-12-18 04:34:00,France,Clothing,2,198.41,0.0,PayPal,5.0
ORD-001023,CUST-01303,2024-06-03 13:48:00,Netherlands,Sports,1,332.11,0.05,Apple Pay,4.0
ORD-002300,CUST-01340,2024-09-26 18:39:00,France,Electronics,1,800.42,0.1,Credit Card,4.0
ORD-004902,CUST-00987,2025-05-25 14:21:00,Germany,Clothing,1,86.84,0.0,Credit Card,2.0
ORD-002017,CUST-00621,2024-02-08 06:51:00,Netherlands,Books,1,80.0,0.0,Credit Card,3.0
ORD-003085,CUST-00510,2025-10-02 07:48:00,Germany,Sports,1,193.12,0.0,Apple Pay,1.0
ORD-004993,CUST-01488,2025-04-14 08:33:00,France,Home,2,172.17,0.15,Credit Card,4.0
ORD-000666,CUST-01043,2025-07-08 08:23:00,Spain,Books,4,24.17,0.0,Credit Card,3.0
ORD-003957,CUST-00782,2025-09-17 18:39:00,France,Clothing,2,142.05,0.15,PayPal,2.0
ORD-002657,CUST-00088,2024-01-04 23:44:00,France,Home,1,500.0,0.0,Bank Transfer,5.0
ORD-004229,CUST-00522,2024-09-16 03:53:00,Italy,Books,1,40.73,0.15,Credit Card,4.0
ORD-004280,CUST-01267,2025-09-26 21:44:00,Germany,Home,1,234.09,0.05,Credit Card,5.0
ORD-002451,CUST-01260,2024-06-13 23:31:00,France,Clothing,1,103.48,0.3,Bank Transfer,5.0
ORD-001018,CUST-00742,2025-11-23 10:39:00,Germany,Home,5,423.38,0.2,PayPal,5.0
ORD-000558,CUST-01313,2024-09-13 08:31:00,France,Electronics,3,338.31,0.1,PayPal,
ORD-002417,CUST-00929,2025-12-23 01:14:00,Belgium,Electronics,5,1200.0,0.3,Credit Card,4.0
ORD-001208,CUST-01082,2025-01-15 21:47:00,Spain,Clothing,3,215.47,0.2,Credit Card,4.0
ORD-003350,CUST-01172,2024-05-01 07:11:00,Italy,Clothing,1,117.75,0.05,Credit Card,3.0
ORD-003695,CUST-00593,2024-01-18 09:35:00,France,Clothing,3,84.84,0.05,PayPal,3.0
ORD-004420,CUST-00157,2024-07-24 05:38:00,France,Sports,4,141.04,0.2,Credit Card,
ORD-001511,CUST-00501,2025-05-09 06:32:00,France,Clothing,7,95.59,0.0,Credit Card,5.0
ORD-003861,CUST-00816,2025-12-18 17:56:00,Germany,Books,1,80.0,0.2,Bank Transfer,5.0
ORD-000246,CUST-00127,2025-02-11 07:55:00,Italy,Sports,1,255.77,0.0,PayPal,2.0
ORD-001164,CUST-00798,2025-06-08 10:15:00,Netherlands,Electronics,1,586.62,0.0,Bank Transfer,2.0
ORD-002604,CUST-00845,2024-05-22 02:43:00,France,Electronics,3,388.97,0.0,Bank Transfer,4.0
ORD-000267,CUST-00671,2025-02-15 10:07:00,Germany,Clothing,1,155.52,0.1,PayPal,5.0
ORD-004690,CUST-01086,2024-12-26 01:55:00,Belgium,Clothing,3,250.0,0.1,Credit Card,5.0
ORD-001115,CUST-00292,2024-05-26 16:18:00,Spain,,2,1060.5,0.1,Apple Pay,4.0
ORD-000064,CUST-01452,2024-08-03 17:54:00,France,Electronics,1,773.14,0.0,Credit Card,5.0
ORD-002611,CUST-01456,2025-11-11 03:05:00,Spain,Electronics,3,721.09,0.0,Credit Card,5.0
ORD-002187,CUST-00459,2025-09-28 02:22:00,France,Clothing,1,56.52,0.0,Apple Pay,5.0
ORD-002777,CUST-00784,2025-11-14 06:43:00,France,Home,3,84.46,0.0,Credit Card,5.0
ORD-004368,CUST-00214,2024-03-06 09:34:00,Belgium,Sports,3,58.22,0.1,Credit Card,5.0
ORD-003098,CUST-00471,2025-06-13 03:20:00,France,Home,1,163.87,0.3,PayPal,5.0
ORD-002046,CUST-01488,2024-04-24 17:11:00,Italy,Sports,1,400.0,0.0,Apple Pay,1.0
ORD-002835,CUST-00583,2024-11-15 06:01:00,France,Home,7,122.71,0.15,Apple Pay,3.0
ORD-002277,CUST-00315,2025-04-02 06:33:00,Netherlands,Sports,1,299.14,0.0,Bank Transfer,4.0
ORD-002079,CUST-00388,2024-03-02 20:58:00,France,Books,8,41.62,0.1,Credit Card,4.0
ORD-003197,CUST-00339,2025-01-27 15:37:00,Belgium,Electronics,1,1200.0,0.0,PayPal,4.0
ORD-001238,CUST-00186,2025-05-20 20:57:00,Italy,Clothing,2,140.59,0.1,Bank Transfer,4.0
ORD-000104,CUST-00012,2024-11-27 21:55:00,Italy,Electronics,6,989.68,0.1,Credit Card,3.0
ORD-003383,CUST-01442,2024-06-06 08:00:00,France,Clothing,1,75.7,0.1,Apple Pay,3.0
ORD-000273,CUST-00228,2024-10-24 22:23:00,Spain,Electronics,1,521.98,0.1,Apple Pay,5.0
ORD-000509,CUST-00404,2024-08-05 01:00:00,France,Electronics,4,1200.0,0.1,Apple Pay,4.0
ORD-002291,CUST-00593,2024-06-15 13:01:00,Spain,Home,1,500.0,0.1,Credit Card,5.0
ORD-004949,CUST-00398,2025-02-06 14:43:00,Italy,Clothing,6,250.0,0.2,Credit Card,4.0
ORD-004750,CUST-00548,2025-06-27 17:47:00,Belgium,Books,1,50.38,0.15,Apple Pay,3.0
ORD-000866,CUST-01048,2025-07-22 15:24:00,France,Electronics,1,546.25,0.1,Credit Card,5.0
ORD-002452,CUST-01336,2025-05-31 14:21:00,Belgium,Electronics,2,400.59,0.05,Credit Card,5.0
ORD-000909,CUST-00557,2025-10-10 16:00:00,Italy,Clothing,1,89.54,0.1,Bank Transfer,3.0
ORD-002132,CUST-01465,2024-03-31 14:54:00,France,Electronics,2,1157.94,0.0,Bank Transfer,4.0
ORD-002878,CUST-01405,2024-05-20 18:38:00,France,Sports,1,400.0,0.0,Credit Card,4.0
ORD-003921,CUST-01408,2025-05-01 11:07:00,Italy,Sports,1,259.36,0.0,Credit Card,2.0
ORD-001628,CUST-00877,2025-09-19 09:03:00,Netherlands,Home,5,174.04,0.05,Bank Transfer,4.0
ORD-002894,CUST-01369,2025-10-16 17:42:00,France,Electronics,3,175.99,0.0,Apple Pay,3.0
ORD-001523,CUST-00288,2024-06-09 14:23:00,Belgium,Books,2,53.39,0.1,Apple Pay,5.0
ORD-000836,CUST-01166,2024-11-25 03:45:00,France,Books,3,57.88,0.1,Apple Pay,5.0
ORD-000359,CUST-00137,2025-10-28 00:18:00,Spain,Home,1,396.32,0.0,Bank Transfer,1.0
ORD-000139,CUST-00522,2024-08-15 05:21:00,Germany,Books,2,54.01,0.0,Credit Card,5.0
ORD-000300,CUST-00033,2025-12-01 15:52:00,Netherlands,Sports,1,239.13,0.0,Bank Transfer,4.0
ORD-001557,CUST-01346,2024-05-08 07:40:00,France,Electronics,1,294.75,0.0,Credit Card,
ORD-001004,CUST-01330,2025-01-28 13:11:00,Netherlands,Electronics,4,1200.0,0.3,PayPal,2.0
ORD-000383,CUST-01422,2025-01-29 17:05:00,France,Sports,1,287.94,0.1,Credit Card,4.0
ORD-000942,CUST-00607,2024-12-12 19:51:00,Netherlands,Home,2,313.37,0.0,PayPal,1.0
ORD-001943,CUST-01312,2025-03-09 04:42:00,,Electronics,2,322.28,0.15,Bank Transfer,5.0
ORD-000795,CUST-00647,2024-06-22 14:37:00,France,Clothing,1,179.95,0.0,PayPal,5.0
ORD-000762,CUST-00830,2024-01-23 02:48:00,Spain,Sports,5,400.0,0.0,Credit Card,4.0
ORD-001733,CUST-01050,2025-03-19 19:58:00,Netherlands,Home,5,500.0,0.1,Credit Card,5.0
ORD-001903,CUST-01080,2025-04-02 15:46:00,Germany,Home,4,480.29,0.05,Credit Card,4.0
ORD-004931,CUST-00023,2025-11-13 19:32:00,France,Sports,8,218.46,0.3,Credit Card,3.0
ORD-002104,CUST-00195,2024-07-30 23:12:00,Spain,Sports,3,171.42,0.1,Credit Card,1.0
ORD-004498,CUST-00583,2025-03-10 11:28:00,France,Books,1,60.17,0.0,PayPal,4.0
ORD-000899,CUST-00106,2025-04-11 16:30:00,France,Electronics,3,709.3,0.05,Credit Card,5.0
ORD-004024,CUST-00430,2025-06-24 15:13:00,Germany,Home,1,366.86,0.05,Credit Card,4.0
ORD-002917,CUST-00932,2024-04-13 05:25:00,Germany,Home,5,240.28,0.0,PayPal,5.0
ORD-001403,CUST-00450,2024-09-25 15:21:00,France,Books,2,80.0,0.1,PayPal,5.0
ORD-002276,CUST-00638,2025-01-21 13:16:00,Germany,Home,5,183.7,0.0,Credit Card,5.0
ORD-003810,CUST-00910,2025-03-19 05:14:00,Netherlands,Home,7,500.0,0.1,Credit Card,5.0
ORD-004401,CUST-00569,2024-10-02 07:59:00,France,Home,7,500.0,0.0,Credit Card,5.0
ORD-004723,CUST-01418,2025-01-11 19:59:00,Italy,Clothing,1,250.0,0.05,PayPal,5.0
ORD-001513,CUST-01116,2025-06-23 05:32:00,Spain,Clothing,5,115.68,0.0,Apple Pay,5.0
ORD-001189,CUST-00850,2024-04-03 14:46:00,France,Sports,2,62.66,0.1,Credit Card,1.0
ORD-004709,CUST-01152,2025-01-25 01:27:00,Germany,Clothing,2,228.83,0.2,Credit Card,5.0
ORD-003468,CUST-00387,2024-04-26 01:31:00,Italy,Electronics,5,171.35,0.15,Credit Card,4.0
ORD-004344,CUST-00387,2025-12-13 03:50:00,Germany,Sports,7,177.22,0.1,Bank Transfer,3.0
ORD-003459,CUST-01262,2024-09-02 16:39:00,Spain,Books,1,46.48,0.05,Credit Card,4.0
ORD-000109,CUST-00708,2025-10-29 09:33:00,Belgium,Clothing,3,154.67,0.1,Credit Card,
ORD-003656,CUST-00723,2025-11-08 09:58:00,France,Home,1,342.14,0.1,Bank Transfer,5.0
ORD-002464,CUST-00879,2024-02-02 02:24:00,France,Electronics,5,828.89,0.0,Credit Card,5.0
ORD-003253,CUST-00235,2024-11-08 10:24:00,Germany,Home,1,284.87,0.0,Bank Transfer,3.0
ORD-000059,CUST-01116,2024-05-29 03:12:00,Italy,Sports,3,400.0,0.05,PayPal,5.0
ORD-000077,CUST-00496,2024-03-04 06:08:00,Spain,Home,1,500.0,0.0,Bank Transfer,4.0
ORD-000797,CUST-01453,2024-06-22 18:59:00,France,Electronics,3,693.33,0.0,Credit Card,5.0
ORD-000369,CUST-00034,2025-08-26 15:01:00,Germany,Clothing,7,93.05,0.1,Credit Card,5.0
ORD-004921,CUST-01465,2025-11-19 05:41:00,Germany,Electronics,1,245.91,0.1,Credit Card,
ORD-000786,CUST-00883,2025-02-21 07:16:00,Belgium,Electronics,2,1200.0,0.0,Credit Card,1.0
ORD-002223,CUST-00040,2024-09-01 15:37:00,Italy,Electronics,1,400.91,0.05,Apple Pay,5.0
ORD-002631,CUST-01404,2024-01-14 03:14:00,France,Home,2,336.83,0.0,Bank Transfer,2.0
ORD-002037,CUST-00876,2024-06-16 15:17:00,Germany,Sports,2,175.48,0.0,PayPal,3.0
ORD-002355,CUST-00464,2024-02-05 10:15:00,France,Home,5,369.04,0.1,Bank Transfer,2.0
ORD-003556,CUST-00672,2024-03-06 09:41:00,France,Books,7,80.0,0.0,Credit Card,5.0
ORD-002268,CUST-01092,2025-09-01 12:01:00,France,Clothing,1,202.76,0.0,Bank Transfer,4.0
ORD-001731,CUST-01169,2024-01-17 13:00:00,Belgium,Electronics,2,933.84,0.0,Credit Card,4.0
ORD-000122,CUST-01003,2025-09-16 06:09:00,France,Home,1,367.99,0.0,Credit Card,5.0
ORD-001873,CUST-00906,2025-12-04 04:57:00, Spain,Clothing,2,145.97,0.0,Credit Card,3.0
ORD-004514,CUST-01365,2025-09-29 06:03:00,Spain,Sports,4,91.44,0.1,Apple Pay,4.0
ORD-003667,CUST-00884,2025-04-30 22:59:00,Spain,Clothing,3,144.7,0.1,Credit Card,5.0
ORD-000911,CUST-01156,2025-02-09 07:16:00, Italy,Sports,1,279.26,0.1,PayPal,
ORD-000125,CUST-01283,2024-09-20 05:44:00,France,Clothing,4,63.51,0.1,PayPal,2.0
ORD-003189,CUST-00090,2025-06-12 03:46:00,France,Home,2,188.16,0.0,PayPal,5.0
ORD-001587,CUST-01235,2025-10-11 08:35:00,Italy,Books,2,66.11,0.0,Credit Card,2.0
ORD-001258,CUST-00834,2025-10-31 12:18:00,Germany,Electronics,8,278.86,0.3,Credit Card,5.0
ORD-004004,CUST-00670,2025-05-12 08:16:00,France,Clothing,1,250.0,0.0,Bank Transfer,3.0
ORD-004109,CUST-00769,2025-11-06 23:20:00,Germany,,3,30.51,0.0,Credit Card,5.0
ORD-003405,CUST-00589,2025-05-18 18:08:00,France,Electronics,2,276.43,0.0,Apple Pay,
ORD-001179,CUST-00389,2024-12-29 19:33:00,Netherlands,Clothing,1,157.17,0.05,Apple Pay,4.0
ORD-003065,CUST-01061,2025-03-27 11:17:00,Germany,Books,1,21.58,0.0,Apple Pay,3.0
ORD-003492,CUST-00954,2025-06-23 00:26:00,Italy,Sports,1,307.19,0.1,Credit Card,
ORD-000916,CUST-00688,2024-03-22 19:07:00,Netherlands,Electronics,2,1200.0,0.0,Credit Card,5.0
ORD-003803,CUST-01208,2025-05-28 14:54:00,France,Electronics,2,306.54,0.2,Credit Card,5.0
ORD-000443,CUST-00199,2024-02-10 17:04:00,Netherlands,Books,2,41.95,0.2,PayPal,5.0
ORD-001933,CUST-01252,2024-09-30 16:05:00,France,Clothing,4,250.0,0.0,Apple Pay,5.0
ORD-003110,CUST-00354,2025-08-06 00:55:00,France,Books,1,51.89,0.0,Credit Card,5.0
ORD-000926,CUST-01420,2025-09-12 19:55:00,France,Sports,5,210.86,0.1,Credit Card,
ORD-002438,CUST-01015,2024-03-11 13:27:00,France,Clothing,1,132.85,0.0,PayPal,2.0
ORD-003524,CUST-00254,2024-10-03 20:57:00,France,Electronics,2,520.66,0.0,Credit Card,4.0
ORD-004786,CUST-00539,2025-05-27 11:24:00,Germany,Clothing,4,125.9,0.05,PayPal,
ORD-001412,CUST-00843,2024-04-09 11:32:00,France,Books,4,28.85,0.15,Credit Card,
ORD-003489,CUST-00664,2024-04-19 08:37:00,Germany,Home,2,500.0,0.0,Credit Card,4.0
ORD-001778,CUST-00245,2025-06-20 12:21:00,France,Clothing,2,168.2,0.0,Credit Card,3.0
ORD-001510,CUST-01025,2025-01-05 03:26:00,France,Electronics,5,816.4,0.0,Credit Card,2.0
ORD-001228,CUST-01477,2024-04-03 00:07:00,Italy,Sports,1,74.69,0.0,Credit Card,4.0
ORD-003625,CUST-01249,2024-04-11 05:46:00,France,Clothing,2,250.0,0.0,Credit Card,4.0
ORD-002373,CUST-00092,2024-06-22 19:06:00,France,Books,2,66.65,0.05,Credit Card,5.0
ORD-003535,CUST-00132,2025-04-13 19:52:00,Spain,Clothing,5,140.65,0.0,Credit Card,
ORD-004959,CUST-01379,2024-01-08 06:43:00,Belgium,Electronics,3,736.23,0.0,Credit Card,
ORD-004522,CUST-01048,2025-12-26 10:28:00,France,Sports,1,292.8,0.0,Credit Card,4.0
ORD-000325,CUST-01463,2024-12-29 01:57:00,France,Sports,5,256.15,0.15,Credit Card,5.0
ORD-003101,CUST-00549,2024-06-02 13:04:00,France,Clothing,1,178.02,0.15,PayPal,5.0
ORD-004469,CUST-01334,2025-06-28 10:18:00,France,Home,2,258.3,0.1,Credit Card,5.0
ORD-002183,CUST-00910,2025-12-18 12:19:00,Netherlands,Books,3,40.41,0.15,Credit Card,2.0
ORD-003320,CUST-00053,2024-11-06 08:54:00,France,Electronics,1,1200.0,0.1,Credit Card,3.0
ORD-003056,CUST-00718,2025-08-04 21:12:00,France,Electronics,2,896.8,0.0,PayPal,5.0
ORD-001499,CUST-00701,2025-03-01 14:23:00,Germany,Sports,3,132.31,0.15,PayPal,4.0
ORD-001503,CUST-00344,2024-05-22 11:48:00,Germany,Electronics,3,481.77,0.2,Apple Pay,
ORD-001007,CUST-01276,2024-06-26 14:17:00,Italy,Books,1,37.4,0.0,PayPal,4.0
ORD-004011,CUST-00530,2024-01-08 13:37:00,Belgium,Electronics,7,629.01,0.0,Credit Card,3.0
ORD-003734,CUST-01400,2025-11-11 18:11:00,Italy,Sports,2,330.52,0.2,Apple Pay,5.0
ORD-003816,CUST-00108,2024-08-27 02:55:00,Netherlands,Sports,1,227.84,0.1,Bank Transfer,2.0
ORD-001468,CUST-00577,2025-12-15 23:26:00,Germany,Sports,4,150.48,0.1,Credit Card,5.0
ORD-001226,CUST-01455,2024-01-19 19:30:00,France,Clothing,1,186.45,0.0,Credit Card,3.0
ORD-003997,CUST-00039,2025-10-17 14:37:00,France,Clothing,2,86.92,0.0,Bank Transfer,3.0
ORD-002285,CUST-01022,2024-12-31 19:43:00,Spain,Sports,2,74.52,0.0,Bank Transfer,3.0
ORD-002022,CUST-00990,2025-09-07 19:31:00,Germany,Electronics,1,918.3,0.15,Credit Card,1.0
ORD-001217,CUST-00761,2025-08-20 04:53:00,Belgium,Home,1,500.0,0.05,PayPal,5.0
ORD-004422,CUST-01500,2025-06-20 00:25:00,Spain,Books,6,47.39,0.1,Credit Card,3.0
ORD-003521,CUST-01240,2024-02-26 18:12:00,Spain,Clothing,2,66.81,0.0,Credit Card,4.0
ORD-000421,CUST-01392,2024-04-01 10:14:00,France,Home,3,285.41,0.1,Credit Card,5.0
ORD-003444,CUST-00331,2024-04-16 14:27:00,Belgium,Home,1,129.02,0.2,Bank Transfer,5.0
ORD-000007,CUST-00129,2025-07-24 15:52:00,Germany,Clothing,3,75.89,0.15,Bank Transfer,3.0
ORD-000933,CUST-00387,2025-09-29 03:32:00,Italy,Electronics,4,492.39,0.05,Credit Card,3.0
ORD-001692,CUST-01335,2025-10-16 18:11:00,Italy,Books,2,27.53,0.05,Bank Transfer,3.0
ORD-000440,CUST-00597,2025-10-31 11:18:00,Germany,Home,1,252.98,0.0,Bank Transfer,5.0
ORD-001314,CUST-01281,2024-06-21 02:54:00,France,Sports,1,292.64,0.05,Credit Card,
ORD-000679,CUST-00785,2025-09-12 04:04:00,France,Books,2,40.0,0.05,PayPal,1.0
ORD-001973,CUST-01023,2024-11-12 04:08:00,Netherlands,Sports,1,247.3,0.1,PayPal,5.0
ORD-004626,CUST-00578,2025-07-05 06:31:00,France,Electronics,1,707.62,0.0,Credit Card,4.0
ORD-004391,CUST-00271,2024-01-11 02:32:00,Spain,Clothing,1,250.0,0.05,PayPal,2.0
ORD-002484,CUST-00481,2025-01-07 15:06:00,Italy,Home,4,175.51,0.1,Credit Card,2.0
ORD-004649,CUST-00440,2024-04-24 00:47:00,Belgium,Clothing,2,159.54,0.05,Credit Card,
ORD-002635,CUST-00125,2024-02-09 06:55:00,France,Sports,2,165.31,0.05,PayPal,3.0
ORD-002536,CUST-01468,2025-01-16 14:09:00,Netherlands,Books,2,25.74,0.0,PayPal,5.0
ORD-002457,CUST-01261,2025-05-16 04:05:00,France,Books,1,80.0,0.0,Apple Pay,5.0
ORD-004808,CUST-01339,2025-08-17 12:24:00,France,Home,1,225.75,0.0,Credit Card,5.0
ORD-002820,CUST-01062,2025-07-03 01:34:00,Germany,Clothing,2,120.43,0.15,Apple Pay,4.0
ORD-004259,CUST-00907,2024-07-13 14:49:00,Germany,Sports,1,182.72,0.0,Bank Transfer,3.0
ORD-002797,CUST-01307,2024-09-26 10:01:00,Belgium,Sports,7,295.61,0.15,PayPal,5.0
ORD-002659,CUST-01009,2024-01-11 15:27:00,Netherlands,Clothing,2,167.45,0.15,PayPal,5.0
ORD-000195,CUST-01440,2025-06-02 01:27:00,France,Home,2,273.45,0.05,Bank Transfer,5.0
ORD-001475,CUST-01466,2024-12-04 05:15:00,France,Home,3,204.19,0.0,Credit Card,4.0
ORD-004468,CUST-01425,2024-04-28 13:57:00,France,Sports,5,252.65,0.0,Credit Card,5.0
ORD-001212,CUST-01174,2025-11-14 19:47:00,Italy,Home,1,350.42,0.0,Credit Card,5.0
ORD-004698,CUST-00134,2024-07-20 07:40:00,Belgium,Electronics,7,485.78,0.0,Apple Pay,3.0
ORD-001658,CUST-01311,2024-08-31 14:37:00,Spain,Electronics,2,1200.0,0.0,PayPal,5.0
ORD-002719,CUST-00870,2025-11-17 18:24:00,Germany,Electronics,1,496.68,0.05,Credit Card,5.0
ORD-003040,CUST-00297,2025-03-02 07:24:00,Netherlands,,2,500.0,0.0,Bank Transfer,
ORD-003836,CUST-01088,2025-06-18 14:50:00,Italy,Books,2,34.39,0.1,PayPal,4.0
ORD-002237,CUST-00375,2024-11-07 01:37:00,Spain,Books,3,56.71,0.0,Credit Card,1.0
ORD-001875,CUST-00613,2025-12-28 06:58:00,Germany,Home,1,179.67,0.1,PayPal,5.0
ORD-004083,CUST-01155,2025-04-15 16:41:00,France,Books,2,49.29,0.2,PayPal,5.0
ORD-001131,CUST-00611,2025-12-26 12:55:00,France,Electronics,4,1200.0,0.0,Bank Transfer,5.0
ORD-001462,CUST-00469,2024-06-27 10:43:00,Germany,Sports,4,389.73,0.05,Credit Card,3.0
ORD-000277,CUST-00701,2024-03-27 10:19:00,Italy,Electronics,1,1126.43,0.15,PayPal,5.0
ORD-002587,CUST-00555,2025-08-23 11:30:00,France,Sports,4,400.0,0.1,PayPal,5.0
ORD-002349,CUST-00303,2025-06-19 03:38:00,Netherlands,Electronics,5,967.44,0.0,Bank Transfer,5.0
ORD-002314,CUST-00080,2025-08-07 07:23:00,Germany,Sports,4,400.0,0.2,Bank Transfer,5.0
ORD-001303,CUST-01050,2025-10-19 15:19:00,Netherlands,Clothing,2,93.43,0.0,Credit Card,5.0
ORD-002535,CUST-01203,2025-11-15 11:50:00,France,Electronics,4,566.13,0.05,Bank Transfer,
ORD-000223,CUST-01057,2024-05-27 19:45:00,Spain,Home,2,500.0,0.1,Credit Card,2.0
ORD-004656,CUST-00298,2025-12-31 02:38:00,France,Home,3,453.89,0.0,Credit Card,1.0
ORD-002134,CUST-00600,2024-02-09 08:49:00,Italy,Electronics,1,255.19,0.0,Bank Transfer,3.0
ORD-000574,CUST-00074,2025-05-02 20:19:00,Germany,Books,4,42.93,0.15,Credit Card,4.0
ORD-001237,CUST-00008,2024-12-26 21:14:00,Germany,Books,2,32.56,0.05,Credit Card,5.0
ORD-003567,CUST-00633,2024-02-02 16:15:00,Germany,Home,1,169.33,0.0,PayPal,1.0
ORD-004384,CUST-00846,2025-06-25 13:07:00,France,Books,2,49.38,0.0,Apple Pay,5.0
ORD-001335,CUST-00801,2025-05-07 10:46:00,France,Books,5,23.62,0.05,Apple Pay,5.0
ORD-002945,CUST-01234,2025-11-05 08:02:00,Germany,Books,3,40.99,0.05,Credit Card,3.0
ORD-000419,CUST-00445,2024-07-03 03:37:00,France,Clothing,1,118.19,0.1,Credit Card,4.0
ORD-000268,CUST-00521,2024-10-07 10:55:00,France,Electronics,4,769.99,0.1,PayPal,3.0
ORD-001105,CUST-00460,2024-10-27 21:02:00,Belgium,Home,3,282.74,0.0,Credit Card,3.0
ORD-000258,CUST-00156,2024-06-11 09:01:00,Germany,Electronics,2,1046.06,0.05,Credit Card,
ORD-000296,CUST-00782,2025-08-18 23:10:00,Spain,Electronics,1,371.79,0.0,Bank Transfer,2.0
ORD-002379,CUST-01482,2025-08-03 05:01:00,Italy,Books,2,23.82,0.15,Credit Card,4.0
ORD-000387,CUST-00102,2025-07-19 06:14:00,Spain,Electronics,6,656.36,0.1,PayPal,5.0
ORD-003480,CUST-01169,2025-07-16 10:26:00,Netherlands,Electronics,4,403.68,0.0,Credit Card,4.0
ORD-003520,CUST-01383,2024-05-27 12:42:00,Spain,Clothing,2,181.08,0.0,Apple Pay,3.0
ORD-003807,CUST-00154,2024-07-30 23:42:00,France,Books,4,29.5,0.0,PayPal,3.0
ORD-002265,CUST-00159,2024-08-05 02:08:00,Italy,Books,3,31.89,0.1,Apple Pay,4.0
ORD-004350,CUST-00528,2024-12-20 19:43:00,Belgium,Books,1,32.46,0.15,Credit Card,4.0
ORD-003538,CUST-00199,2025-05-16 12:46:00,Belgium,Books,1,33.75,0.2,PayPal,
ORD-001868,CUST-01141,2025-02-08 01:36:00,Italy,Home,4,252.05,0.15,PayPal,5.0
ORD-004399,CUST-00105,2024-03-26 09:11:00,France,Sports,4,175.72,0.1,Credit Card,4.0
ORD-001564,CUST-01379,2024-10-15 00:18:00,France,Home,1,307.58,0.0,Credit Card,4.0
ORD-001922,CUST-00805,2025-05-24 21:47:00,Spain,Home,1,455.87,0.2,Credit Card,3.0
ORD-001401,CUST-01282,2024-11-28 14:20:00,Italy,Sports,2,71.81,0.1,Bank Transfer,3.0
ORD-000713,CUST-01092,2025-02-17 20:13:00,Germany,Clothing,2,226.0,0.05,Credit Card,5.0
ORD-002367,CUST-00506,2024-11-14 12:42:00,Netherlands,Sports,2,98.13,0.0,Bank Transfer,5.0
ORD-002548,CUST-00878,2024-06-17 05:22:00,France,Books,1,80.0,0.0,Bank Transfer,5.0
ORD-000210,CUST-01169,2024-01-30 10:01:00,Germany,Books,3,39.64,0.2,Credit Card,5.0
ORD-003968,CUST-00363,2025-11-19 14:05:00,Spain,Home,2,218.39,0.0,Bank Transfer,3.0
ORD-001290,CUST-00933,2024-09-28 17:34:00,France,Home,2,115.38,0.1,Credit Card,5.0
ORD-002012,CUST-00590,2024-05-08 11:11:00,France,Electronics,2,318.2,0.1,PayPal,5.0
ORD-000450,CUST-00430,2025-12-20 11:40:00,France,Clothing,2,191.62,0.05,Bank Transfer,5.0
ORD-004151,CUST-00494,2024-11-18 22:52:00,France,Clothing,1,93.14,0.05,Credit Card,3.0
ORD-002588,CUST-00482,2025-05-30 03:52:00,Germany,Electronics,2,901.36,0.0,PayPal,2.0
ORD-001821,CUST-00470,2025-12-13 19:01:00,Italy,Clothing,138,111.88,0.2,PayPal,4.0
ORD-000959,CUST-01458,2024-07-31 15:24:00,Germany,Clothing,1,109.46,0.05,Credit Card,2.0
ORD-001794,CUST-00418,2025-02-22 17:36:00,France,Home,8,500.0,0.0,Bank Transfer,3.0
ORD-003081,CUST-00660,2025-07-12 09:38:00,Germany,Sports,2,193.0,0.05,Credit Card,
ORD-000655,CUST-00830,2024-09-05 16:04:00,France,Electronics,2,744.5,0.05,Credit Card,5.0
ORD-003660,CUST-00741,2025-05-01 11:51:00,France,Home,2,329.74,0.1,Credit Card,4.0
ORD-004131,CUST-00013,2025-03-02 11:13:00,Belgium,Clothing,5,199.35,0.0,Credit Card,3.0
ORD-002026,CUST-00710,2025-03-19 11:22:00,Spain,Electronics,1,560.43,0.15,Credit Card,5.0
ORD-001761,CUST-00578,2025-06-05 14:02:00,Germany,Sports,1,400.0,0.0,Bank Transfer,4.0
ORD-003647,CUST-00964,2024-10-15 01:23:00,Spain,Clothing,1,97.09,0.2,Credit Card,2.0
ORD-003802,CUST-00873,2025-12-18 20:15:00,Italy,Electronics,1,1200.0,0.0,Credit Card,
ORD-002663,CUST-00225,2025-02-28 03:19:00,Spain,Electronics,4,538.2,0.15,PayPal,4.0
ORD-000412,CUST-00345,2024-04-26 18:40:00,France,Books,1,58.37,0.1,Bank Transfer,3.0
ORD-001775,CUST-01154,2024-12-21 22:30:00,France,Clothing,2,131.56,0.0,Credit Card,5.0
ORD-004499,CUST-00367,2025-11-25 08:23:00,Germany,Electronics,2,432.25,0.05,Credit Card,4.0
ORD-003881,CUST-01298,2025-12-10 00:01:00,Spain,Clothing,2,66.07,0.1,Credit Card,5.0
ORD-003525,CUST-00437,2024-11-28 16:55:00,France,Home,7,189.17,0.1,Bank Transfer,4.0
ORD-002645,CUST-00679,2024-09-18 05:51:00,Germany,Electronics,2,233.15,0.2,Credit Card,1.0
ORD-004326,CUST-00590,2025-12-15 01:01:00,Spain,Electronics,3,405.26,0.05,Bank Transfer,4.0
ORD-004790,CUST-00893,2024-07-30 14:08:00,Spain,Clothing,4,105.68,0.0,Credit Card,2.0
ORD-003754,CUST-00404,2024-11-17 22:38:00,France,electronics,2,443.59,0.3,PayPal,1.0
ORD-004673,CUST-00316,2024-12-03 17:05:00,Germany,Sports,3,400.0,0.1,Credit Card,5.0
ORD-002837,CUST-01449,2024-12-17 10:50:00,Netherlands,Electronics,5,551.24,0.2,Credit Card,4.0
ORD-003581,CUST-01323,2025-09-19 00:59:00,Germany,Electronics,1,876.48,0.0,PayPal,5.0
ORD-004813,CUST-00791,2025-03-19 20:05:00,Belgium,Home,6,316.67,0.0,PayPal,5.0
ORD-003389,CUST-00435,2025-02-21 03:54:00,Germany,Books,2,60.76,0.0,Credit Card,5.0
ORD-004828,CUST-00807,2025-01-08 11:23:00,France,Electronics,1,325.83,0.1,PayPal,3.0
ORD-003593,CUST-01478,2024-07-13 16:28:00,Spain,Clothing,1,83.47,0.1,Credit Card,4.0
ORD-000431,CUST-00127,2024-10-23 15:02:00,France,Books,1,80.0,0.15,Credit Card,4.0
ORD-002944,CUST-00282,2025-07-02 19:53:00,Belgium,Electronics,2,368.84,0.0,Bank Transfer,4.0
ORD-003255,CUST-00355,2025-03-26 09:37:00,Italy,Sports,1,268.2,0.15,Credit Card,5.0
ORD-001367,CUST-00453,2024-12-03 06:13:00,France,Clothing,1,136.93,0.0,PayPal,5.0
ORD-002023,CUST-00988,2025-09-04 08:24:00,France,Electronics,5,1200.0,0.1,Bank Transfer,5.0
ORD-004431,CUST-01382,2025-12-21 17:27:00,France,Clothing,2,96.28,0.2,Bank Transfer,5.0
ORD-001177,CUST-00475,2025-11-09 16:42:00,Germany,Home,1,362.33,0.0,Credit Card,5.0
ORD-003354,CUST-01093,2024-05-05 16:06:00,Italy,Clothing,1,46.0,0.1,Credit Card,3.0
ORD-001477,CUST-00736,2024-11-17 13:03:00,France,Books,3,29.06,0.05,Credit Card,5.0
ORD-003174,CUST-00517,2024-02-07 18:53:00,Germany,Sports,2,136.66,0.3,PayPal,2.0
ORD-002064,CUST-01080,2025-02-20 05:38:00,Italy,Home,1,500.0,0.15,Credit Card,2.0
ORD-000103,CUST-01208,2024-10-14 17:04:00,Netherlands,Books,1,53.66,0.0,PayPal,4.0
ORD-002119,CUST-00819,2025-12-22 13:17:00,France,Sports,4,148.84,0.05,PayPal,
ORD-002030,CUST-00515,2025-03-14 00:33:00,Germany,Books,2,43.63,0.1,Credit Card,4.0
ORD-001264,CUST-01234,2024-09-19 13:26:00,France,Electronics,1,307.68,0.0,PayPal,5.0
ORD-003923,CUST-00722,2025-09-05 07:35:00,Germany,Sports,2,400.0,0.0,PayPal,5.0
ORD-003160,CUST-01310,2024-12-18 08:50:00,France,Clothing,1,75.36,0.1,Credit Card,4.0
ORD-002389,CUST-01434,2024-03-26 13:39:00,Italy,Home,1,296.15,0.1,Credit Card,3.0
ORD-003083,CUST-00416,2025-02-25 20:13:00,France,Sports,1,240.52,0.0,Credit Card,3.0
ORD-002759,CUST-00540,2025-11-08 16:19:00,Germany,Electronics,2,1158.01,0.15,Apple Pay,5.0
ORD-003321,CUST-00128,2025-01-21 12:15:00,France,Sports,2,114.64,0.1,PayPal,2.0
ORD-003193,CUST-01007,2024-08-29 13:51:00,France,Electronics,1,498.46,0.0,Bank Transfer,2.0
ORD-004519,CUST-01067,2024-05-10 01:24:00,France,Sports,4,167.64,0.3,Credit Card,5.0
ORD-001644,CUST-00892,2024-06-21 08:00:00,Spain,Home,2,146.32,0.0,PayPal,4.0
ORD-004520,CUST-00644,2024-08-17 23:55:00,Spain,Clothing,5,181.29,0.0,Bank Transfer,4.0
ORD-000001,CUST-00134,2024-05-24 00:37:00,Italy,Clothing,3,75.56,0.0,PayPal,4.0
ORD-001581,CUST-00445,2024-09-12 10:31:00,Germany,Books,2,45.16,0.1,Credit Card,4.0
ORD-004437,CUST-00983,2025-06-17 11:02:00,France,Home,2,195.64,0.2,Apple Pay,5.0
ORD-004130,CUST-00636,2024-01-26 02:47:00,France,Home,1,201.18,0.1,Credit Card,5.0
ORD-001357,CUST-00517,2025-01-01 12:06:00,Germany,Books,5,56.23,0.3,Credit Card,5.0
ORD-003413,CUST-00334,2024-05-13 17:56:00,Italy,Sports,3,145.0,0.1,Apple Pay,3.0
ORD-002100,CUST-00371,2024-11-13 06:10:00,Spain,Sports,1,384.65,0.05,Credit Card,2.0
ORD-002252,CUST-00829,2025-03-19 10:10:00,France,Sports,4,124.81,0.15,PayPal,5.0
ORD-003510,CUST-00525,2024-07-24 11:38:00,Italy,Sports,4,164.62,0.15,Bank Transfer,5.0
ORD-003713,CUST-01211,2025-09-16 03:15:00,Netherlands,Electronics,3,784.69,0.0,Bank Transfer,
ORD-000397,CUST-00068,2024-04-04 11:54:00,France,Books,1,74.19,0.3,Apple Pay,5.0
ORD-003483,CUST-01194,2025-02-16 09:47:00,France,Clothing,7,116.01,0.0,PayPal,4.0
ORD-001065,CUST-01130,2024-06-05 14:08:00,France,Clothing,2,89.06,0.0,Apple Pay,5.0
ORD-002378,CUST-00206,2025-09-27 07:29:00,Belgium,Books,4,42.24,0.1,Credit Card,5.0
ORD-002171,CUST-00032,2024-08-25 14:13:00,Germany,Home,6,344.23,0.0,Credit Card,5.0
ORD-000819,CUST-00999,2025-03-20 05:33:00,France,Electronics,3,455.32,0.15,Credit Card,3.0
ORD-001813,CUST-01011,2024-09-02 07:04:00,Netherlands,Books,4,80.0,0.0,Credit Card,1.0
ORD-002571,CUST-01204,2025-10-07 11:20:00,Spain,Clothing,2,125.94,0.05,Credit Card,4.0
ORD-001553,CUST-00800,2025-09-07 18:47:00,Spain,Books,7,71.13,0.1,PayPal,5.0
ORD-004502,CUST-00801,2024-09-07 13:42:00,Netherlands,Electronics,2,1137.42,0.0,PayPal,2.0
ORD-000817,CUST-00065,2025-06-12 19:46:00,Italy,Clothing,4,156.65,0.0,Credit Card,1.0
ORD-001573,CUST-01102,2025-03-24 00:33:00,France,Books,4,35.2,0.15,PayPal,4.0
ORD-003927,CUST-00753,2025-03-04 13:04:00,Germany,Sports,4,384.52,0.1,Apple Pay,
ORD-001801,CUST-00086,2025-12-26 06:41:00,Italy,Clothing,2,227.41,0.05,PayPal,5.0
ORD-004302,CUST-00985,2025-01-01 11:19:00,Spain,Sports,1,160.13,0.1,Apple Pay,4.0
ORD-000382,CUST-01406,2025-12-05 01:48:00,Spain,Clothing,3,54.51,0.1,PayPal,
ORD-002895,CUST-00392,2025-01-07 23:05:00,Spain,Electronics,2,413.5,0.0,Credit Card,4.0
ORD-004692,CUST-00100,2025-09-18 07:14:00,France,Sports,1,252.31,0.0,Credit Card,4.0
ORD-002312,CUST-00102,2025-07-18 03:17:00,Germany,Electronics,6,406.35,0.0,Credit Card,5.0
ORD-003526,CUST-00318,2025-09-10 16:32:00,France,Clothing,2,250.0,0.1,Credit Card,2.0
ORD-002329,CUST-00040,2025-05-14 23:27:00,France,Electronics,3,218.55,0.0,Credit Card,3.0
ORD-001781,CUST-00071,2025-04-13 17:50:00,France,Home,2,379.05,0.3,Credit Card,5.0
ORD-004550,CUST-01304,2025-05-10 23:28:00,France,Electronics,5,1101.31,0.0,PayPal,4.0
ORD-004917,CUST-00157,2025-06-06 04:21:00,Italy,Electronics,3,1200.0,0.1,Credit Card,5.0
ORD-003380,CUST-00593,2025-10-24 09:58:00,Belgium,Sports,3,352.24,0.0,Credit Card,2.0
ORD-000865,CUST-01270,2025-02-01 15:29:00,Germany,Home,1,77.77,0.0,Credit Card,5.0
ORD-003041,CUST-00593,2024-11-18 04:52:00,Netherlands,Electronics,1,250.75,0.05,Apple Pay,4.0
ORD-003186,CUST-01424,2025-04-25 12:36:00,France,Electronics,1,484.36,0.05,Bank Transfer,4.0
ORD-000555,CUST-01477,2024-12-19 06:41:00,Italy,Home,1,257.28,0.1,Credit Card,
ORD-001160,CUST-00511,2025-01-27 15:39:00,France,Sports,1,97.57,0.1,Credit Card,4.0
ORD-001214,CUST-01301,2024-10-17 14:49:00,France,Electronics,1,874.21,0.1,PayPal,4.0
ORD-002222,CUST-00231,2024-08-06 19:19:00,Germany,Clothing,3,250.0,0.3,PayPal,5.0
ORD-003623,CUST-00496,2025-08-04 04:15:00,Italy,Electronics,1,341.44,0.0,Bank Transfer,
ORD-000049,CUST-01017,2025-04-13 18:28:00,Netherlands,Home,1,340.95,0.15,Bank Transfer,
ORD-002385,CUST-00276,2025-05-30 15:39:00,Spain,,6,110.52,0.1,Credit Card,4.0
ORD-000701,CUST-00781,2024-12-01 20:38:00,Italy,Sports,6,299.16,0.2,Apple Pay,5.0
ORD-000653,CUST-00304,2024-05-06 22:17:00,Italy,Sports,6,203.23,0.0,PayPal,5.0
ORD-004129,CUST-00822,2024-05-20 00:40:00,Belgium,Clothing,1,142.34,0.0,PayPal,5.0
ORD-003090,CUST-00702,2024-11-04 00:18:00,Belgium,Clothing,1,198.2,0.0,Bank Transfer,3.0
ORD-003551,CUST-00660,2025-03-20 04:55:00,France,Home,1,208.53,0.05,Credit Card,5.0
ORD-000749,CUST-00470,2025-06-16 10:08:00,Germany,Home,3,339.32,0.0,Bank Transfer,1.0
ORD-001456,CUST-00099,2025-07-09 08:44:00,France,Books,4,32.38,0.2,Credit Card,
ORD-004253,CUST-01471,2025-03-16 04:20:00,Italy,Home,2,119.88,0.0,PayPal,5.0
ORD-004845,CUST-01127,2025-12-12 06:57:00,France,Sports,4,400.0,0.0,Bank Transfer,4.0
ORD-003809,CUST-00779,2025-07-05 16:49:00,Spain,Books,1,21.23,0.1,Credit Card,4.0
ORD-000867,CUST-01230,2024-01-12 06:07:00,France,Clothing,1,147.1,0.1,PayPal,5.0
ORD-000753,CUST-00130,2025-10-30 15:08:00,Spain,Clothing,1,126.86,0.1,Apple Pay,5.0
ORD-001645,CUST-00199,2024-01-09 08:01:00,Spain,Home,1,223.31,0.3,Credit Card,4.0
ORD-000093,CUST-01263,2024-07-01 19:22:00,France,Electronics,2,1200.0,0.2,Credit Card,5.0
ORD-002844,CUST-00725,2024-08-19 19:38:00,France,Home,3,390.98,0.2,Credit Card,2.0
ORD-003987,CUST-00466,2025-08-13 19:06:00,France,Electronics,4,544.48,0.0,Credit Card,5.0
ORD-004202,CUST-01121,2024-07-23 17:07:00,Belgium,Home,2,473.1,0.0,Apple Pay,
ORD-002648,CUST-01180,2024-10-20 01:36:00,France,Clothing,1,141.91,0.1,PayPal,5.0
ORD-001491,CUST-00413,2024-10-04 17:45:00,France,Clothing,1,38.63,0.0,Credit Card,4.0
ORD-002916,CUST-00657,2024-11-16 02:21:00,Netherlands,Clothing,1,250.0,0.0,PayPal,5.0
ORD-002195,CUST-00987,2024-03-26 16:20:00,France,Electronics,1,528.15,0.0,Bank Transfer,3.0
ORD-000730,CUST-00987,2024-03-04 06:02:00,Belgium,Sports,2,352.78,0.0,Apple Pay,3.0
ORD-003592,CUST-00443,2024-08-05 08:13:00,Spain,Clothing,3,95.06,0.1,Credit Card,2.0
ORD-002489,CUST-00788,2025-12-04 19:49:00,Belgium,Home,3,194.58,0.0,Bank Transfer,5.0
ORD-002260,CUST-01489,2025-09-08 23:05:00,Italy,Home,1,328.8,0.0,Credit Card,4.0
ORD-001937,CUST-00559,2024-03-29 13:23:00,Belgium,Books,1,54.35,0.0,Credit Card,4.0
ORD-001746,CUST-01469,2025-07-14 22:03:00,Belgium,Home,6,330.91,0.1,Credit Card,4.0
ORD-003001,CUST-01168,2024-10-19 17:05:00,Germany,Electronics,5,877.6,0.1,Bank Transfer,
ORD-003300,CUST-01205,2024-12-11 08:29:00,Spain,Electronics,7,544.64,0.15,PayPal,5.0
ORD-003514,CUST-00212,2025-05-20 10:03:00,Germany,Electronics,1,312.93,0.1,Bank Transfer,5.0
ORD-001958,CUST-00798,2024-03-08 12:49:00,France,Clothing,2,179.13,0.0,Credit Card,4.0
ORD-001111,CUST-00949,2024-01-24 05:42:00,Germany,Books,1,56.75,0.0,Credit Card,5.0
ORD-003871,CUST-00069,2025-09-01 02:27:00,Germany,Clothing,2,176.95,0.0,PayPal,3.0
ORD-004057,CUST-01271,2025-01-22 20:35:00,Germany,Home,1,83.61,0.0,Apple Pay,3.0
ORD-004486,CUST-00554,2025-07-20 18:46:00,Spain,Sports,1,400.0,0.0,Credit Card,5.0
ORD-004265,CUST-00900,2025-02-18 05:33:00,Spain,Electronics,7,828.84,0.0,Credit Card,5.0
ORD-000347,CUST-01488,2024-11-14 05:23:00,Germany,Clothing,3,102.02,0.1,PayPal,2.0
ORD-001186,CUST-00462,2025-09-18 21:17:00,Germany,Electronics,1,680.01,0.05,Credit Card,3.0
ORD-004031,CUST-00813,2025-01-20 12:51:00,Germany,Home,2,75.8,0.05,Credit Card,
ORD-001516,CUST-01396,2024-01-04 00:26:00,Germany,Home,2,225.78,0.0,Credit Card,5.0
ORD-004685,CUST-00776,2024-03-16 12:02:00,Germany,Clothing,2,200.77,0.2,PayPal,5.0
ORD-000579,CUST-01341,2024-08-28 15:23:00,France,Home,1,141.75,0.1,Credit Card,
ORD-001965,CUST-01226,2024-06-26 19:24:00,France,Home,2,224.04,0.0,Apple Pay,4.0
ORD-000076,CUST-00714,2024-12-26 07:46:00,Italy,Home,8,65.86,0.1,Apple Pay,4.0
ORD-001430,CUST-01182,2024-01-29 08:16:00,Belgium,Electronics,1,310.6,0.0,Apple Pay,5.0
ORD-003615,CUST-01127,2025-05-08 09:51:00,Belgium,Home,5,317.88,0.15,Apple Pay,2.0
ORD-004445,CUST-01107,2025-11-15 14:25:00,Spain,Electronics,3,847.27,0.05,Credit Card,5.0
ORD-002771,CUST-00992,2025-11-02 09:07:00,Spain,Sports,1,197.88,0.0,Bank Transfer,5.0
ORD-004968,CUST-00508,2024-01-04 13:59:00,Germany,Electronics,5,472.25,0.1,Bank Transfer,4.0
ORD-001847,CUST-00604,2024-04-12 11:28:00,Italy,Clothing,1,115.36,0.0,Credit Card,5.0
ORD-000132,CUST-00831,2025-08-22 13:01:00,France,Electronics,3,584.66,0.0,Apple Pay,4.0
ORD-000179,CUST-01351,2024-03-05 16:03:00,France,Home,1,345.56,0.05,Credit Card,5.0
ORD-004149,CUST-01294,2025-09-05 17:17:00,Spain,Clothing,1,135.03,0.0,Credit Card,
ORD-004481,CUST-00702,2024-04-10 23:52:00,Italy,Books,6,22.55,0.0,Credit Card,5.0
ORD-003897,CUST-00799,2025-02-07 19:12:00,Germany,Books,7,11854.12,0.1,PayPal,3.0
ORD-003361,CUST-01477,2024-12-03 22:39:00,France,Home,1,334.31,0.0,PayPal,5.0
ORD-001843,CUST-01225,2025-10-01 21:50:00,Spain,Clothing,2,70.17,0.15,Credit Card,3.0
ORD-002116,CUST-00304,2024-09-21 15:32:00,France,Books,1,42.54,0.05,PayPal,5.0
ORD-002752,CUST-00122,2025-04-14 12:34:00,France,Clothing,3,135.16,0.0,Bank Transfer,
ORD-002950,CUST-00780,2025-01-06 13:20:00,Belgium,Sports,4,370.02,0.0,Credit Card,4.0
ORD-000605,CUST-01240,2024-10-28 12:22:00,Germany,Home,2,309.82,0.1,Apple Pay,5.0
ORD-004168,CUST-00272,2025-06-12 10:24:00,Italy,Clothing,3,250.0,0.0,PayPal,5.0
ORD-000026,CUST-00966,2024-10-02 07:00:00,France,Books,1,59.72,0.3,Bank Transfer,
ORD-000659,CUST-00109,2024-08-11 17:47:00,Germany,Home,1,174.54,0.0,Bank Transfer,4.0
ORD-001897,CUST-00862,2025-09-12 07:22:00,France,Books,1,68.81,0.05,PayPal,3.0
ORD-003339,CUST-01288,2025-05-08 20:44:00,Italy,Books,4,80.0,0.05,PayPal,4.0
ORD-002202,CUST-00012,2025-03-18 16:45:00,Italy,Electronics,6,381.59,0.05,Bank Transfer,5.0
ORD-000174,CUST-01084,2025-01-18 10:39:00,France,Books,2,80.0,0.0,Credit Card,1.0
ORD-001612,CUST-00216,2025-07-01 02:40:00,Germany,Clothing,1,250.0,0.0,Apple Pay,3.0
ORD-000438,CUST-01392,2024-08-30 01:04:00,Belgium,Home,4,53.1,0.15,PayPal,
ORD-000332,CUST-00557,2025-04-23 03:12:00,Belgium,Home,1,363.12,0.15,Credit Card,4.0
ORD-003122,CUST-01499,2024-11-15 09:41:00,Germany,Clothing,2,97.78,0.1,Credit Card,4.0
ORD-001455,CUST-00859,2025-11-17 01:20:00,Italy,Electronics,6,635.94,0.0,Apple Pay,5.0
ORD-000343,CUST-00933,2024-11-24 16:31:00,France,Home,5,137.51,0.2,PayPal,2.0
ORD-003817,CUST-00678,2024-05-28 06:24:00,Germany,Books,3,16.69,0.15,Bank Transfer,3.0
ORD-004386,CUST-01082,2025-05-18 17:01:00,Spain,Sports,1,112.77,0.05,Bank Transfer,1.0
ORD-001089,CUST-00977,2024-02-06 10:08:00,Belgium,Home,7,128.81,0.1,PayPal,
ORD-000480,CUST-00164,2024-07-24 01:19:00,Belgium,Clothing,3,71.31,0.05,Credit Card,4.0
ORD-000728,CUST-00132,2025-08-10 01:19:00,Spain,Home,2,186.94,0.0,Credit Card,4.0
ORD-003808,CUST-00234,2024-11-09 03:58:00,France,Electronics,2,638.39,0.0,PayPal,2.0
ORD-000977,CUST-00143,2025-11-12 08:20:00,Germany,Clothing,1,124.94,0.0,Bank Transfer,
ORD-004330,CUST-01320,2024-09-24 00:25:00,France,Sports,2,226.81,0.0,PayPal,3.0
ORD-002998,CUST-00522,2025-09-04 20:44:00,Germany,Home,4,176.35,0.0,Apple Pay,4.0
ORD-001929,CUST-00274,2025-08-26 23:00:00,Italy,Electronics,2,518.99,0.0,Bank Transfer,5.0
ORD-001469,CUST-01167,2025-07-12 08:52:00,Italy,Clothing,5,128.86,0.3,Credit Card,5.0
ORD-001225,CUST-00626,2024-07-08 00:57:00,France,Clothing,4,88.47,0.1,Bank Transfer,5.0
ORD-002179,CUST-00940,2025-09-03 14:38:00,France,Sports,1,82.99,0.05,Credit Card,3.0
ORD-001953,CUST-00108,2025-04-17 22:08:00,France,Sports,6,270.16,0.0,Credit Card,4.0
ORD-004846,CUST-01148,2025-04-21 09:41:00,France,Clothing,2,71.55,0.05,Credit Card,5.0
ORD-003258,CUST-00294,2025-07-31 10:32:00,Spain,Home,5,231.19,0.1,Bank Transfer,3.0
ORD-001893,CUST-01319,2024-07-15 19:14:00,Spain,Clothing,2,250.0,0.0,Bank Transfer,4.0
ORD-001300,CUST-00045,2025-02-09 17:01:00,Spain,Clothing,1,220.13,0.1,Credit Card,3.0
ORD-003011,CUST-00554,2025-08-24 23:30:00,Germany,Books,1,34.85,0.0,PayPal,2.0
ORD-004615,CUST-00841,2024-12-16 00:20:00,Italy,Clothing,7,37.26,0.2,PayPal,5.0
ORD-000661,CUST-00266,2024-08-02 14:59:00,France,Sports,1,145.28,0.0,Credit Card,5.0
ORD-004938,CUST-00888,2025-06-01 00:32:00,France,Electronics,4,466.48,0.2,PayPal,5.0
ORD-003341,CUST-00813,2024-04-04 14:42:00,France,Clothing,3,103.7,0.0,Apple Pay,4.0
ORD-002804,CUST-00095,2024-12-01 21:29:00,France,Books,5,15.33,0.0,Credit Card,5.0
ORD-003774,CUST-00191,2024-09-09 16:23:00,Germany,Home,1,500.0,0.0,Apple Pay,4.0
ORD-002513,CUST-01444,2024-12-09 00:10:00,France,Home,2,296.15,0.0,Credit Card,4.0
ORD-003072,CUST-00722,2025-04-13 23:34:00,France,Sports,6,248.98,0.05,Credit Card,4.0
ORD-002722,CUST-01003,2025-03-15 14:44:00,France,Electronics,3,728.94,0.0,PayPal,5.0
ORD-004397,CUST-00443,2024-03-01 05:49:00,Spain,Clothing,1,250.0,0.0,PayPal,4.0
ORD-003679,CUST-00809,2024-05-10 17:17:00,Germany,Books,1,80.0,0.0,Apple Pay,2.0
ORD-001279,CUST-00013,2025-11-17 00:17:00,Germany,Home,2,460.31,0.15,PayPal,2.0
ORD-003092,CUST-00589,2024-04-09 11:13:00,Spain,Home,2,230.21,0.0,Credit Card,
ORD-001622,CUST-00007,2025-04-05 15:47:00,France,Clothing,1,46.38,0.1,Credit Card,3.0
ORD-003035,CUST-00150,2024-08-30 05:31:00,France,Clothing,2,106.55,0.15,Credit Card,3.0
ORD-002851,CUST-00293,2025-01-21 09:49:00,Italy,Clothing,2,75.68,0.1,Credit Card,4.0
ORD-000068,CUST-00556,2024-10-27 20:40:00,Netherlands,Books,3,27.28,0.0,PayPal,4.0
ORD-002599,CUST-01453,2024-12-04 03:01:00,Spain,Electronics,2,131.5,0.1,Credit Card,4.0
ORD-003980,CUST-00226,2025-01-16 18:21:00,Belgium,Books,5,54.65,0.0,PayPal,5.0
ORD-003815,CUST-00574,2025-11-24 18:20:00,Germany,Home,2,185.38,0.0,Credit Card,4.0
ORD-000821,CUST-00036,2025-02-01 22:12:00,Netherlands,Books,2,34.75,0.0,Bank Transfer,5.0
ORD-001227,CUST-00161,2025-03-01 19:53:00,France,Sports,2,118.47,0.3,Bank Transfer,
ORD-003012,CUST-00759,2024-10-05 12:01:00,Spain,Sports,1,287.33,0.05,PayPal,
ORD-002165,CUST-01432,2024-01-03 04:56:00,France,Books,1,44.71,0.1,Credit Card,3.0
ORD-004258,CUST-00135,2024-04-21 16:02:00,Germany,Home,5,129.95,0.2,Apple Pay,3.0
ORD-004472,CUST-01315,2025-04-02 22:24:00,France,Books,4,56.09,0.0,PayPal,5.0
ORD-004284,CUST-00652,2024-11-17 14:28:00,Spain,Clothing,1,66.89,0.0,Bank Transfer,4.0
ORD-003371,CUST-01481,2025-10-02 22:01:00,France,Home,1,186.99,0.05,Bank Transfer,4.0
ORD-001144,CUST-01267,2025-02-18 02:11:00,France,Sports,2,216.71,0.3,PayPal,2.0
ORD-000398,CUST-00295,2024-02-04 06:05:00,Germany,Clothing,7,70.04,0.05,Credit Card,3.0
ORD-003411,CUST-00107,2025-10-01 19:20:00,Italy,Books,4,30.78,0.05,Credit Card,5.0
ORD-004316,CUST-00414,2025-08-27 20:03:00,France,Electronics,6,323.45,0.15,Credit Card,5.0
ORD-002779,CUST-00584,2025-11-27 11:04:00,Germany,Electronics,1,1022.98,0.0,Credit Card,5.0
ORD-001399,CUST-00038,2024-06-06 04:54:00,France,Home,5,299.48,0.1,Credit Card,5.0
ORD-001660,CUST-00381,2025-11-03 06:06:00,Netherlands,Clothing,4,147.4,0.0,Credit Card,5.0
ORD-000980,CUST-00849,2024-11-11 01:08:00,Spain,Sports,4,234.94,0.05,Bank Transfer,3.0
ORD-001299,CUST-00796,2024-12-27 11:17:00,Italy,Electronics,3,1200.0,0.0,PayPal,5.0
ORD-002281,CUST-01145,2025-01-24 11:42:00,France,Electronics,4,683.26,0.05,Credit Card,
ORD-000083,CUST-00242,2025-03-03 22:54:00,France,Clothing,3,166.01,0.0,Credit Card,5.0
ORD-004778,CUST-01123,2025-06-25 06:57:00,France,Clothing,6,102.72,0.05,Credit Card,5.0
ORD-002808,CUST-00466,2024-04-23 14:51:00,Netherlands,Books,5,38.42,0.0,Credit Card,5.0
ORD-004862,CUST-01243,2024-03-29 06:02:00,Spain,Home,1,168.96,0.0,Credit Card,3.0
ORD-003806,CUST-01274,2024-09-01 20:38:00,France,Home,1,376.75,0.05,Credit Card,5.0
ORD-002306,CUST-00145,2024-02-25 10:40:00,Germany,Sports,1,143.23,0.2,Credit Card,4.0
ORD-000424,CUST-00872,2025-06-11 12:45:00,France,Electronics,1,983.98,0.0,Credit Card,5.0
ORD-004354,CUST-00621,2024-02-27 08:20:00,France,Electronics,2,295.24,0.0,Apple Pay,5.0
ORD-001905,CUST-00500,2025-04-03 14:19:00,France,Clothing,1,250.0,0.05,Bank Transfer,4.0
ORD-004553,CUST-00149,2025-01-10 01:52:00,Germany,Home,6,86.72,0.0,Apple Pay,4.0
ORD-004610,CUST-00655,2025-12-04 11:51:00,Netherlands,Electronics,1,473.45,0.0,Credit Card,4.0
ORD-003124,CUST-00921,2024-02-19 00:24:00,Netherlands,Electronics,3,806.31,0.15,Apple Pay,3.0
ORD-001566,CUST-00682,2025-04-24 10:08:00,Germany,Home,3,396.09,0.0,PayPal,5.0
ORD-004044,CUST-00164,2024-10-30 11:22:00,Belgium,Clothing,1,154.88,0.0,Bank Transfer,4.0
ORD-000840,CUST-01366,2025-11-09 05:09:00,Italy,Home,6,157.13,0.0,PayPal,2.0
ORD-000501,CUST-00171,2024-03-29 23:30:00,Germany,Home,7,298.16,0.0,Apple Pay,
ORD-000142,CUST-00322,2024-06-29 07:14:00,Belgium,Sports,1,122.82,0.05,Apple Pay,5.0
ORD-001378,CUST-01128,2025-04-27 23:45:00,France,Clothing,1,92.38,0.0,Bank Transfer,3.0
ORD-003722,CUST-00874,2025-03-25 07:04:00,France,Books,7,80.0,0.05,Apple Pay,4.0
ORD-002749,CUST-00623,2024-06-30 00:00:00,Germany,Home,2,81.78,0.15,Credit Card,4.0
ORD-001139,CUST-01116,2025-05-12 01:32:00,Germany,Electronics,1,878.85,0.05,Credit Card,5.0
ORD-004279,CUST-01101,2025-11-20 05:11:00,Spain,Home,8,361.22,0.05,Credit Card,3.0
ORD-001788,CUST-00149,2025-04-25 13:23:00,France,Electronics,2,831.46,0.3,Bank Transfer,3.0
ORD-002585,CUST-00526,2024-09-21 07:40:00,Spain,Electronics,1,832.68,0.2,Bank Transfer,2.0
ORD-000551,CUST-01205,2024-05-26 20:55:00,Netherlands,Home,1,358.75,0.1,Credit Card,5.0
ORD-004072,CUST-01175,2024-06-11 00:44:00,Spain,Sports,2,164.43,0.0,Credit Card,5.0
ORD-002020,CUST-00692,2025-11-28 21:48:00,France,Clothing,2,201.9,0.05,PayPal,5.0
ORD-000949,CUST-01422,2024-05-07 08:16:00,Germany,Electronics,1,575.14,0.0,Apple Pay,2.0
ORD-002278,CUST-00078,2025-03-10 15:47:00,Spain,Clothing,4,5408.61,0.0,Apple Pay,5.0
ORD-000533,CUST-00234,2025-09-21 11:07:00,France,Electronics,2,939.2,0.1,Bank Transfer,4.0
ORD-001830,CUST-01474,2024-07-10 23:27:00,France,Home,2,184.27,0.05,Credit Card,5.0
ORD-002938,CUST-01083,2025-08-20 06:44:00,France,Home,1,189.69,0.0,Bank Transfer,5.0
ORD-004433,CUST-01348,2024-02-11 08:13:00,Italy,Home,2,441.62,0.0,Credit Card,5.0
ORD-003896,CUST-01395,2025-05-06 22:21:00,Italy,Clothing,2,141.53,0.1,Credit Card,4.0
ORD-001603,CUST-01239,2025-10-08 21:08:00,France,Electronics,5,233.97,0.0,PayPal,5.0
ORD-000640,CUST-01424,2024-01-15 01:47:00,France,Clothing,2,99.76,0.0,Credit Card,4.0
ORD-004848,CUST-00146,2024-09-30 13:44:00,Germany,Home,1,500.0,0.2,Credit Card,2.0
ORD-000968,CUST-00476,2024-11-06 08:57:00,Netherlands,Electronics,2,653.49,0.0,Credit Card,5.0
ORD-004252,CUST-00578,2025-10-05 01:41:00,France,Clothing,3,82.59,0.0,Bank Transfer,5.0
ORD-002644,CUST-00699,2025-02-10 09:51:00,France,Sports,6,281.57,0.0,Bank Transfer,4.0
ORD-001684,CUST-01195,2025-04-09 07:36:00,Netherlands,Home,5,314.46,0.15,Credit Card,2.0
ORD-004485,CUST-00704,2025-10-23 23:00:00,Germany,Clothing,2,250.0,0.2,Apple Pay,5.0
ORD-002903,CUST-01295,2024-12-05 09:19:00,Italy,Sports,1,400.0,0.3,Apple Pay,4.0
ORD-000156,CUST-00993,2025-02-09 00:20:00,France,Books,4,58.8,0.0,PayPal,5.0
ORD-004568,CUST-01056,2025-07-21 10:30:00,France,Electronics,3,297.21,0.0,Credit Card,3.0
ORD-002859,CUST-01087,2025-04-13 17:42:00,Italy,Electronics,4,572.54,0.0,Credit Card,5.0
ORD-001090,CUST-00213,2025-01-08 03:30:00,Spain,Clothing,2,131.57,0.0,Apple Pay,4.0
ORD-002674,CUST-00282,2025-02-24 18:47:00,Spain,Clothing,3,71.48,0.0,Apple Pay,1.0
ORD-004255,CUST-00513,2024-07-21 22:48:00,Belgium,Electronics,2,915.31,0.1,Credit Card,4.0
ORD-000289,CUST-00814,2025-10-29 13:43:00,Germany,Books,4,47.33,0.2,Credit Card,
ORD-000931,CUST-00807,2025-11-25 14:44:00,France,Home,4,280.29,0.0,PayPal,4.0
ORD-003600,CUST-00933,2025-12-01 20:18:00,Spain,Clothing,2,137.62,0.0,Credit Card,5.0
ORD-002578,CUST-00677,2024-09-19 15:25:00,Netherlands,Electronics,4,1138.08,0.0,Credit Card,2.0
ORD-003393,CUST-01196,2025-06-24 14:19:00,Italy,Electronics,4,763.66,0.1,PayPal,
ORD-002615,CUST-00157,2025-03-29 12:41:00,France,Clothing,4,105.89,0.1,Credit Card,5.0
ORD-003313,CUST-01395,2025-11-13 18:16:00,France,Home,1,243.78,0.2,Bank Transfer,5.0
ORD-000943,CUST-01371,2024-07-26 09:33:00,Germany,Clothing,6,84.19,0.0,Credit Card,3.0
ORD-003884,CUST-00683,2025-09-25 18:12:00,Germany,Home,2,338.02,0.0,Credit Card,5.0
ORD-004678,CUST-00852,2025-11-13 19:53:00,Italy,Home,3,133.94,0.2,Apple Pay,5.0
ORD-001699,CUST-00540,2025-08-15 19:58:00,Italy,Books,2,35.6,0.2,Apple Pay,4.0
ORD-004788,CUST-00017,2025-02-23 06:01:00,Belgium,Sports,1,280.04,0.1,PayPal,5.0
ORD-004814,CUST-00834,2024-01-06 01:43:00,France,Electronics,1,230.07,0.0,Credit Card,2.0
ORD-004063,CUST-00949,2024-09-17 10:13:00,Italy,Clothing,1,113.16,0.0,PayPal,3.0
ORD-002953,CUST-01406,2024-03-20 07:02:00,France,Electronics,4,687.3,0.1,Credit Card,5.0
ORD-000986,CUST-00979,2024-04-11 16:29:00,France,Electronics,3,480.84,0.1,PayPal,1.0
ORD-003022,CUST-00197,2024-06-16 06:12:00,Germany,Books,2,46.06,0.0,Credit Card,4.0
ORD-004740,CUST-00783,2025-12-18 04:21:00,Italy,Clothing,1,250.0,0.1,Credit Card,1.0
ORD-003903,CUST-00764,2025-06-24 04:31:00,Spain,Clothing,1,140.69,0.0,Credit Card,2.0
ORD-004793,CUST-01457,2024-12-28 02:00:00,Belgium,Sports,7,400.0,0.1,Credit Card,2.0
ORD-000982,CUST-01054,2024-04-15 23:31:00,France,Electronics,3,497.47,0.1,Credit Card,4.0
ORD-002510,CUST-00183,2025-05-29 17:27:00,Spain,Electronics,4,392.27,0.0,Credit Card,5.0
ORD-002448,CUST-00970,2025-12-18 09:25:00,Spain,Clothing,5,250.0,0.1,Credit Card,5.0
ORD-003182,CUST-00293,2025-11-02 08:01:00,Netherlands,Clothing,1,122.32,0.1,PayPal,4.0
ORD-002963,CUST-01460,2024-07-31 14:57:00,Italy,Clothing,2,101.08,0.2,Credit Card,4.0
ORD-003785,CUST-01478,2025-05-15 15:14:00,Belgium,Clothing,2,250.0,0.1,Apple Pay,3.0
ORD-003870,CUST-01068,2024-12-05 18:45:00,Belgium,Electronics,2,484.49,0.0,Credit Card,4.0
ORD-001458,CUST-00683,2024-09-11 00:17:00,France,Sports,7,214.62,0.05,Credit Card,4.0
ORD-001396,CUST-00887,2025-06-17 00:12:00,Spain,Clothing,1,229.7,0.2,Credit Card,5.0
ORD-000265,CUST-01485,2024-10-13 23:24:00,France,Electronics,3,1200.0,0.0,Credit Card,3.0
ORD-002414,CUST-00903,2024-01-01 05:03:00,Netherlands,Electronics,5,793.83,0.1,Bank Transfer,3.0
ORD-000930,CUST-00868,2025-01-17 20:55:00,Germany,Electronics,1,810.54,0.15,Credit Card,
ORD-003117,CUST-00943,2025-09-03 08:08:00,Germany,Clothing,5,136.53,0.0,PayPal,5.0
ORD-002711,CUST-00100,2025-11-11 16:43:00,Spain,Sports,3,257.83,0.1,Credit Card,5.0
ORD-000247,CUST-01137,2024-06-13 00:45:00,France,Books,1,45.95,0.0,Bank Transfer,4.0
ORD-003614,CUST-00112,2024-11-08 13:39:00,Spain,Sports,4,61.56,0.0,Credit Card,4.0
ORD-001759,CUST-00858,2024-06-20 00:51:00,France,Clothing,2,174.97,0.0,PayPal,4.0
ORD-004881,CUST-00571,2025-06-26 19:56:00,France,Electronics,2,1009.43,0.0,Credit Card,5.0
ORD-002830,CUST-00191,2024-01-07 23:05:00,France,Clothing,1,85.67,0.0,Credit Card,5.0
ORD-000924,CUST-00218,2025-12-13 05:02:00,Germany,Home,2,478.4,0.05,Credit Card,2.0
ORD-004289,CUST-01147,2024-01-11 03:31:00,France,Clothing,5,108.18,0.15,Bank Transfer,4.0
ORD-000269,CUST-00919,2024-08-12 03:25:00,Italy,Electronics,1,696.97,0.0,Credit Card,3.0
ORD-000670,CUST-00199,2025-04-16 23:43:00,France,Clothing,2,110.36,0.2,Credit Card,5.0
ORD-002755,CUST-01487,2025-03-20 01:37:00,Netherlands,Clothing,1,133.83,0.1,PayPal,4.0
ORD-001911,CUST-00112,2024-11-08 22:14:00,Belgium,Clothing,3,170.93,0.1,PayPal,5.0
ORD-003812,CUST-00668,2025-09-14 03:34:00,Italy,Books,4,47.46,0.05,PayPal,
ORD-001153,CUST-00647,2025-12-05 13:24:00,France,Clothing,5,250.0,0.05,Bank Transfer,4.0
ORD-004833,CUST-00585,2024-10-29 20:37:00,Belgium,Home,4,339.8,0.05,Bank Transfer,4.0
ORD-004119,CUST-00312,2024-06-16 16:48:00,Spain,Home,2,164.43,0.0,Credit Card,5.0
ORD-004256,CUST-00492,2025-04-08 02:01:00,Netherlands,Electronics,2,952.39,0.0,Credit Card,5.0
ORD-003902,CUST-01428,2025-10-07 17:48:00,Spain,Clothing,1,111.71,0.15,PayPal,5.0
ORD-002437,CUST-00960,2025-09-08 10:12:00,France,Clothing,1,250.0,0.0,PayPal,3.0
ORD-003003,CUST-01395,2024-05-18 12:00:00,Italy,Sports,1,273.41,0.0,Credit Card,3.0
ORD-001916,CUST-00777,2024-01-23 14:35:00,Italy,Clothing,1,162.1,0.0,Credit Card,4.0
ORD-000613,CUST-01177,2025-06-07 01:03:00,Belgium,Home,1,109.03,0.0,Credit Card,4.0
ORD-002424,CUST-01240,2024-08-28 20:14:00,France,Electronics,2,622.95,0.15,Credit Card,5.0
ORD-003553,CUST-01409,2024-10-21 19:34:00,France,Electronics,1,1077.11,0.1,Apple Pay,
ORD-001899,CUST-01121,2025-07-03 17:07:00,Germany,Sports,6,400.0,0.05,Credit Card,5.0
ORD-001650,CUST-01255,2025-09-30 22:34:00,Belgium,Sports,5,235.95,0.0,Credit Card,
ORD-004039,CUST-00460,2025-09-30 17:28:00,Belgium,Home,5,261.14,0.05,PayPal,4.0
ORD-000259,CUST-00263,2024-12-26 22:23:00,Germany,Electronics,1,872.32,0.05,Credit Card,3.0
ORD-000848,CUST-00078,2025-11-18 08:57:00,France,Electronics,3,331.71,0.05,Apple Pay,4.0
ORD-004266,CUST-01487,2024-08-09 22:19:00,Spain,Sports,2,148.0,0.15,Bank Transfer,3.0
ORD-001234,CUST-01125,2025-08-31 13:10:00,Belgium,Clothing,2,250.0,0.0,PayPal,5.0
ORD-001128,CUST-00957,2024-02-29 09:43:00,France,Clothing,2,243.62,0.0,Credit Card,1.0
ORD-001968,CUST-00704,2024-01-05 00:34:00,France,Clothing,1,168.57,0.05,PayPal,3.0
ORD-000559,CUST-01189,2025-02-15 21:48:00,Italy,Electronics,3,683.63,0.15,Bank Transfer,1.0
ORD-003930,CUST-01110,2025-05-27 10:03:00,Spain,Clothing,2,234.01,0.0,Credit Card,3.0
ORD-000485,CUST-00695,2025-12-18 16:27:00,France,Electronics,4,188.23,0.05,Apple Pay,5.0
ORD-001321,CUST-00172,2024-11-23 11:53:00,Germany,Books,4,42.34,0.0,PayPal,4.0
ORD-002371,CUST-00066,2024-09-23 00:56:00,Belgium,Clothing,1,72.29,0.0,Credit Card,5.0
ORD-000008,CUST-01047,2024-12-04 16:25:00,Netherlands,Sports,2,193.0,0.15,Credit Card,2.0
ORD-003989,CUST-00623,2025-02-23 19:47:00,Belgium,Home,3,387.39,0.0,Bank Transfer,
ORD-003211,CUST-01441,2025-03-02 04:50:00,Italy,Electronics,2,832.62,0.1,Credit Card,4.0
ORD-001451,CUST-00441,2025-05-10 03:02:00,Belgium,Books,1,18.15,0.0,Credit Card,5.0
ORD-004005,CUST-01202,2024-07-29 13:36:00,France,Home,1,166.14,0.0,Apple Pay,5.0
ORD-001815,CUST-01326,2024-09-09 13:52:00,Germany,Sports,2,400.0,0.05,PayPal,3.0
ORD-000774,CUST-01077,2024-02-11 05:12:00,Spain,Electronics,5,632.17,0.0,Apple Pay,4.0
ORD-001012,CUST-01200,2024-07-02 19:27:00,Belgium,Clothing,6,114.47,0.0,PayPal,5.0
ORD-002838,CUST-01349,2024-02-29 08:47:00,France,Clothing,1,250.0,0.1,PayPal,3.0
ORD-002466,CUST-00294,2024-04-18 23:27:00,Italy,Home,4,297.77,0.15,Credit Card,5.0
ORD-001992,CUST-00657,2025-10-05 19:08:00,France,Clothing,1,92.11,0.1,Credit Card,4.0
ORD-001278,CUST-01161,2025-07-20 22:32:00,France,Sports,1,400.0,0.0,PayPal,4.0
ORD-001784,CUST-01433,2024-05-07 21:02:00,Spain,Electronics,4,393.0,0.1,Credit Card,5.0
ORD-003127,CUST-01249,2025-02-15 15:21:00,Spain,Clothing,1,170.27,0.15,PayPal,4.0
ORD-000447,CUST-00471,2025-08-09 14:17:00,Belgium,Home,1,437.1,0.05,PayPal,1.0
ORD-000881,CUST-00130,2025-04-07 18:25:00,France,Electronics,2,205.43,0.0,Credit Card,5.0
ORD-004474,CUST-00205,2025-06-28 00:56:00,France,Electronics,2,985.72,0.05,PayPal,5.0
ORD-000782,CUST-00956,2025-03-22 17:17:00,Spain,Home,2,165.09,0.0,Apple Pay,5.0
ORD-001750,CUST-01079,2025-02-09 19:33:00,Italy,Home,2,195.65,0.0,Credit Card,5.0
ORD-003410,CUST-00711,2024-10-30 06:24:00,France,Home,5,142.58,0.1,Bank Transfer,4.0
ORD-004897,CUST-01276,2025-01-14 05:34:00,France,Home,1,500.0,0.0,Apple Pay,4.0
ORD-000884,CUST-00233,2025-06-12 08:32:00,Belgium,Books,1,36.67,0.0,PayPal,2.0
ORD-002673,CUST-01278,2025-05-12 14:53:00,France,Clothing,1,92.17,0.0,PayPal,5.0
ORD-001092,CUST-00673,2025-01-02 01:51:00,France,Sports,7,260.92,0.05,Bank Transfer,5.0
ORD-003958,CUST-01102,2025-07-27 06:25:00,Germany,Electronics,2,209.67,0.0,PayPal,3.0
ORD-000532,CUST-00249,2025-07-06 22:29:00,France,Sports,1,265.86,0.0,Bank Transfer,
ORD-004047,CUST-00679,2024-05-23 19:21:00,Netherlands,Home,7,311.37,0.1,Apple Pay,4.0
ORD-004315,CUST-01128,2025-09-17 09:57:00,Netherlands,Clothing,3,122.53,0.05,Credit Card,2.0
ORD-004112,CUST-00720,2024-11-29 11:41:00,Germany,Clothing,1,250.0,0.0,Bank Transfer,4.0
ORD-001728,CUST-00855,2024-10-28 00:45:00,Spain,Electronics,6,912.95,0.05,Credit Card,4.0
ORD-000611,CUST-01251,2025-03-27 05:26:00,France,Electronics,3,1200.0,0.1,Credit Card,5.0
ORD-000571,CUST-01424,2024-08-06 08:33:00,Spain,Clothing,2,133.02,0.0,PayPal,5.0
ORD-002690,CUST-01474,2024-02-07 12:26:00,Spain,Clothing,3,59.67,0.0,Bank Transfer,3.0
ORD-003049,CUST-00255,2025-03-23 07:23:00,Netherlands,Home,4,375.13,0.05,Bank Transfer,5.0
ORD-000344,CUST-00773,2024-07-22 21:42:00,Netherlands,Electronics,1,1002.16,0.05,Bank Transfer,5.0
ORD-004125,CUST-01184,2024-10-23 18:46:00,Spain,Electronics,4,1148.59,0.0,Apple Pay,5.0
ORD-003571,CUST-01200,2025-08-03 19:18:00,France,Books,8,29.34,0.1,Apple Pay,4.0
ORD-000435,CUST-00651,2024-04-30 14:18:00,France,Electronics,2,548.65,0.3,PayPal,3.0
ORD-001904,CUST-00373,2025-10-23 07:55:00,France,Sports,5,363.55,0.0,Credit Card,3.0
ORD-003829,CUST-01023,2024-05-09 23:17:00,Germany,Home,2,323.69,0.0,PayPal,3.0
ORD-003481,CUST-01199,2024-11-07 04:34:00,France,Home,1,500.0,0.0,Credit Card,4.0
ORD-002070,CUST-00629,2025-10-27 12:32:00,Spain,Electronics,1,953.03,0.0,PayPal,3.0
ORD-001538,CUST-00166,2025-06-17 01:24:00,France,Sports,2,400.0,0.0,Credit Card,2.0
ORD-002270,CUST-01465,2025-08-06 19:27:00,France,Books,2,51.61,0.15,PayPal,5.0
ORD-004975,CUST-01203,2025-07-22 10:33:00,France,Electronics,2,755.42,0.2,Credit Card,5.0
ORD-001518,CUST-00073,2024-02-24 11:25:00,Germany,Home,4,127.5,0.0,Apple Pay,
ORD-000966,CUST-00883,2024-03-07 20:52:00,France,Books,3,55.13,0.1,Apple Pay,5.0
ORD-004421,CUST-01083,2024-01-26 02:02:00,Netherlands,Sports,5,279.27,0.1,Bank Transfer,4.0
ORD-000529,CUST-01373,2025-06-16 13:32:00,France,Home,2,298.56,0.05,PayPal,3.0
ORD-000177,CUST-01076,2024-01-20 01:35:00,France,Clothing,3,49.94,0.05,Credit Card,5.0
ORD-003505,CUST-00026,2025-03-02 02:31:00,France,Home,6,194.97,0.2,Credit Card,1.0
ORD-002562,CUST-00539,2025-10-23 02:52:00,France,Books,2,70.19,0.1,Bank Transfer,4.0
ORD-004312,CUST-01286,2025-01-04 10:19:00,France,Books,8,21.24,0.15,Credit Card,2.0
ORD-000573,CUST-00424,2025-02-16 16:10:00,Germany,Clothing,2,250.0,0.05,Credit Card,5.0
ORD-002317,CUST-00131,2024-05-10 23:40:00,Belgium,Books,4,24.78,0.1,PayPal,3.0
ORD-004840,CUST-01398,2024-02-25 17:14:00,France,Clothing,1,49.47,0.3,PayPal,4.0
ORD-002477,CUST-00783,2025-10-22 05:16:00,Spain,Books,3,49.73,0.2,PayPal,5.0
ORD-003694,CUST-00490,2025-09-03 13:10:00,France,Clothing,1,136.24,0.0,PayPal,2.0
ORD-002601,CUST-01295,2025-10-03 03:18:00,Italy,Home,4,418.84,0.1,Apple Pay,
ORD-002209,CUST-00352,2025-04-15 16:30:00,France,Sports,1,122.74,0.1,Credit Card,4.0
ORD-002584,CUST-00989,2024-07-26 15:12:00,Italy,Clothing,4,76.13,0.05,Credit Card,5.0
ORD-004317,CUST-01469,2024-04-05 07:45:00,Spain,Home,4,181.4,0.15,Apple Pay,4.0
ORD-000384,CUST-00362,2025-09-27 00:54:00,Italy,Books,5,80.0,0.0,Apple Pay,4.0
ORD-000853,CUST-01445,2025-08-14 18:06:00,Spain,Books,3,34.86,0.05,PayPal,5.0
ORD-001881,CUST-00578,2024-12-27 02:47:00,Spain,Electronics,3,832.98,0.3,Credit Card,5.0
ORD-000371,CUST-00504,2025-09-24 11:27:00,France,Sports,3,117.67,0.15,Credit Card,4.0
ORD-002396,CUST-00985,2025-03-26 03:36:00,Germany,Sports,1,251.08,0.1,Credit Card,4.0
ORD-004338,CUST-00492,2025-05-30 19:07:00,Belgium,Sports,2,209.39,0.1,Credit Card,2.0
ORD-001106,CUST-00272,2024-02-21 16:27:00,France,Clothing,1,70.73,0.2,PayPal,4.0
ORD-002590,CUST-00519,2025-07-04 14:10:00,Italy,Electronics,2,1200.0,0.0,Credit Card,
ORD-003971,CUST-00717,2025-01-02 01:18:00,Italy,Clothing,6,84.89,0.05,Bank Transfer,3.0
ORD-001337,CUST-00958,2024-01-06 03:27:00,France,Electronics,2,287.94,0.0,PayPal,4.0
ORD-002190,CUST-00879,2025-09-25 12:14:00,France,Electronics,3,1014.91,0.0,Credit Card,4.0
ORD-004609,CUST-01309,2024-02-08 05:36:00,Italy,Electronics,2,648.98,0.05,Credit Card,5.0
ORD-004170,CUST-01013,2025-08-29 07:08:00,Italy,Home,2,107.45,0.05,Credit Card,3.0
ORD-004572,CUST-00141,2025-12-19 01:38:00,France,Books,1,80.0,0.0,Credit Card,5.0
ORD-004696,CUST-01254,2024-11-19 11:31:00,Italy,Clothing,1,80.38,0.2,Credit Card,5.0
ORD-004864,CUST-01078,2024-05-20 05:36:00,France,Sports,3,240.45,0.0,PayPal,3.0
ORD-001172,CUST-00947,2024-01-23 13:27:00,Italy,Electronics,4,514.66,0.0,Credit Card,
ORD-003616,CUST-00671,2025-08-17 22:34:00,France,Clothing,3,71.79,0.0,PayPal,4.0
ORD-004194,CUST-00059,2025-08-21 19:53:00,Belgium,Books,5,41.71,0.0,Bank Transfer,2.0
ORD-001423,CUST-00884,2025-01-25 06:42:00,Spain,Home,1,408.05,0.05,PayPal,2.0
ORD-003028,CUST-01121,2025-04-27 00:11:00,Germany,Electronics,3,315.29,0.05,Credit Card,
ORD-002670,CUST-01446,2025-10-03 22:46:00,Belgium,Home,2,500.0,0.0,Bank Transfer,5.0
ORD-004169,CUST-00761,2025-08-10 18:12:00,Germany,Books,1,40.62,0.1,PayPal,5.0
ORD-001465,CUST-01278,2024-11-02 09:10:00,Belgium,Clothing,1,121.97,0.15,Credit Card,3.0
ORD-000875,CUST-01047,2025-09-06 03:52:00,Netherlands,Sports,2,110.61,0.1,Bank Transfer,4.0
ORD-002342,CUST-00592,2025-05-29 22:00:00,Netherlands,Clothing,5,94.9,0.0,Credit Card,5.0
ORD-004355,CUST-00725,2025-01-14 22:27:00,Netherlands,Sports,7,201.88,0.05,Credit Card,3.0
ORD-001252,CUST-00618,2025-06-12 17:11:00,Italy,Books,2,36.25,0.2,Bank Transfer,1.0
ORD-004539,CUST-01252,2025-02-15 22:33:00,Netherlands,Electronics,1,1200.0,0.15,Credit Card,4.0
ORD-000841,CUST-00434,2024-04-20 23:28:00,Italy,Home,2,265.02,0.0,PayPal,4.0
ORD-004038,CUST-00922,2024-04-16 08:40:00,France,Electronics,4,774.8,0.05,Bank Transfer,5.0
ORD-000582,CUST-01251,2024-01-27 20:51:00,Germany,Electronics,2,618.66,0.1,PayPal,4.0
ORD-000205,CUST-00687,2025-04-12 07:34:00,Italy,Electronics,3,1200.0,0.1,PayPal,5.0
ORD-001642,CUST-00076,2024-04-26 01:29:00,France,Clothing,1,70.07,0.2,Bank Transfer,5.0
ORD-002015,CUST-00972,2024-07-28 05:12:00,Germany,Books,1,43.14,0.2,Credit Card,5.0
ORD-000906,CUST-01065,2024-11-15 16:42:00,France,Electronics,1,1200.0,0.15,Credit Card,5.0
ORD-000632,CUST-00492,2025-05-11 16:45:00,France,Home,2,321.02,0.0,Bank Transfer,3.0
ORD-003115,CUST-00548,2024-07-09 13:09:00,France,Electronics,1,1013.13,0.1,PayPal,5.0
ORD-001975,CUST-00839,2025-04-06 02:02:00,France,Sports,4,236.08,0.15,PayPal,
ORD-000163,CUST-00614,2024-06-04 18:51:00,Germany,Books,2,80.0,0.1,Credit Card,4.0
ORD-003194,CUST-00288,2024-05-16 04:22:00,Germany,Clothing,2,119.2,0.05,PayPal,4.0
ORD-003850,CUST-00337,2025-06-14 21:16:00,France,Electronics,1,620.03,0.1,Credit Card,5.0
ORD-004510,CUST-01450,2025-09-13 09:09:00,Netherlands,Home,2,130.78,0.0,Credit Card,4.0
ORD-000618,CUST-00400,2025-01-21 16:05:00,Spain,Electronics,6,399.13,0.0,Credit Card,5.0
ORD-004093,CUST-00550,2024-01-09 12:10:00,Netherlands,Electronics,3,1200.0,0.1,Credit Card,4.0
ORD-001432,CUST-00278,2025-11-02 04:12:00,France,Electronics,5,890.11,0.0,Credit Card,5.0
ORD-000548,CUST-00887,2024-01-10 23:26:00,Germany,Clothing,2,71.65,0.0,PayPal,5.0
ORD-003356,CUST-00662,2024-10-13 16:02:00,Spain,Electronics,1,387.59,0.0,Credit Card,4.0
ORD-004561,CUST-00733,2024-05-12 01:50:00,Germany,Electronics,2,335.19,0.2,Bank Transfer,5.0
ORD-004237,CUST-01418,2024-10-12 13:36:00,Netherlands,Home,2,439.9,0.0,Apple Pay,5.0
ORD-002405,CUST-00576,2024-06-22 23:00:00,Netherlands,Clothing,2,250.0,0.2,PayPal,2.0
ORD-002684,CUST-01217,2024-09-07 03:59:00,France,Sports,1,103.9,0.1,Credit Card,5.0
ORD-003837,CUST-00295,2024-02-20 16:45:00,Italy,Electronics,2,589.66,0.0,Credit Card,1.0
ORD-004090,CUST-01472,2025-04-10 11:06:00,France,Clothing,1,80.62,0.0,Credit Card,4.0
ORD-001862,CUST-00445,2024-11-23 13:51:00,Netherlands,Sports,5,400.0,0.0,Credit Card,5.0
ORD-000641,CUST-01007,2024-07-07 10:28:00,Spain,Electronics,4,341.64,0.1,Credit Card,5.0
ORD-003008,CUST-00638,2024-02-23 22:58:00,Germany,Clothing,2,98.3,0.0,Apple Pay,5.0
ORD-000638,CUST-00446,2025-07-25 07:56:00,Belgium,Electronics,1,218.08,0.0,PayPal,5.0
ORD-003540,CUST-01241,2025-11-21 23:01:00,Belgium,Electronics,3,449.27,0.0,PayPal,5.0
ORD-003935,CUST-00276,2025-03-26 04:40:00,Italy,Books,2,57.46,0.0,Credit Card,5.0
ORD-003007,CUST-00899,2025-02-22 12:32:00,Spain,Sports,4,133.91,0.0,PayPal,
ORD-002097,CUST-01410,2024-07-14 14:49:00,Germany,Clothing,1,139.1,0.0,Credit Card,5.0
ORD-002568,CUST-00950,2025-07-18 14:55:00,Germany,Clothing,1,151.39,0.2,Credit Card,5.0
ORD-003097,CUST-00263,2025-08-02 20:33:00,France,Electronics,4,315.67,0.0,Bank Transfer,4.0
ORD-003699,CUST-00435,2024-06-19 23:17:00,France,Clothing,3,68.49,0.1,PayPal,4.0
ORD-004579,CUST-00413,2024-10-25 19:56:00,France,Electronics,1,632.27,0.1,Credit Card,
ORD-000922,CUST-00859,2025-10-30 11:42:00,Spain,Books,1,49.29,0.1,Credit Card,5.0
ORD-000547,CUST-00644,2025-08-01 07:19:00,Spain,Home,3,500.0,0.1,Credit Card,5.0
ORD-003691,CUST-00603,2025-05-29 20:46:00,France,Clothing,2,65.53,0.0,Credit Card,4.0
ORD-001901,CUST-00803,2024-12-14 21:24:00,France,Electronics,1,750.01,0.2,PayPal,5.0
ORD-002029,CUST-00789,2024-01-11 14:26:00,France,Home,4,198.35,0.2,Apple Pay,5.0
ORD-002302,CUST-00216,2024-11-29 12:27:00,Germany,Clothing,1,121.17,0.15,Bank Transfer,5.0
ORD-001886,CUST-00270,2025-11-04 18:26:00,Germany,Clothing,1,211.51,0.05,Credit Card,4.0
ORD-001643,CUST-00671,2025-02-21 05:12:00,Germany,Clothing,2,94.91,0.1,Apple Pay,5.0
ORD-004560,CUST-00973,2025-02-26 15:18:00,France,Electronics,1,606.04,0.0,Bank Transfer,3.0
ORD-004825,CUST-00750,2025-04-15 00:26:00,Germany,Clothing,6,75.78,0.1,Apple Pay,4.0
ORD-002098,CUST-01291,2024-06-15 18:34:00,France,Home,7,445.89,0.15,Bank Transfer,
ORD-004372,CUST-00255,2025-04-10 04:59:00,France,Sports,1,217.65,0.2,Credit Card,4.0
ORD-003586,CUST-00325,2025-07-22 00:58:00,Netherlands,Clothing,2,185.67,0.05,PayPal,4.0
ORD-004509,CUST-00399,2025-06-17 16:13:00,Spain,Electronics,4,1188.21,0.0,Bank Transfer,
ORD-004983,CUST-00281,2025-03-01 08:39:00,Netherlands,Home,3,432.35,0.0,Credit Card,4.0
ORD-000837,CUST-01213,2025-04-06 11:22:00,France,Electronics,4,1200.0,0.1,Credit Card,5.0
ORD-000602,CUST-01169,2025-09-01 10:31:00,Italy,Electronics,6,1191.89,0.0,Bank Transfer,5.0
ORD-002185,CUST-00951,2025-05-19 16:40:00,Spain,Home,5,238.72,0.1,Apple Pay,5.0
ORD-003890,CUST-01237,2025-03-03 04:12:00,France,Books,1,49.11,0.1,Apple Pay,5.0
ORD-002499,CUST-00049,2025-04-06 23:21:00,France,Electronics,3,830.89,0.15,Apple Pay,2.0
ORD-004322,CUST-00673,2025-02-20 07:38:00,Spain,Clothing,2,108.95,0.0,Bank Transfer,1.0
ORD-001583,CUST-00774,2024-06-26 14:42:00,France,Electronics,8,546.3,0.05,Credit Card,1.0
ORD-004281,CUST-00719,2024-12-13 09:39:00,Germany,Clothing,1,91.85,0.0,Bank Transfer,
ORD-004260,CUST-00038,2025-07-21 12:02:00,Belgium,Electronics,1,1200.0,0.0,Credit Card,5.0
ORD-004895,CUST-00724,2025-08-16 05:54:00,Germany,Books,1,77.5,0.05,Credit Card,2.0
ORD-001071,CUST-01013,2025-05-08 02:57:00,Netherlands,Electronics,5,785.43,0.0,Credit Card,5.0
ORD-001776,CUST-00197,2024-04-01 20:24:00,France,Sports,1,61.79,0.0,PayPal,5.0
ORD-004824,CUST-01462,2024-02-26 15:35:00,Belgium,Books,1,38.07,0.0,Bank Transfer,5.0
ORD-001284,CUST-01202,2025-03-08 06:22:00,France,Clothing,1,54.48,0.0,Credit Card,5.0
ORD-003942,CUST-00469,2024-12-31 08:38:00,France,Electronics,4,217.55,0.0,Credit Card,4.0
ORD-004769,CUST-00171,2024-08-08 03:30:00,France,Books,2,69.69,0.0,Apple Pay,4.0
ORD-001837,CUST-01412,2024-11-21 18:35:00,Germany,Home,2,376.47,0.1,Bank Transfer,5.0
ORD-004257,CUST-00491,2024-04-16 11:46:00,France,Clothing,1,250.0,0.05,PayPal,2.0
ORD-001020,CUST-00174,2024-12-16 15:54:00,Spain,Sports,1,400.0,0.05,PayPal,4.0
ORD-003227,CUST-00869,2025-05-03 21:07:00,Spain,Electronics,1,517.69,0.05,Credit Card,1.0
ORD-001327,CUST-01019,2025-07-13 12:59:00,Spain,Home,3,283.34,0.1,Apple Pay,5.0
ORD-000476,CUST-01178,2025-07-31 23:35:00,France,Home,3,282.49,0.0,Apple Pay,5.0
ORD-003470,CUST-01300,2025-04-14 00:25:00,France,Clothing,2,216.77,0.0,Credit Card,4.0
ORD-001652,CUST-00028,2024-12-05 12:12:00,Germany,Books,2,30.76,0.1,PayPal,5.0
ORD-004023,CUST-00814,2025-12-12 22:01:00,Italy,Home,2,326.45,0.0,Credit Card,4.0
ORD-004300,CUST-00140,2024-11-23 10:09:00,Spain,Sports,3,323.01,0.1,PayPal,5.0
ORD-002629,CUST-00925,2025-04-03 20:48:00,France,Sports,2,97.81,0.0,Bank Transfer,4.0
ORD-002781,CUST-00467,2024-01-09 08:14:00,France,Electronics,1,736.61,0.1,Credit Card,
ORD-003002,CUST-01008,2025-10-21 12:35:00,Italy,Books,1,71.12,0.1,Credit Card,5.0
ORD-001374,CUST-00631,2025-05-29 15:59:00,Netherlands,Home,1,500.0,0.0,Credit Card,
ORD-000740,CUST-01348,2024-05-25 06:13:00,Germany,Clothing,1,105.27,0.05,Bank Transfer,1.0
ORD-003753,CUST-01441,2024-06-04 14:58:00,Belgium,Sports,5,142.68,0.0,PayPal,4.0
ORD-002458,CUST-01404,2025-06-16 00:43:00,Germany,Home,1,226.89,0.0,PayPal,5.0
ORD-000868,CUST-01257,2024-01-12 06:12:00,France,Electronics,1,1200.0,0.15,Credit Card,4.0
ORD-001141,CUST-01322,2025-07-11 16:14:00,France,Home,2,364.59,0.0,PayPal,3.0
ORD-000998,CUST-00541,2024-01-11 16:05:00,Italy,Clothing,4,45.77,0.15,Credit Card,4.0
ORD-001338,CUST-00445,2024-10-17 19:24:00,Germany,Sports,2,86.77,0.0,Apple Pay,5.0
ORD-000542,CUST-00084,2025-11-15 12:32:00,Germany,Home,2,284.94,0.0,Credit Card,5.0
ORD-001100,CUST-00651,2024-11-14 01:24:00,Germany,Sports,3,363.32,0.1,Apple Pay,2.0
ORD-001133,CUST-01192,2025-05-06 04:53:00,France,Clothing,1,81.54,0.15,Credit Card,3.0
ORD-004089,CUST-01475,2024-10-04 00:55:00,Germany,Clothing,1,99.28,0.1,PayPal,
ORD-002861,CUST-00291,2024-09-12 08:47:00,Spain,Sports,6,143.32,0.0,Apple Pay,4.0
ORD-002259,CUST-00002,2024-12-15 03:44:00,France,Clothing,1,85.82,0.15,Credit Card,2.0
ORD-004012,CUST-01328,2025-11-09 05:09:00,Germany,Home,1,477.13,0.0,PayPal,3.0
ORD-000060,CUST-01025,2024-11-25 02:24:00,Netherlands,Electronics,7,375.87,0.0,Credit Card,4.0
ORD-004957,CUST-00241,2024-06-29 21:06:00,France,Electronics,1,584.21,0.0,Bank Transfer,5.0
ORD-001939,CUST-01440,2024-04-26 03:45:00,Germany,Sports,1,258.94,0.0,Credit Card,4.0
ORD-002595,CUST-00459,2025-02-05 15:59:00,Spain,Sports,2,329.01,0.15,PayPal,4.0
ORD-004952,CUST-00076,2025-04-30 16:02:00,Italy,Home,4,149.86,0.2,PayPal,5.0
ORD-001079,CUST-00627,2024-09-15 20:57:00,France,Electronics,4,884.47,0.0,Bank Transfer,4.0
ORD-003130,CUST-01188,2024-12-26 09:47:00,France,Home,1,180.2,0.2,PayPal,4.0
ORD-003149,CUST-01485,2024-04-25 12:47:00,Germany,Books,3,36.39,0.1,Credit Card,3.0
ORD-002506,CUST-00173,2024-03-21 22:28:00,France,Home,4,93.79,0.1,Credit Card,3.0
ORD-000941,CUST-01037,2024-04-25 12:01:00,Spain,Clothing,4,200.16,0.0,Apple Pay,5.0
ORD-001081,CUST-01381,2025-05-27 22:32:00,Spain,Electronics,2,1176.07,0.2,PayPal,2.0
ORD-000188,CUST-00572,2024-03-26 18:06:00,France,Books,2,51.68,0.0,PayPal,3.0
ORD-002979,CUST-00425,2025-09-14 04:31:00,France,Sports,1,151.05,0.1,Credit Card,5.0
ORD-002086,CUST-00984,2025-07-15 01:03:00,Italy,Clothing,2,75.57,0.1,Credit Card,4.0
ORD-002250,CUST-00636,2024-04-23 01:09:00,Germany,Books,3,44.87,0.0,Credit Card,4.0
ORD-004906,CUST-00963,2025-03-23 08:31:00,Spain,Sports,4,163.25,0.0,Credit Card,4.0
ORD-002024,CUST-00900,2025-09-05 09:45:00,France,Books,6,19.76,0.0,Bank Transfer,4.0
ORD-002701,CUST-01322,2024-08-03 20:21:00,Germany,Books,1,17.09,0.05,Credit Card,2.0
ORD-004073,CUST-01251,2025-04-22 06:52:00,Germany,Sports,1,203.93,0.05,Credit Card,2.0
ORD-003631,CUST-00696,2024-04-08 06:44:00,France,Electronics,2,522.22,0.0,Credit Card,5.0
ORD-000227,CUST-01213,2025-03-22 01:11:00,Italy,Clothing,4,77.96,0.0,Credit Card,
ORD-004150,CUST-00585,2025-07-02 16:30:00,Italy,Electronics,3,499.93,0.0,Credit Card,5.0
ORD-001930,CUST-01429,2024-12-04 02:26:00,Belgium,Electronics,3,1200.0,0.0,PayPal,2.0
ORD-003077,CUST-00164,2025-07-22 19:35:00,Germany,Clothing,4,44.97,0.15,Bank Transfer,1.0
ORD-004504,CUST-01158,2025-08-26 04:12:00,Belgium,Sports,7,301.41,0.0,Credit Card,4.0
ORD-001405,CUST-00267,2025-11-16 20:53:00,Spain,Clothing,1,151.28,0.15,PayPal,5.0
ORD-002180,CUST-00685,2024-09-13 19:44:00,Germany,Electronics,2,395.3,0.05,Bank Transfer,4.0
ORD-000698,CUST-00886,2024-12-10 10:28:00,Spain,Electronics,2,545.42,0.0,PayPal,5.0
ORD-001125,CUST-01261,2025-04-21 02:54:00,Netherlands,Home,6,167.06,0.15,Credit Card,4.0
ORD-004837,CUST-00206,2025-10-18 14:37:00,Spain,Sports,1,159.53,0.1,Credit Card,5.0
ORD-002940,CUST-00254,2025-12-22 15:22:00,France,Books,1,39.31,0.15,Credit Card,2.0
ORD-001779,CUST-00462,2024-08-05 17:14:00,Germany,Home,3,255.95,0.0,Credit Card,1.0
ORD-004333,CUST-01292,2024-03-20 23:47:00,France,Books,5,33.76,0.0,Credit Card,2.0
ORD-001038,CUST-00023,2025-09-13 04:17:00,Germany,Clothing,4,45.54,0.05,Credit Card,5.0
ORD-004349,CUST-01151,2025-03-20 21:26:00,Netherlands,Books,1,40.56,0.1,Credit Card,5.0
ORD-002257,CUST-01195,2024-09-18 11:22:00,Italy,Clothing,3,182.94,0.15,PayPal,4.0
ORD-000314,CUST-00422,2024-05-14 06:28:00,Netherlands,Books,2,23.62,0.1,PayPal,3.0
ORD-002282,CUST-00531,2024-01-07 03:44:00,Netherlands,Sports,5,121.71,0.0,Bank Transfer,2.0
ORD-001417,CUST-00953,2025-01-05 02:38:00,Italy,Clothing,3,165.37,0.0,Credit Card,5.0
ORD-001037,CUST-01355,2025-04-23 19:19:00,Germany,Electronics,3,401.65,0.15,PayPal,4.0
ORD-002160,CUST-00502,2025-10-30 04:22:00,Netherlands,Home,3,193.55,0.0,PayPal,5.0
ORD-004177,CUST-00456,2025-09-04 09:44:00,Germany,Home,1,371.97,0.15,Credit Card,5.0
ORD-001755,CUST-00940,2025-11-10 04:39:00,Spain,Home,3,323.81,0.0,PayPal,3.0
ORD-003134,CUST-00122,2025-05-21 02:22:00,Germany,Clothing,3,203.54,0.0,Credit Card,4.0
ORD-004233,CUST-00908,2025-07-15 19:10:00,Italy,Home,2,198.18,0.1,Apple Pay,5.0
ORD-003707,CUST-00235,2025-02-18 21:05:00,France,Home,1,230.12,0.0,Bank Transfer,5.0
ORD-004161,CUST-00605,2024-10-22 00:43:00,Germany,Home,1,500.0,0.0,Apple Pay,
ORD-003367,CUST-00932,2025-05-08 00:18:00,Germany,Sports,7,66.52,0.0,Apple Pay,5.0
ORD-003955,CUST-00890,2024-06-02 00:27:00,Netherlands,Home,2,500.0,0.1,Credit Card,2.0
ORD-001507,CUST-01372,2025-10-31 22:19:00,Germany,Clothing,2,163.37,0.0,Credit Card,4.0
ORD-001924,CUST-00652,2024-06-22 01:46:00,Italy,Books,6,49.08,0.1,Credit Card,5.0
ORD-000449,CUST-00782,2024-05-07 17:33:00,France,Sports,4,209.39,0.1,Credit Card,4.0
ORD-002461,CUST-00511,2024-02-04 20:12:00,Italy,Books,3,72.31,0.0,PayPal,3.0
ORD-004356,CUST-01236,2024-10-18 02:53:00,Italy,Electronics,1,243.5,0.0,Apple Pay,4.0
ORD-004985,CUST-00289,2025-01-11 17:20:00,Belgium,Home,8,397.48,0.0,PayPal,5.0
ORD-003677,CUST-00550,2024-06-11 00:35:00,Germany,Home,3,367.5,0.05,PayPal,5.0
ORD-000362,CUST-01337,2025-11-06 16:45:00,Germany,Clothing,1,146.24,0.0,Credit Card,5.0
ORD-002184,CUST-00968,2024-06-12 08:02:00,Spain,Electronics,1,987.4,0.05,PayPal,5.0
ORD-001135,CUST-00921,2024-02-21 19:50:00,Italy,Clothing,4,71.49,0.15,Apple Pay,3.0
ORD-003905,CUST-01310,2024-03-23 16:49:00,France,Clothing,6,147.28,0.15,PayPal,5.0
ORD-002156,CUST-00735,2025-05-12 18:53:00,France,Home,1,146.82,0.0,Credit Card,5.0
ORD-001831,CUST-00533,2025-09-21 15:02:00,France,Clothing,1,55.94,0.05,Credit Card,5.0
ORD-001054,CUST-01438,2024-11-25 04:22:00,Germany,Books,3,80.0,0.0,Credit Card,5.0
ORD-000023,CUST-00274,2025-01-19 00:02:00,France,Books,1,65.31,0.2,Credit Card,4.0
ORD-002067,CUST-01088,2025-01-01 11:58:00,France,Clothing,5,50.63,0.05,PayPal,4.0
ORD-001654,CUST-00894,2025-10-30 02:54:00,Spain,Clothing,4,128.46,0.2,PayPal,
ORD-002606,CUST-01134,2024-06-01 10:38:00,Italy,Home,2,217.3,0.05,Credit Card,5.0
ORD-003232,CUST-00320,2024-09-05 17:28:00,Spain,Clothing,3,171.67,0.15,Credit Card,4.0
ORD-004617,CUST-00440,2024-07-27 14:57:00,Germany,Sports,3,201.54,0.1,Bank Transfer,5.0
ORD-004061,CUST-00218,2024-01-17 12:34:00,France,Clothing,1,80.15,0.05,PayPal,5.0
ORD-002326,CUST-01235,2024-10-03 12:57:00,France,Home,8,425.93,0.1,Credit Card,4.0
ORD-000461,CUST-01085,2024-07-31 04:36:00,Netherlands,Home,4,150.5,0.05,Apple Pay,5.0
ORD-001068,CUST-00962,2024-08-03 14:39:00,Germany,Books,1,80.0,0.0,Apple Pay,2.0
ORD-000088,CUST-00469,2024-03-01 14:29:00,Belgium,Books,1,42.38,0.0,Apple Pay,1.0
ORD-001431,CUST-00706,2025-02-21 23:41:00,France,Books,3,29.73,0.1,Credit Card,4.0
ORD-003337,CUST-00785,2025-12-20 12:38:00,France,Clothing,4,99.89,0.0,Credit Card,5.0
ORD-000283,CUST-01007,2024-03-29 16:36:00,Germany,Sports,3,225.0,0.15,Credit Card,1.0
ORD-000463,CUST-01124,2024-12-21 16:12:00,France,Books,3,70.08,0.0,Apple Pay,5.0
ORD-000213,CUST-01184,2024-07-05 10:06:00,France,Home,1,157.5,0.0,Bank Transfer,5.0
ORD-003969,CUST-00885,2025-12-08 03:16:00,France,Home,3,136.61,0.0,Credit Card,
ORD-001369,CUST-01445,2024-06-20 00:28:00,Spain,Clothing,2,250.0,0.15,Credit Card,3.0
ORD-000235,CUST-00740,2024-07-21 10:18:00,Italy,Electronics,1,1121.11,0.0,Bank Transfer,
ORD-002790,CUST-01253,2025-08-25 13:13:00,France,Electronics,3,793.14,0.0,Credit Card,5.0
ORD-000598,CUST-01170,2025-11-08 20:04:00,Germany,Clothing,2,52.52,0.0,Credit Card,1.0
ORD-004435,CUST-00877,2024-10-06 08:41:00,France,Sports,1,216.45,0.0,PayPal,5.0
ORD-002251,CUST-00760,2024-03-22 11:32:00,France,Home,2,282.95,0.05,Bank Transfer,3.0
ORD-004056,CUST-00567,2025-01-25 07:00:00,France,Home,1,225.68,0.2,Credit Card,4.0
ORD-002284,CUST-01182,2025-02-14 11:10:00,France,Electronics,3,1200.0,0.0,Bank Transfer,2.0
ORD-000663,CUST-00053,2025-01-21 14:22:00,Netherlands,Sports,2,232.65,0.15,PayPal,4.0
ORD-004979,CUST-01386,2025-04-24 14:47:00,Belgium,Books,3,49.84,0.1,PayPal,5.0
ORD-002286,CUST-01249,2025-08-20 15:52:00,France,Electronics,2,1200.0,0.05,Credit Card,4.0
ORD-004732,CUST-01028,2024-05-12 19:20:00,France,Electronics,4,625.09,0.0,Credit Card,4.0
ORD-003215,CUST-00843,2025-06-15 00:29:00,Belgium,Sports,2,400.0,0.15,Bank Transfer,4.0
ORD-002521,CUST-00664,2024-10-12 18:41:00,Germany,Clothing,1,154.02,0.0,PayPal,3.0
ORD-003454,CUST-00523,2025-12-12 09:59:00,Germany,Books,4,80.0,0.1,Credit Card,5.0
ORD-000780,CUST-01276,2024-10-04 02:34:00,Germany,Clothing,4,155.57,0.1,Credit Card,4.0
ORD-004827,CUST-00296,2024-07-20 15:17:00,Belgium,Sports,1,122.99,0.0,PayPal,
ORD-003448,CUST-00846,2025-12-26 06:10:00,France,Electronics,2,329.24,0.05,Credit Card,5.0
ORD-003309,CUST-00036,2025-06-25 00:35:00,France,Clothing,7,156.35,0.1,Bank Transfer,3.0
ORD-003888,CUST-00266,2024-05-20 02:38:00,Belgium,Electronics,2,1200.0,0.1,Credit Card,3.0
ORD-004851,CUST-01394,2024-05-17 02:24:00,Spain,Home,4,417.3,0.0,PayPal,
ORD-000686,CUST-01202,2024-04-22 09:50:00,Germany,Clothing,1,144.03,0.05,Bank Transfer,2.0
ORD-003938,CUST-00709,2025-08-26 07:11:00,France,Sports,1,74.93,0.0,Apple Pay,1.0
ORD-004328,CUST-00638,2025-10-06 21:10:00,France,Electronics,4,551.69,0.0,Credit Card,3.0
ORD-003456,CUST-01298,2024-11-26 12:51:00,Spain,Sports,1,221.75,0.1,Credit Card,5.0
ORD-002172,CUST-01118,2024-04-14 17:29:00,Belgium,Books,3,47.69,0.0,Bank Transfer,5.0
ORD-002686,CUST-00723,2024-01-20 00:30:00,Germany,Clothing,5,249.61,0.1,Bank Transfer,5.0
ORD-001851,CUST-00123,2025-12-20 18:55:00,France,Books,5,46.68,0.05,Credit Card,5.0
ORD-000488,CUST-00797,2024-11-17 05:06:00,France,Home,1,235.12,0.3,Credit Card,3.0
ORD-001689,CUST-01410,2024-02-19 01:46:00,Spain,Home,6,444.8,0.0,Credit Card,4.0
ORD-002231,CUST-00949,2024-03-18 21:42:00,Germany,Electronics,4,742.9,0.0,PayPal,2.0
ORD-003286,CUST-00703,2024-04-28 07:35:00,Spain,Clothing,1,88.03,0.0,Bank Transfer,5.0
ORD-002321,CUST-00149,2025-10-24 12:08:00,Germany,Electronics,4,544.2,0.1,PayPal,5.0
ORD-000783,CUST-00185,2024-01-27 08:55:00,,Clothing,8,101.72,0.0,PayPal,2.0
ORD-000522,CUST-00220,2024-01-25 00:16:00,Italy,Home,1,152.71,0.2,Credit Card,5.0
ORD-000523,CUST-00289,2024-03-15 02:09:00,France,Clothing,2,175.24,0.0,Credit Card,
ORD-002858,CUST-01170,2025-01-04 02:27:00,France,Home,4,186.11,0.1,Bank Transfer,2.0
ORD-003977,CUST-00967,2024-06-12 15:34:00,France,Electronics,5,908.76,0.1,Credit Card,4.0
ORD-002399,CUST-00378,2024-02-10 12:01:00,France,Books,2,54.94,0.05,Bank Transfer,4.0
ORD-002208,CUST-01259,2025-01-10 18:04:00,France,Electronics,3,780.6,0.0,PayPal,4.0
ORD-003500,CUST-00675,2024-07-29 13:48:00,Italy,Home,3,180.61,0.15,PayPal,5.0
ORD-003575,CUST-01430,2025-09-28 00:41:00,Germany,Home,1,476.34,0.15,Apple Pay,1.0
ORD-003762,CUST-00759,2024-07-08 08:17:00,Germany,Electronics,1,1187.43,0.0,Bank Transfer,3.0
ORD-002842,CUST-01058,2025-03-08 14:54:00,Germany,Clothing,5,135.38,0.1,Bank Transfer,2.0
ORD-001512,CUST-00343,2025-04-26 02:34:00,Netherlands,Electronics,2,202.1,0.05,Apple Pay,2.0
ORD-001883,CUST-00267,2024-09-13 00:20:00,Spain,Home,3,500.0,0.0,Credit Card,4.0
ORD-000652,CUST-00979,2025-08-27 10:54:00,Germany,Books,2,40.4,0.3,PayPal,4.0
ORD-002806,CUST-01454,2025-01-23 14:36:00,France,Sports,1,276.82,0.1,Credit Card,
ORD-003674,CUST-00001,2025-03-05 07:57:00,France,Home,7,500.0,0.05,Credit Card,5.0
ORD-000370,CUST-01159,2025-07-26 14:36:00,Netherlands,Clothing,2,250.0,0.1,PayPal,3.0
ORD-003893,CUST-00654,2024-03-10 09:24:00,Belgium,,2,42.94,0.05,Credit Card,4.0
ORD-000119,CUST-00369,2025-07-27 19:41:00,Germany,Clothing,2,175.18,0.1,Credit Card,4.0
ORD-003425,CUST-00916,2025-05-25 11:47:00,Germany,Home,6,500.0,0.0,Apple Pay,3.0
ORD-003984,CUST-01012,2024-07-25 09:13:00,Italy,Electronics,6,812.59,0.0,Credit Card,3.0
ORD-002217,CUST-00676,2024-11-27 08:29:00,Germany,Clothing,4,250.0,0.05,PayPal,5.0
ORD-003758,CUST-00821,2024-11-02 07:33:00,Germany,Clothing,1,250.0,0.1,PayPal,5.0
ORD-001614,CUST-01040,2024-10-25 23:23:00,Italy,Home,1,182.85,0.0,Credit Card,1.0
ORD-004922,CUST-01310,2024-03-30 22:38:00,Italy,Sports,1,376.39,0.1,PayPal,4.0
ORD-000963,CUST-01261,2024-08-24 14:49:00,Netherlands,Home,2,272.48,0.15,Credit Card,4.0
ORD-002511,CUST-00299,2024-09-27 20:11:00,France,Books,2,43.43,0.2,PayPal,4.0
ORD-003790,CUST-00475,2024-01-25 12:23:00,Spain,,1,340.13,0.15,Credit Card,3.0
ORD-002843,CUST-01147,2025-12-02 16:39:00,Netherlands,Books,3,45.09,0.1,Credit Card,
ORD-003467,CUST-00809,2024-06-24 13:57:00,France,Clothing,2,78.81,0.05,PayPal,5.0
ORD-003143,CUST-00678,2025-12-16 14:32:00,France,Sports,2,214.2,0.0,Credit Card,
ORD-002416,CUST-00730,2025-05-17 04:20:00,Netherlands,Clothing,3,101.68,0.0,Apple Pay,5.0
ORD-004670,CUST-00643,2024-05-31 22:34:00,France,Electronics,1,1118.82,0.0,Bank Transfer,3.0
ORD-004251,CUST-00628,2025-08-16 07:58:00,Italy,Clothing,2,249.2,0.1,PayPal,5.0
ORD-002186,CUST-00434,2025-02-05 08:43:00,,Home,1,187.4,0.05,Credit Card,4.0
ORD-002935,CUST-01212,2025-07-24 12:43:00,Netherlands,Electronics,2,231.63,0.0,Bank Transfer,4.0
ORD-002038,CUST-00061,2025-10-04 20:18:00,Germany,Electronics,5,806.03,0.0,Credit Card,4.0
ORD-004276,CUST-01161,2025-03-29 17:24:00,Italy,Electronics,3,793.83,0.0,Credit Card,3.0
ORD-000773,CUST-00008,2025-05-08 21:32:00,Germany,Home,4,368.68,0.1,Credit Card,5.0
ORD-001285,CUST-00573,2025-02-01 04:34:00,Belgium,Books,4,38.03,0.15,Credit Card,3.0
ORD-004619,CUST-00950,2024-06-26 10:14:00,Germany,Electronics,1,355.59,0.05,Apple Pay,5.0
ORD-004752,CUST-00225,2024-06-13 00:21:00,France,Books,1,19.67,0.0,Credit Card,5.0
ORD-004591,CUST-01042,2025-06-30 12:52:00,Netherlands,Electronics,2,564.27,0.0,Credit Card,3.0
ORD-001415,CUST-00878,2025-04-18 22:45:00,Netherlands,Home,5,218.97,0.0,Credit Card,4.0
ORD-001235,CUST-00956,2025-12-31 01:41:00,Italy,Sports,2,199.87,0.15,Apple Pay,3.0
ORD-003183,CUST-01121,2025-10-19 05:50:00,France,Home,1,99.17,0.05,Credit Card,5.0
ORD-000436,CUST-00186,2024-09-15 19:07:00,Netherlands,Clothing,2,208.34,0.2,Bank Transfer,5.0
ORD-001675,CUST-01077,2025-03-23 12:04:00,France,Home,1,211.75,0.0,Credit Card,2.0
ORD-000366,CUST-00779,2025-04-14 16:55:00,France,Sports,4,152.36,0.0,Credit Card,4.0
ORD-004238,CUST-00163,2024-05-14 07:52:00,Spain,Electronics,6,350.93,0.0,Credit Card,2.0
ORD-000232,CUST-01285,2024-06-18 14:03:00,Italy,Sports,4,94.34,0.0,Credit Card,3.0
ORD-004282,CUST-01344,2025-06-30 06:00:00,France,Clothing,1,240.64,0.0,PayPal,5.0
ORD-004066,CUST-00518,2025-04-19 15:25:00,Spain,Home,3,250.51,0.0,Apple Pay,4.0
ORD-004871,CUST-00286,2024-05-23 20:30:00,Spain,Clothing,1,202.03,0.1,Credit Card,5.0
ORD-000408,CUST-00216,2024-08-08 16:15:00,Spain,Electronics,3,685.78,0.0,Credit Card,4.0
ORD-002091,CUST-01332,2024-11-02 16:30:00,Germany,Electronics,3,422.92,0.1,PayPal,5.0
ORD-000087,CUST-00146,2025-05-04 05:59:00,Spain,Electronics,7,255.78,0.2,Credit Card,4.0
ORD-000845,CUST-00009,2025-09-01 12:13:00,France,Sports,2,158.42,0.0,Bank Transfer,4.0
ORD-001032,CUST-00260,2024-06-25 08:15:00,France,Books,4,30.35,0.0,Bank Transfer,4.0
ORD-002650,CUST-00497,2025-02-19 13:06:00,Germany,Books,1,47.56,0.0,Apple Pay,1.0
ORD-004535,CUST-00045,2025-09-27 08:06:00,Belgium,Sports,3,117.04,0.0,PayPal,5.0
ORD-002744,CUST-01421,2025-12-21 17:07:00,Spain,Sports,4,190.49,0.1,PayPal,5.0
ORD-003251,CUST-00508,2025-04-27 03:03:00,Italy,Clothing,1,250.0,0.05,PayPal,5.0
ORD-004629,CUST-01144,2025-01-17 16:23:00,Italy,Clothing,3,120.8,0.0,Credit Card,5.0
ORD-000856,CUST-01275,2025-11-13 10:13:00,France,Sports,2,400.0,0.15,Apple Pay,4.0
ORD-000079,CUST-00847,2024-10-02 20:33:00,Italy,Home,1,442.37,0.0,PayPal,4.0
ORD-002248,CUST-00265,2025-04-10 13:17:00,Spain,Electronics,1,450.52,0.0,Credit Card,2.0
ORD-004585,CUST-00881,2025-02-10 23:01:00,Italy,Clothing,2,87.07,0.05,Credit Card,4.0
ORD-003986,CUST-00510,2024-11-24 01:16:00,Germany,Clothing,1,106.91,0.0,Credit Card,4.0
ORD-002933,CUST-00244,2025-09-23 14:31:00,Germany,Electronics,3,515.4,0.3,Bank Transfer,1.0
ORD-002930,CUST-00980,2024-06-02 05:09:00,Spain,Books,2,64.45,0.15,Apple Pay,4.0
ORD-002280,CUST-01009,2025-09-27 05:17:00,Spain,Electronics,7,1200.0,0.1,Credit Card,5.0
ORD-004533,CUST-01057,2024-04-05 15:30:00,Spain,Home,2,285.46,0.0,PayPal,3.0
ORD-004173,CUST-00760,2024-04-26 09:13:00,Spain,Clothing,2,90.5,0.2,PayPal,5.0
ORD-003895,CUST-00913,2024-06-04 13:20:00,France,Sports,3,223.25,0.0,Credit Card,5.0
ORD-004126,CUST-00757,2024-07-06 03:01:00,Netherlands,Books,1,32.26,0.05,Credit Card,1.0
ORD-002177,CUST-00158,2025-08-23 11:41:00,Germany,Home,4,184.24,0.2,Bank Transfer,1.0
ORD-000425,CUST-00626,2025-02-21 20:33:00,Spain,Home,4,202.58,0.15,PayPal,4.0
ORD-000393,CUST-00551,2025-06-29 13:47:00,Spain,Sports,1,224.67,0.0,PayPal,2.0
ORD-004742,CUST-00694,2025-05-22 21:37:00,Germany,Books,1,80.0,0.0,PayPal,
ORD-004753,CUST-01210,2024-07-16 22:26:00,Germany,Electronics,3,479.97,0.05,Credit Card,2.0
ORD-000105,CUST-01196,2024-06-01 09:24:00, Spain,Clothing,3,155.06,0.05,PayPal,4.0
ORD-002993,CUST-00290,2024-02-27 00:34:00,Germany,Home,4,249.86,0.1,PayPal,5.0
ORD-003742,CUST-00455,2024-07-09 21:56:00,Spain,Electronics,4,324.55,0.0,Credit Card,3.0
ORD-001949,CUST-00003,2025-07-12 18:01:00,Germany,Electronics,2,1179.07,0.05,Credit Card,
ORD-001460,CUST-00775,2025-09-18 18:43:00,France,Clothing,75,75.26,0.1,Credit Card,5.0
ORD-004388,CUST-00089,2024-12-07 13:21:00,Germany,Clothing,3,80.17,0.0,Credit Card,4.0
ORD-002823,CUST-00191,2024-06-03 19:27:00,France,Clothing,2,101.15,0.1,Credit Card,3.0
ORD-004411,CUST-00181,2024-10-22 20:08:00,France,Books,3,24.83,0.05,Credit Card,3.0
ORD-004805,CUST-01038,2024-11-05 18:35:00,Spain,Electronics,1,1200.0,0.05,Bank Transfer,4.0
ORD-001588,CUST-00118,2024-04-19 22:35:00,France,Sports,1,91.65,0.0,Apple Pay,5.0
ORD-003684,CUST-00855,2024-06-28 18:29:00,Italy,Home,2,500.0,0.0,Bank Transfer,4.0
ORD-001732,CUST-01356,2025-05-18 21:38:00,Germany,Home,4,367.49,0.2,Apple Pay,1.0
ORD-004869,CUST-01383,2024-05-09 16:03:00,Germany,Sports,1,184.75,0.05,Credit Card,5.0
ORD-003738,CUST-00793,2024-01-20 18:15:00,Germany,Home,1,173.57,0.0,Apple Pay,5.0
ORD-003706,CUST-00751,2024-08-10 21:42:00,Italy,Clothing,4,226.87,0.05,PayPal,5.0
ORD-001792,CUST-01322,2024-01-17 17:31:00,Spain,Home,2,320.31,0.1,PayPal,1.0
ORD-002356,CUST-00552,2024-03-31 06:01:00,Germany,Sports,1,400.0,0.0,PayPal,4.0
ORD-001941,CUST-00247,2025-10-18 06:06:00,Germany,Sports,3,207.9,0.0,Credit Card,5.0
ORD-000703,CUST-00252,2024-04-17 12:16:00,France,Clothing,2,45.62,0.15,Bank Transfer,1.0
ORD-002443,CUST-00015,2024-05-24 13:16:00,Germany,Home,3,301.39,0.3,Credit Card,4.0
ORD-002834,CUST-00819,2025-05-20 04:01:00,France,Electronics,2,522.58,0.1,Bank Transfer,4.0
ORD-000497,CUST-00179,2024-04-06 02:52:00,France,Books,5,35.47,0.0,Credit Card,5.0
ORD-000465,CUST-00010,2024-07-06 13:34:00,France,Books,1,55.95,0.1,Credit Card,
ORD-002706,CUST-00427,2024-04-15 14:52:00,Belgium,Clothing,6,136.5,0.0,PayPal,4.0
ORD-004348,CUST-00228,2024-08-09 06:59:00,Belgium,Electronics,5,1200.0,0.1,Credit Card,2.0
ORD-000173,CUST-01158,2025-01-19 16:34:00,Belgium,Clothing,3,171.3,0.1,Credit Card,5.0
ORD-003095,CUST-01365,2024-09-03 17:14:00,Germany,Clothing,1,250.0,0.0,Credit Card,4.0
ORD-004812,CUST-00371,2024-07-12 15:05:00,France,Sports,1,115.48,0.0,PayPal,4.0
ORD-002541,CUST-00435,2025-09-19 03:19:00,France,Sports,1,314.13,0.05,Credit Card,5.0
ORD-004305,CUST-01004,2024-06-06 16:46:00,Netherlands,Sports,1,127.43,0.0,Apple Pay,4.0
ORD-002971,CUST-00917,2024-01-24 11:15:00,France,Books,1,39.77,0.0,PayPal,
ORD-002261,CUST-00036,2024-03-26 23:50:00,Germany,Home,2,198.17,0.05,PayPal,5.0
ORD-002113,CUST-01372,2024-09-14 15:41:00,Italy,Electronics,1,1200.0,0.05,Credit Card,5.0
ORD-000901,CUST-00007,2025-01-21 10:30:00,France,Electronics,2,684.23,0.05,Credit Card,2.0
ORD-001447,CUST-01408,2025-05-21 06:41:00,Italy,Clothing,1,146.54,0.2,PayPal,5.0
ORD-003718,CUST-00376,2024-12-23 18:00:00,France,Electronics,5,726.66,0.3,Apple Pay,3.0
ORD-000742,CUST-01144,2024-08-27 12:36:00,Italy,Home,8,134.13,0.15,Apple Pay,5.0
ORD-002294,CUST-01124,2025-09-03 05:41:00,Spain,Electronics,2,426.49,0.0,PayPal,4.0
ORD-002453,CUST-00143,2025-12-11 08:59:00,Spain,Sports,1,400.0,0.2,Credit Card,5.0
ORD-002641,CUST-00360,2025-11-04 05:09:00,Spain,Books,4,80.0,0.0,Bank Transfer,3.0
ORD-004101,CUST-00138,2024-08-07 07:36:00,France,Electronics,1,567.99,0.0,PayPal,4.0
ORD-001207,CUST-00773,2024-01-11 15:01:00,Germany,Sports,1,131.81,0.0,PayPal,
ORD-000510,CUST-00355,2024-12-14 20:20:00,Italy,Clothing,1,187.27,0.05,Credit Card,5.0
ORD-002639,CUST-00227,2024-03-13 17:48:00,Germany,Sports,2,209.03,0.1,Bank Transfer,
ORD-003254,CUST-00558,2024-09-13 13:21:00,France,Electronics,3,602.98,0.0,PayPal,3.0
ORD-003335,CUST-00109,2025-02-20 17:34:00,Germany,Clothing,1,112.28,0.0,Apple Pay,2.0
ORD-001550,CUST-00008,2025-05-29 23:24:00,Spain,Clothing,2,57.65,0.05,Credit Card,4.0
ORD-003289,CUST-00261,2025-06-20 17:38:00,Spain,Electronics,1,1200.0,0.05,Credit Card,5.0
ORD-002203,CUST-00059,2025-06-21 13:36:00,Spain,Home,1,418.23,0.0,Credit Card,5.0
ORD-002567,CUST-01202,2025-06-24 16:54:00,Germany,Electronics,2,271.84,0.0,PayPal,
ORD-002698,CUST-00627,2025-09-10 23:02:00,Italy,Books,1,51.58,0.1,PayPal,4.0
ORD-002045,CUST-00417,2025-03-26 15:52:00,France,Home,4,231.62,0.05,Credit Card,5.0
ORD-000768,CUST-00720,2024-08-05 22:12:00,Germany,Sports,1,400.0,0.0,Credit Card,
ORD-004939,CUST-00444,2025-12-31 18:30:00,Italy,Clothing,3,36.71,0.0,Credit Card,1.0
ORD-004197,CUST-00831,2025-02-26 13:22:00,France,Electronics,5,348.92,0.0,Credit Card,2.0
ORD-000422,CUST-01042,2025-10-20 12:05:00,France,Electronics,2,1200.0,0.0,Apple Pay,5.0
ORD-000124,CUST-00707,2024-07-27 18:44:00,France,Books,3,40.19,0.1,PayPal,4.0
ORD-004471,CUST-00604,2025-07-21 20:58:00,France,Clothing,1,220.88,0.0,Bank Transfer,5.0
ORD-002647,CUST-00852,2025-07-26 20:47:00,France,Home,4,112.24,0.2,PayPal,5.0
ORD-000820,CUST-01499,2025-06-02 02:45:00,Germany,Books,5,45.88,0.0,Credit Card,2.0
ORD-001404,CUST-00484,2025-05-26 17:19:00,France,Home,2,95.48,0.05,Credit Card,4.0
ORD-001383,CUST-00521,2025-05-29 08:26:00,Germany,Sports,1,154.72,0.1,Credit Card,3.0
ORD-002149,CUST-01271,2024-08-13 01:40:00,France,Electronics,2,473.3,0.2,PayPal,
ORD-001576,CUST-00478,2024-07-17 22:46:00,France,Clothing,1,176.01,0.0,Credit Card,
ORD-001639,CUST-00274,2025-01-15 05:04:00,Belgium,Electronics,5,561.74,0.1,PayPal,4.0
ORD-001796,CUST-00304,2024-03-30 03:40:00,Italy,Home,1,500.0,0.0,Credit Card,4.0
ORD-004831,CUST-00523,2024-01-28 19:14:00,Germany,Home,1,345.35,0.1,PayPal,5.0
ORD-000400,CUST-00466,2024-07-07 03:10:00,Italy,Clothing,2,121.99,0.0,Credit Card,5.0
ORD-002311,CUST-00421,2024-06-12 05:04:00,Belgium,Books,3,30.03,0.1,Bank Transfer,4.0
ORD-000883,CUST-00674,2025-02-11 00:32:00,Italy,Clothing,4,239.27,0.0,Bank Transfer,
ORD-004989,CUST-01398,2024-09-17 23:22:00,Germany,Home,1,358.83,0.1,Credit Card,5.0
ORD-002918,CUST-01419,2024-12-31 22:01:00,Belgium,Clothing,1,250.0,0.0,Bank Transfer,4.0
ORD-001353,CUST-00744,2025-09-05 05:59:00,France,Clothing,3,125.15,0.1,Bank Transfer,4.0
ORD-003919,CUST-00091,2024-05-20 20:25:00,France,Electronics,1,380.38,0.0,Credit Card,5.0
ORD-004565,CUST-01346,2024-01-01 09:18:00,Italy,Electronics,3,540.79,0.1,Bank Transfer,4.0
ORD-002131,CUST-01077,2024-01-05 06:10:00,Germany,Sports,5,192.99,0.1,PayPal,4.0
ORD-000983,CUST-00821,2025-06-08 04:34:00,France,Books,5,76.1,0.0,PayPal,5.0
ORD-000457,CUST-00223,2024-01-20 01:59:00,Germany,Books,5,56.35,0.0,Credit Card,4.0
ORD-003554,CUST-01070,2024-05-15 03:58:00,Netherlands,Home,2,193.7,0.05,Credit Card,5.0
ORD-001080,CUST-01255,2024-08-20 12:29:00,Italy,Electronics,2,654.08,0.05,Credit Card,4.0
ORD-001951,CUST-01374,2024-04-06 15:55:00,Belgium,Sports,1,400.0,0.0,Credit Card,5.0
ORD-004329,CUST-00073,2025-08-29 03:47:00,Netherlands,Electronics,2,351.15,0.1,PayPal,
ORD-000690,CUST-01174,2024-04-30 15:42:00,Netherlands,Sports,2,131.73,0.0,PayPal,5.0
ORD-002430,CUST-00407,2025-04-12 06:36:00,Germany,Clothing,4,32.62,0.0,PayPal,3.0
ORD-000642,CUST-01375,2025-07-31 08:00:00,Belgium,Clothing,8,135.69,0.0,Bank Transfer,4.0
ORD-002393,CUST-00926,2025-09-13 08:02:00,Italy,Home,2,463.42,0.0,PayPal,3.0
ORD-001954,CUST-00698,2025-03-15 00:21:00,Netherlands,Books,1,41.34,0.2,PayPal,
ORD-002768,CUST-01491,2025-04-27 13:59:00,France,Home,7,80.77,0.1,Bank Transfer,3.0
ORD-003558,CUST-00520,2024-09-03 06:15:00,Netherlands,Electronics,1,1200.0,0.0,Bank Transfer,5.0
ORD-003457,CUST-01126,2025-08-02 00:41:00,France,Books,2,53.06,0.0,PayPal,4.0
ORD-003358,CUST-01316,2025-12-03 14:30:00,France,Electronics,2,264.78,0.0,Credit Card,2.0
ORD-004782,CUST-00889,2025-12-07 12:55:00,Spain,Books,1,44.3,0.0,Apple Pay,
ORD-002952,CUST-00763,2024-07-09 12:54:00,France,Books,4,59.71,0.0,Credit Card,4.0
ORD-001885,CUST-00927,2025-11-04 14:15:00,France,Home,1,240.66,0.1,PayPal,5.0
ORD-000390,CUST-00230,2025-07-24 19:45:00,France,Electronics,2,864.97,0.0,Credit Card,
ORD-002495,CUST-00629,2024-01-17 04:25:00,Spain,Home,8,226.69,0.05,Credit Card,2.0
ORD-003139,CUST-00704,2024-02-04 00:53:00,France,Clothing,1,148.49,0.1,PayPal,4.0
ORD-004818,CUST-00495,2025-08-11 01:14:00,Netherlands,Clothing,2,31.41,0.0,Credit Card,3.0
ORD-000846,CUST-00009,2024-09-03 05:39:00,Belgium,Clothing,3,160.2,0.0,Bank Transfer,3.0
ORD-000543,CUST-00293,2025-07-28 14:26:00,France,Electronics,5,637.46,0.3,Credit Card,5.0
ORD-000092,CUST-01208,2024-12-05 14:12:00,France,Home,3,193.75,0.1,Credit Card,4.0
ORD-004598,CUST-00008,2025-05-04 08:33:00,France,Electronics,3,1200.0,0.0,PayPal,5.0
ORD-001980,CUST-01192,2025-01-13 16:05:00,Belgium,Sports,1,69.13,0.1,Apple Pay,4.0
ORD-004624,CUST-00119,2025-07-18 04:33:00,Italy,Electronics,3,766.53,0.0,PayPal,3.0
ORD-004104,CUST-00025,2024-09-08 07:12:00,Netherlands,Home,2,252.12,0.0,Credit Card,3.0
ORD-002923,CUST-00186,2024-03-09 19:43:00,France,sports,4,238.68,0.1,PayPal,4.0
ORD-002530,CUST-00866,2025-12-25 15:07:00,France,Clothing,1,147.84,0.15,PayPal,5.0
ORD-001677,CUST-00225,2025-07-05 04:03:00,France,Books,4,80.0,0.05,Credit Card,5.0
ORD-001049,CUST-01003,2025-03-16 10:59:00,Germany,Sports,1,346.07,0.0,Credit Card,5.0
ORD-001961,CUST-01260,2024-02-24 03:22:00,Germany,Sports,1,379.11,0.0,Apple Pay,4.0
ORD-002531,CUST-01374,2024-03-23 19:18:00,France,Home,4,472.37,0.1,Apple Pay,2.0
ORD-002802,CUST-00668,2025-03-31 11:58:00,Spain,Books,3,80.0,0.1,Credit Card,5.0
ORD-000238,CUST-00649,2025-11-17 11:39:00,France,Home,8,336.24,0.05,PayPal,5.0
ORD-002987,CUST-01122,2024-01-03 16:37:00,Belgium,Electronics,1,774.19,0.0,Bank Transfer,5.0
ORD-004843,CUST-00148,2025-11-11 07:56:00,France,Sports,2,148.3,0.05,Credit Card,5.0
ORD-001134,CUST-01145,2024-03-15 16:12:00,Netherlands,Electronics,3,1200.0,0.15,Bank Transfer,4.0
ORD-001806,CUST-00068,2025-11-10 03:04:00,Spain,Sports,3,292.9,0.1,Bank Transfer,5.0
ORD-004346,CUST-00755,2024-10-13 14:42:00,Germany,Clothing,2,83.08,0.0,PayPal,4.0
ORD-000164,CUST-00610,2024-09-20 11:46:00,Germany,Clothing,4,91.03,0.05,Credit Card,5.0
ORD-004291,CUST-00103,2024-12-09 23:56:00,Belgium,Electronics,2,626.77,0.0,PayPal,5.0
ORD-004725,CUST-00436,2024-01-10 07:11:00,France,Electronics,2,708.73,0.1,PayPal,4.0
ORD-003365,CUST-00242,2024-12-10 12:16:00,Germany,Electronics,3,476.38,0.0,Bank Transfer,4.0
ORD-004847,CUST-01257,2024-10-19 02:52:00,France,Books,4,45.47,0.1,Credit Card,
ORD-003221,CUST-01050,2025-03-04 05:04:00,Spain,Home,1,103.04,0.15,Credit Card,4.0
ORD-003659,CUST-00503,2025-04-28 22:50:00,Spain,Clothing,2,39.0,0.1,Credit Card,5.0
ORD-003964,CUST-00568,2025-09-23 18:01:00,Germany,Electronics,4,871.9,0.2,Bank Transfer,3.0
ORD-001812,CUST-00979,2024-10-01 14:02:00,Germany,Sports,1,255.06,0.0,Credit Card,3.0
ORD-003132,CUST-00692,2024-04-05 09:53:00,Italy,Electronics,4,1200.0,0.1,Bank Transfer,1.0
ORD-003400,CUST-01083,2024-10-22 09:35:00,France,Clothing,2,127.68,0.0,PayPal,4.0
ORD-001429,CUST-00401,2024-01-12 11:26:00,France,Electronics,6,318.58,0.05,Credit Card,
ORD-004459,CUST-00175,2025-07-22 14:23:00,Spain,Books,4,22.2,0.0,PayPal,5.0
ORD-002819,CUST-00192,2024-07-02 06:08:00,France,Clothing,3,231.4,0.05,Bank Transfer,5.0
ORD-004999,CUST-01018,2025-06-17 03:09:00,France,Home,1,201.86,0.0,Bank Transfer,3.0
ORD-004925,CUST-00497,2024-06-25 17:33:00,France,Electronics,5,662.59,0.0,Bank Transfer,5.0
ORD-004665,CUST-00469,2025-07-23 01:36:00,France,Electronics,3,387.06,0.1,Credit Card,4.0
ORD-004614,CUST-00783,2025-12-14 01:03:00,France,Clothing,1,156.06,0.15,Credit Card,5.0
ORD-001453,CUST-00077,2025-05-28 01:47:00,Germany,Electronics,3,1072.13,0.0,PayPal,3.0
ORD-000594,CUST-01470,2024-07-15 21:08:00,Germany,Clothing,8,66.51,0.05,PayPal,3.0
ORD-002726,CUST-00929,2025-12-07 20:51:00,France,Home,2,230.19,0.05,Credit Card,3.0
ORD-000042,CUST-01138,2025-05-10 02:44:00,Germany,Books,1,13.22,0.05,Bank Transfer,1.0
ORD-000561,CUST-00805,2024-05-17 08:44:00,France,Electronics,8,651.63,0.0,Credit Card,5.0
ORD-003222,CUST-00380,2025-10-09 10:21:00,Spain,Books,6,63.08,0.05,Credit Card,2.0
ORD-003338,CUST-00076,2025-06-21 08:57:00,Belgium,Home,1,333.42,0.0,Bank Transfer,
ORD-000244,CUST-00975,2024-10-30 20:07:00,France,Sports,3,276.3,0.2,PayPal,5.0
ORD-001340,CUST-00612,2025-07-06 02:19:00,France,Electronics,1,666.47,0.0,Credit Card,5.0
ORD-003765,CUST-00619,2025-11-05 06:58:00,Spain,Clothing,1,82.21,0.05,Credit Card,5.0
ORD-003883,CUST-00863,2025-07-22 22:29:00,Germany,Clothing,1,241.13,0.1,PayPal,5.0
ORD-004362,CUST-01178,2024-04-11 16:21:00,France,Sports,4,223.02,0.0,Credit Card,4.0
ORD-001443,CUST-01402,2024-04-29 01:26:00,France,Electronics,1,890.27,0.0,Credit Card,5.0
ORD-000262,CUST-00256,2025-12-18 13:37:00,Netherlands,Sports,1,400.0,0.0,Credit Card,5.0
ORD-004454,CUST-01058,2024-01-27 10:25:00,Spain,Electronics,1,312.0,0.2,Bank Transfer,2.0
ORD-001690,CUST-00142,2025-01-18 07:36:00,Spain,Books,2,49.4,0.1,Bank Transfer,5.0
ORD-001726,CUST-01175,2024-10-31 17:56:00,France,Clothing,1,136.67,0.05,PayPal,4.0
ORD-004086,CUST-00949,2025-10-23 06:24:00,France,clothing,3,168.15,0.3,Bank Transfer,4.0
ORD-000835,CUST-01282,2025-06-28 12:45:00,France,Electronics,1,1200.0,0.0,PayPal,5.0
ORD-001867,CUST-00167,2025-09-01 02:44:00,Germany,Clothing,4,173.55,0.1,Bank Transfer,2.0
ORD-002497,CUST-01202,2024-04-14 04:30:00,Germany,Sports,2,265.85,0.1,Bank Transfer,4.0
ORD-002011,CUST-00746,2024-05-29 23:37:00,Netherlands,Electronics,2,395.01,0.05,Credit Card,5.0
ORD-000341,CUST-00953,2024-07-07 07:19:00,Italy,Electronics,2,485.06,0.0,Credit Card,5.0
ORD-003009,CUST-00944,2025-03-07 00:23:00,Italy,Electronics,3,1039.65,0.1,Bank Transfer,3.0
ORD-001602,CUST-01108,2024-07-29 21:10:00,France,Electronics,2,1200.0,0.0,Apple Pay,5.0
ORD-003761,CUST-00262,2024-04-29 06:17:00,Germany,Home,2,438.31,0.0,Credit Card,4.0
ORD-004710,CUST-00640,2025-04-02 19:39:00,Spain,Books,1,17.45,0.1,Credit Card,3.0
ORD-000481,CUST-00432,2025-09-02 06:32:00,Netherlands,Electronics,2,208.43,0.0,Credit Card,2.0
ORD-003075,CUST-00873,2025-02-15 14:42:00,France,Clothing,1,142.36,0.0,Credit Card,2.0
ORD-003925,CUST-00958,2024-04-07 23:18:00,Spain,Electronics,2,850.43,0.15,Credit Card,4.0
ORD-003622,CUST-00334,2025-02-11 18:04:00,Spain,Books,1,22.17,0.15,Credit Card,4.0
ORD-004654,CUST-00314,2025-06-09 22:57:00,Spain,Sports,2,396.69,0.2,Apple Pay,5.0
ORD-003067,CUST-01244,2025-07-26 00:50:00,Italy,Electronics,2,247.02,0.0,Bank Transfer,4.0
ORD-004712,CUST-01194,2024-06-28 16:48:00,Spain,Electronics,6,298.92,0.05,Bank Transfer,5.0
ORD-001767,CUST-00757,2025-07-16 06:03:00,Spain,Electronics,2,126.74,0.0,Credit Card,4.0
ORD-004488,CUST-00382,2024-02-18 15:47:00,Italy,Home,2,500.0,0.0,Credit Card,3.0
ORD-002454,CUST-00705,2024-11-10 00:02:00,Italy,Electronics,2,670.89,0.05,Credit Card,4.0
ORD-002898,CUST-00939,2024-02-28 14:13:00,Spain,Electronics,1,246.24,0.05,PayPal,5.0
ORD-003840,CUST-01430,2025-07-09 00:34:00,Germany,Home,1,138.9,0.1,PayPal,4.0
ORD-004041,CUST-00494,2025-10-17 07:26:00,Spain,Home,2,496.98,0.0,Credit Card,4.0
ORD-004693,CUST-01486,2024-06-25 16:12:00,Italy,Books,1,80.0,0.05,Credit Card,4.0
ORD-003704,CUST-01359,2025-11-15 00:35:00,Germany,Clothing,1,81.21,0.05,PayPal,3.0
ORD-001272,CUST-00164,2025-11-02 11:22:00,France,Sports,6,400.0,0.0,Apple Pay,
ORD-003099,CUST-00276,2024-09-12 18:21:00,Italy,Books,3,26.24,0.1,PayPal,4.0
ORD-004516,CUST-01191,2025-11-04 02:37:00,Spain,Clothing,1,250.0,0.1,PayPal,3.0
ORD-003779,CUST-01479,2025-02-06 23:53:00, France,Electronics,1,488.92,0.1,Credit Card,5.0
ORD-004156,CUST-00280,2024-10-03 17:28:00,Italy,Sports,1,122.97,0.0,Bank Transfer,3.0
ORD-000348,CUST-01405,2024-10-14 08:44:00,Spain,Clothing,7,250.0,0.2,PayPal,5.0
ORD-003906,CUST-01145,2024-03-25 09:53:00,Netherlands,Books,1,59.35,0.0,Credit Card,5.0
ORD-004639,CUST-00924,2024-01-27 04:46:00,France,Clothing,5,112.2,0.05,PayPal,5.0
ORD-002563,CUST-01001,2024-08-31 10:24:00,Italy,Sports,2,378.88,0.05,PayPal,5.0
ORD-004605,CUST-00317,2025-07-07 11:42:00,Belgium,Electronics,1,469.62,0.2,Credit Card,3.0
ORD-001424,CUST-01012,2025-04-19 23:03:00,France,Clothing,4,64.95,0.05,Apple Pay,5.0
ORD-000657,CUST-01150,2025-02-04 16:11:00,Spain,Electronics,4,951.23,0.05,Apple Pay,5.0
ORD-002103,CUST-00259,2024-05-18 08:22:00,Germany,Sports,6,161.04,0.05,Bank Transfer,5.0
ORD-000633,CUST-00651,2024-07-11 07:56:00,Netherlands,Electronics,1,510.44,0.0,PayPal,5.0
ORD-004367,CUST-00250,2025-04-28 09:28:00,Belgium,Electronics,1,925.62,0.15,Apple Pay,4.0
ORD-002494,CUST-00916,2025-02-17 23:38:00,Belgium,Electronics,3,1200.0,0.0,PayPal,1.0
ORD-002666,CUST-00805,2024-12-11 04:22:00,Germany,Electronics,5,1200.0,0.0,Credit Card,3.0
ORD-004926,CUST-00136,2025-07-19 18:02:00,Spain,Home,4,331.78,0.05,Credit Card,2.0
ORD-003687,CUST-00159,2025-09-24 14:00:00,Germany,Electronics,7,798.19,0.1,Credit Card,5.0
ORD-003373,CUST-00464,2025-03-28 20:15:00,France,Sports,2,246.6,0.15,PayPal,5.0
ORD-004026,CUST-00210,2025-11-24 17:06:00,Germany,Home,2,431.8,0.0,Credit Card,4.0
ORD-003619,CUST-00653,2025-06-13 10:13:00,France,Home,2,223.63,0.15,Credit Card,5.0
ORD-002501,CUST-01050,2024-05-07 19:11:00,Italy,Clothing,2,191.35,0.05,PayPal,1.0
ORD-001466,CUST-00168,2024-12-15 05:31:00,Italy,Books,1,80.0,0.05,PayPal,5.0
ORD-004164,CUST-00301,2025-02-18 17:24:00,Italy,Electronics,1,528.9,0.15,PayPal,3.0
ORD-000116,CUST-00854,2024-10-18 11:28:00,Germany,Home,2,88.65,0.1,PayPal,3.0
ORD-001822,CUST-01148,2025-10-31 04:24:00,France,Sports,2,253.78,0.05,PayPal,5.0
ORD-001495,CUST-00616,2024-01-13 05:27:00,Spain,Electronics,1,526.06,0.0,Credit Card,3.0
ORD-002402,CUST-00850,2024-05-24 13:50:00,Italy,Books,2,76.79,0.15,Credit Card,3.0
ORD-001233,CUST-01456,2025-06-16 12:26:00,France,Electronics,1,650.08,0.05,Credit Card,2.0
ORD-002662,CUST-01163,2025-04-30 07:50:00,France,Electronics,2,753.66,0.1,Credit Card,5.0
ORD-002893,CUST-00547,2024-09-11 23:53:00,France,Sports,2,251.32,0.05,Bank Transfer,5.0
ORD-004588,CUST-00462,2024-12-05 08:25:00,France,Electronics,1,229.57,0.15,Apple Pay,3.0
ORD-001154,CUST-01365,2024-07-05 17:58:00,Italy,Clothing,1,29.58,0.0,Apple Pay,5.0
ORD-003873,CUST-01298,2025-04-09 08:06:00,Belgium,Books,8,31.11,0.1,PayPal,5.0
ORD-000058,CUST-00232,2024-11-21 20:20:00,Germany,Books,7,38.79,0.0,Credit Card,3.0
ORD-003651,CUST-00181,2025-05-13 21:48:00,Italy,Home,1,273.0,0.0,Credit Card,5.0
ORD-004303,CUST-00201,2024-05-08 23:40:00,Spain,Sports,1,89.32,0.05,Credit Card,1.0
ORD-004961,CUST-00573,2025-03-28 21:48:00,France,Home,1,281.93,0.0,Credit Card,4.0
ORD-001736,CUST-01198,2024-01-17 21:36:00,Belgium,Sports,3,81.89,0.05,Apple Pay,
ORD-002197,CUST-00437,2025-10-18 18:06:00,France,Home,3,279.83,0.0,PayPal,4.0
ORD-003576,CUST-01030,2024-04-03 21:29:00,Belgium,Home,4,238.15,0.0,Bank Transfer,5.0
ORD-002476,CUST-00635,2024-10-06 15:35:00,Spain,Home,2,291.06,0.15,Credit Card,5.0
ORD-002565,CUST-00660,2025-12-07 22:25:00,Germany,Home,3,121.98,0.0,PayPal,4.0
ORD-003180,CUST-00255,2025-10-29 16:21:00,Netherlands,Books,4,33.04,0.05,Credit Card,4.0
ORD-004059,CUST-00308,2024-06-21 10:35:00,France,Clothing,2,216.82,0.15,PayPal,3.0
ORD-003680,CUST-01101,2024-08-29 13:37:00,France,Home,1,126.05,0.0,Credit Card,4.0
ORD-000708,CUST-00859,2025-06-03 14:30:00,Spain,Sports,1,100.39,0.05,Credit Card,5.0
ORD-004295,CUST-01391,2024-04-11 02:18:00,Germany,Electronics,2,626.29,0.0,Credit Card,4.0
ORD-001094,CUST-00589,2025-08-04 15:23:00,Germany,Electronics,3,1200.0,0.05,Credit Card,1.0
ORD-004461,CUST-00154,2025-03-24 11:07:00,Spain,Electronics,3,193.65,0.0,Credit Card,4.0
ORD-001377,CUST-01444,2024-03-13 03:33:00,Belgium,Electronics,8,142.09,0.15,Apple Pay,5.0
ORD-004929,CUST-00274,2024-01-05 00:40:00,Germany,Home,1,113.51,0.15,Credit Card,
ORD-000073,CUST-00695,2025-07-29 15:03:00,France,Electronics,1,1200.0,0.1,Credit Card,2.0
ORD-001923,CUST-01239,2025-11-27 04:16:00,Italy,Books,4,27.02,0.3,Credit Card,4.0
ORD-003195,CUST-01110,2024-05-29 06:07:00,Germany,Clothing,1,116.36,0.1,PayPal,5.0
ORD-001765,CUST-00864,2024-02-26 21:46:00,Netherlands,Sports,4,126.15,0.05,PayPal,3.0
ORD-000744,CUST-00406,2025-03-16 13:41:00,Italy,Home,1,383.84,0.1,PayPal,4.0
ORD-004208,CUST-01406,2025-08-24 09:59:00,Netherlands,Books,4,65.64,0.1,Credit Card,4.0
ORD-001006,CUST-01382,2024-04-21 09:09:00,France,Sports,1,333.44,0.0,Credit Card,5.0
ORD-002669,CUST-00116,2024-07-12 13:31:00,Germany,Home,2,431.35,0.1,PayPal,
ORD-001191,CUST-00624,2025-11-13 03:54:00,Germany,Clothing,5,103.9,0.0,PayPal,3.0
ORD-003634,CUST-01141,2025-10-23 23:39:00,France,Electronics,1,451.77,0.0,Credit Card,2.0
ORD-002602,CUST-00322,2024-05-31 02:00:00, Belgium,Electronics,3,392.33,0.1,PayPal,5.0
ORD-001126,CUST-01266,2024-04-07 04:04:00,France,Books,4,43.59,0.05,Credit Card,4.0
ORD-001242,CUST-01167,2025-01-31 22:39:00,France,Sports,2,99.93,0.1,Credit Card,4.0
ORD-004774,CUST-01481,2024-10-16 15:21:00,France,Home,1,270.1,0.15,Credit Card,5.0
ORD-004332,CUST-00406,2025-09-03 07:27:00,Spain,Home,6,356.44,0.1,PayPal,2.0
ORD-003464,CUST-00077,2024-06-29 07:35:00,France,Clothing,3,66.66,0.1,Apple Pay,5.0
ORD-000999,CUST-01443,2025-09-10 10:43:00,Germany,Books,4,25.52,0.1,Credit Card,4.0
ORD-003408,CUST-00958,2025-07-15 01:44:00,Spain,Clothing,2,160.27,0.1,Credit Card,4.0
ORD-002685,CUST-00759,2024-05-18 07:16:00,France,Home,2,386.91,0.0,Credit Card,5.0
ORD-001578,CUST-01199,2024-03-25 14:17:00,France,Electronics,3,765.85,0.0,Credit Card,5.0
ORD-004806,CUST-01130,2025-11-06 16:47:00,Italy,Books,5,46.01,0.0,PayPal,5.0
ORD-001827,CUST-00158,2025-04-10 13:16:00,Germany,Books,1,29.88,0.0,Apple Pay,3.0
ORD-003314,CUST-00338,2025-03-13 08:10:00,Italy,Electronics,2,438.71,0.05,PayPal,4.0
ORD-000706,CUST-00848,2025-11-07 12:37:00,Spain,Electronics,4,679.09,0.0,Apple Pay,5.0
ORD-003559,CUST-00252,2024-07-05 17:20:00,Belgium,Clothing,1,250.0,0.0,Credit Card,4.0
ORD-000441,CUST-01460,2025-07-21 23:07:00,France,Clothing,5,250.0,0.0,Credit Card,4.0
ORD-004967,CUST-00339,2024-05-26 13:58:00,Italy,Home,1,206.25,0.2,Credit Card,3.0
ORD-001101,CUST-00720,2025-12-21 05:29:00,Belgium,Home,1,362.69,0.0,Apple Pay,5.0
ORD-004035,CUST-00639,2024-09-17 15:15:00,Spain,Sports,2,167.38,0.1,Credit Card,5.0
ORD-004002,CUST-01265,2025-07-22 19:09:00,Italy,Sports,2,118.95,0.0,Apple Pay,3.0
ORD-000650,CUST-01273,2024-10-26 09:33:00,France,Electronics,1,651.65,0.0,PayPal,2.0
ORD-001547,CUST-01032,2025-10-22 13:21:00,Spain,Clothing,6,250.0,0.0,Bank Transfer,4.0
ORD-003561,CUST-00103,2025-11-06 21:24:00,France,Clothing,1,75.08,0.0,Credit Card,
ORD-004832,CUST-00161,2025-04-30 23:53:00,Spain,Sports,1,400.0,0.0,Credit Card,4.0
ORD-003185,CUST-00945,2024-02-29 09:21:00,Spain,Home,3,385.12,0.0,Credit Card,5.0
ORD-003208,CUST-01222,2024-10-09 13:16:00,Belgium,Sports,4,171.41,0.0,Bank Transfer,5.0
ORD-003766,CUST-00613,2024-05-30 03:49:00,Spain,Home,4,407.54,0.0,PayPal,5.0
ORD-000631,CUST-01106,2024-04-18 08:01:00,France,Home,1,500.0,0.0,Credit Card,5.0
ORD-000673,CUST-00955,2025-03-22 16:27:00,France,Home,8,161.04,0.0,Credit Card,3.0
ORD-001250,CUST-01467,2024-05-01 22:35:00,Germany,Books,4,80.0,0.1,Credit Card,
ORD-000483,CUST-00376,2024-07-30 16:11:00,Italy,Home,1,172.57,0.05,Apple Pay,4.0
ORD-001585,CUST-00954,2025-08-02 05:34:00,Belgium,Sports,1,138.2,0.0,PayPal,5.0
ORD-003096,CUST-01128,2025-07-13 09:05:00,Germany,Electronics,5,716.68,0.0,Credit Card,5.0
ORD-004744,CUST-00491,2024-02-07 03:26:00,Germany,Electronics,2,430.23,0.0,PayPal,3.0
ORD-003059,CUST-00584,2024-06-04 06:06:00,Germany,Sports,1,108.13,0.0,Credit Card,4.0
ORD-001463,CUST-00072,2025-08-03 20:25:00,Spain,Electronics,2,465.99,0.0,Bank Transfer,5.0
ORD-004074,CUST-01414,2024-04-28 06:09:00,Spain,Sports,4,238.98,0.05,Apple Pay,5.0
ORD-004916,CUST-00152,2025-04-25 06:14:00,France,Books,2,80.0,0.0,Bank Transfer,3.0
ORD-002579,CUST-01454,2024-06-20 04:23:00,France,Home,1,271.49,0.0,PayPal,
ORD-003826,CUST-01356,2025-01-15 13:40:00,Spain,Home,2,283.04,0.1,Apple Pay,4.0
ORD-000050,CUST-01168,2025-08-27 08:32:00,Italy,Sports,3,79.57,0.1,Credit Card,4.0
ORD-004304,CUST-00052,2024-12-13 17:22:00,France,Sports,1,103.22,0.0,Bank Transfer,5.0
ORD-003078,CUST-01223,2025-10-17 14:22:00,Italy,Clothing,6,147.66,0.0,PayPal,3.0
ORD-000859,CUST-01004,2025-01-20 03:55:00,Spain,Books,1,40.24,0.0,Apple Pay,2.0
ORD-001073,CUST-01135,2025-03-07 21:29:00,Belgium,Clothing,5,250.0,0.05,Credit Card,3.0
ORD-000720,CUST-00900,2025-06-28 03:04:00,Spain,Home,1,322.36,0.1,Credit Card,
ORD-003606,CUST-00203,2025-08-28 00:30:00,Spain,Electronics,1,924.63,0.0,Bank Transfer,5.0
ORD-002632,CUST-01021,2025-05-19 12:28:00,Italy,Books,4,55.46,0.0,PayPal,4.0
ORD-004889,CUST-00507,2025-05-20 17:57:00,Belgium,Clothing,1,52.23,0.1,Apple Pay,4.0
ORD-001661,CUST-00930,2024-11-27 00:20:00,Italy,Electronics,2,434.27,0.0,PayPal,5.0
ORD-001657,CUST-01272,2024-06-28 07:11:00,France,Clothing,1,81.45,0.1,PayPal,5.0
ORD-002426,CUST-00842,2024-05-19 20:10:00,France,Sports,5,357.23,0.15,Credit Card,5.0
ORD-004608,CUST-00730,2024-09-07 16:21:00,Germany,Sports,1,228.37,0.1,Credit Card,5.0
ORD-004243,CUST-01237,2024-10-20 14:01:00,Italy,Books,1,65.92,0.0,Apple Pay,5.0
ORD-004990,CUST-01326,2025-03-13 23:36:00,Belgium,Clothing,1,124.21,0.05,Apple Pay,5.0
ORD-004458,CUST-00059,2025-12-21 11:44:00,France,Sports,3,208.26,0.05,PayPal,3.0
ORD-004491,CUST-00283,2024-06-27 07:20:00,Italy,Clothing,3,76.17,0.0,PayPal,4.0
ORD-003327,CUST-00242,2024-04-02 00:11:00,Belgium,Clothing,8,250.0,0.2,Apple Pay,3.0
ORD-004767,CUST-00857,2024-02-10 10:02:00,France,Clothing,2,58.39,0.0,Credit Card,5.0
ORD-004140,CUST-00757,2024-01-26 04:21:00,Italy,Home,5,244.58,0.1,PayPal,4.0
ORD-002607,CUST-00799,2024-04-05 05:25:00,Spain,Books,1,49.65,0.1,Bank Transfer,4.0
ORD-001386,CUST-00353,2024-02-27 20:29:00,France,Clothing,1,90.0,0.3,PayPal,4.0
ORD-003860,CUST-00659,2024-09-12 17:14:00,Belgium,Books,8,68.37,0.0,Credit Card,3.0
ORD-001400,CUST-00450,2024-08-30 00:23:00,Netherlands,Home,1,210.67,0.0,Bank Transfer,5.0
ORD-001196,CUST-00951,2024-02-24 18:35:00,Spain,Home,2,203.95,0.0,Apple Pay,1.0
ORD-001409,CUST-00003,2024-02-23 16:43:00,Germany,Books,2,46.52,0.15,Apple Pay,4.0
ORD-003849,CUST-01111,2024-08-22 23:42:00,Belgium,Sports,2,243.02,0.3,PayPal,4.0
ORD-001799,CUST-00719,2024-07-15 08:44:00,France,Clothing,1,68.68,0.0,Credit Card,5.0
ORD-001476,CUST-00454,2025-03-23 10:54:00,France,Books,1,80.0,0.1,Bank Transfer,4.0
ORD-003272,CUST-00618,2025-12-02 17:34:00,Spain,Sports,5,126.14,0.0,Credit Card,1.0
ORD-000036,CUST-00096,2025-04-15 18:57:00,Netherlands,Electronics,2,1200.0,0.0,Credit Card,5.0
ORD-003564,CUST-01195,2024-03-19 00:16:00,Germany,Electronics,1,365.92,0.15,Credit Card,3.0
ORD-002346,CUST-00387,2025-08-24 12:44:00,Germany,Clothing,5,124.11,0.0,Credit Card,5.0
ORD-003231,CUST-01262,2025-06-15 12:01:00,Germany,Electronics,1,830.48,0.3,Credit Card,5.0
ORD-002360,CUST-00313,2024-06-09 19:25:00,Netherlands,Sports,3,375.7,0.05,Bank Transfer,4.0
ORD-002207,CUST-00202,2024-09-03 18:48:00,Germany,Sports,2,314.26,0.1,Credit Card,5.0
ORD-004772,CUST-01144,2024-11-07 10:02:00,Italy,Electronics,1,240.86,0.0,Credit Card,2.0
ORD-001287,CUST-01362,2024-07-28 00:57:00,Netherlands,Clothing,3,250.0,0.1,PayPal,5.0
ORD-000350,CUST-00247,2025-02-21 04:18:00,Belgium,Clothing,1,250.0,0.0,Credit Card,5.0
ORD-002138,CUST-00035,2024-10-30 19:54:00,Italy,Electronics,1,861.1,0.05,Apple Pay,2.0
ORD-002692,CUST-00911,2024-03-30 22:35:00,Spain,Electronics,3,456.56,0.1,Bank Transfer,4.0
ORD-004854,CUST-00103,2025-08-18 09:10:00,France,Books,2,31.72,0.1,PayPal,2.0
ORD-004575,CUST-01067,2024-04-22 10:01:00,Germany,Sports,1,124.02,0.1,Bank Transfer,
ORD-001682,CUST-00019,2025-09-05 12:52:00,Germany,Home,4,384.87,0.1,PayPal,4.0
ORD-004635,CUST-00152,2024-08-29 06:36:00,France,Books,2,37.25,0.05,Credit Card,3.0
ORD-001444,CUST-00650,2025-02-27 02:24:00,France,Books,4,26.94,0.1,Credit Card,2.0
ORD-003265,CUST-00790,2024-11-28 09:38:00,France,Clothing,1,68.8,0.05,Credit Card,5.0
ORD-001672,CUST-00851,2025-07-19 16:39:00,Spain,Sports,2,400.0,0.05,Credit Card,4.0
ORD-003658,CUST-01383,2024-05-27 19:56:00,Germany,Electronics,2,718.2,0.1,Bank Transfer,4.0
ORD-001180,CUST-00038,2025-08-02 00:45:00,Spain,Sports,4,111.9,0.05,PayPal,4.0
ORD-002799,CUST-01062,2024-12-17 02:29:00,Spain,Electronics,1,654.19,0.0,Credit Card,4.0
ORD-001693,CUST-00987,2025-02-14 21:57:00,,Home,4,500.0,0.0,PayPal,2.0
ORD-003899,CUST-00456,2025-06-27 03:11:00,Germany,Sports,1,112.99,0.0,PayPal,
ORD-000373,CUST-00616,2025-09-08 05:30:00,France,Sports,1,239.73,0.0,Credit Card,5.0
ORD-003635,CUST-01442,2025-05-22 14:17:00,Italy,Sports,1,93.99,0.1,Credit Card,5.0
ORD-001917,CUST-00424,2024-02-19 15:31:00, Italy,Clothing,2,127.82,0.0,PayPal,5.0
ORD-001358,CUST-00202,2024-03-06 00:39:00,Netherlands,Clothing,3,137.0,0.1,Credit Card,5.0
ORD-001826,CUST-01353,2024-03-19 16:26:00,France,Home,1,472.99,0.2,Credit Card,4.0
ORD-000787,CUST-00049,2025-10-03 01:03:00,Italy,Sports,1,53.67,0.0,Apple Pay,5.0
ORD-000470,CUST-01400,2025-04-19 12:55:00,France,Electronics,1,560.31,0.15,PayPal,
ORD-000141,CUST-01475,2025-08-08 23:04:00,France,Home,1,237.11,0.3,Bank Transfer,5.0
ORD-000789,CUST-00817,2025-12-25 10:43:00,France,Clothing,7,137.67,0.05,Credit Card,5.0
ORD-000324,CUST-01375,2024-02-18 17:14:00,Spain,Electronics,2,499.41,0.05,PayPal,3.0
ORD-000051,CUST-01140,2024-04-25 14:15:00,France,Books,1,43.73,0.1,PayPal,5.0
ORD-000715,CUST-01381,2025-12-31 03:13:00,Spain,Home,4,209.08,0.05,Bank Transfer,4.0
ORD-004503,CUST-01497,2025-10-18 18:19:00,Germany,Home,4,263.0,0.0,PayPal,
ORD-002841,CUST-00657,2025-12-08 01:15:00,Spain,Electronics,1,380.01,0.05,Credit Card,3.0
ORD-002447,CUST-01161,2024-01-07 16:39:00,Spain,Clothing,1,151.31,0.1,Bank Transfer,4.0
ORD-004829,CUST-01378,2024-04-02 13:59:00,Germany,Clothing,1,231.05,0.0,Bank Transfer,5.0
ORD-004776,CUST-00068,2024-07-11 09:50:00,France,Electronics,1,112.94,0.05,PayPal,5.0
ORD-004611,CUST-00139,2025-07-22 13:48:00,France,Electronics,1,516.35,0.0,Credit Card,5.0
ORD-003036,CUST-01435,2024-09-26 23:25:00,Spain,Electronics,1,1200.0,0.0,PayPal,4.0
ORD-002667,CUST-00362,2024-06-19 14:40:00,France,Clothing,2,203.83,0.0,Apple Pay,5.0
ORD-000407,CUST-00651,2024-01-18 22:16:00,Italy,Electronics,2,631.82,0.0,Bank Transfer,4.0
ORD-003381,CUST-01249,2024-03-24 15:07:00,France,Electronics,3,541.79,0.0,Credit Card,4.0
ORD-001005,CUST-00193,2024-02-18 11:47:00,Italy,Electronics,122,446.69,0.0,Credit Card,5.0
ORD-003226,CUST-01158,2024-12-22 00:07:00,Germany,Books,1,74.86,0.05,Credit Card,4.0
ORD-000891,CUST-00150,2024-02-27 10:42:00,France,Clothing,2,58.96,0.1,Credit Card,
ORD-002412,CUST-00075,2024-10-09 16:07:00,Italy,Sports,4,210.42,0.0,Credit Card,1.0
ORD-002546,CUST-00597,2025-05-31 21:29:00,Italy,Electronics,3,986.52,0.1,PayPal,3.0
ORD-004857,CUST-01269,2024-03-26 12:03:00,Spain,Books,3,46.5,0.0,Bank Transfer,4.0
ORD-002391,CUST-00682,2025-05-17 19:31:00,Germany,Home,1,136.11,0.2,Bank Transfer,3.0
ORD-003965,CUST-00300,2024-04-03 10:37:00,Belgium,Clothing,2,250.0,0.0,PayPal,
ORD-000043,CUST-01051,2024-06-30 12:40:00,Spain,Electronics,6,1200.0,0.1,PayPal,5.0
ORD-002831,CUST-01385,2024-09-18 02:22:00,Germany,Home,4,348.43,0.0,Credit Card,4.0
ORD-003332,CUST-01277,2024-08-30 17:30:00,Germany,Books,5,80.0,0.1,Bank Transfer,5.0
ORD-000304,CUST-01345,2025-01-13 04:20:00,Germany,Electronics,6,451.69,0.0,PayPal,1.0
ORD-004528,CUST-00140,2024-10-23 02:51:00,Belgium,Books,2,80.0,0.0,Bank Transfer,5.0
ORD-003772,CUST-00497,2025-09-28 15:12:00,Germany,Clothing,1,220.19,0.1,PayPal,5.0
ORD-000665,CUST-00897,2024-06-17 17:44:00,France,Electronics,6,1200.0,0.1,Bank Transfer,5.0
ORD-001178,CUST-00288,2025-01-09 07:25:00,Italy,Home,4,290.84,0.0,PayPal,3.0
ORD-002677,CUST-01444,2024-05-29 03:00:00,France,Books,2,35.55,0.05,Credit Card,5.0
ORD-001948,CUST-01376,2024-10-08 23:29:00,Germany,Clothing,2,209.5,0.15,Credit Card,5.0
ORD-002502,CUST-00150,2024-05-29 11:25:00,France,Sports,1,226.89,0.0,Credit Card,5.0
ORD-001474,CUST-00311,2024-09-10 11:47:00,France,Sports,1,400.0,0.05,Bank Transfer,4.0
ORD-003506,CUST-01333,2024-01-21 06:20:00,Spain,Home,4,286.88,0.05,Credit Card,3.0
ORD-003543,CUST-00128,2025-03-18 06:48:00,France,Books,4,46.87,0.0,Credit Card,5.0
ORD-002133,CUST-00780,2025-05-02 20:35:00,France,Sports,2,202.0,0.0,Bank Transfer,5.0
ORD-001027,CUST-00117,2024-01-31 19:53:00,France,Books,3,51.37,0.0,Credit Card,
ORD-000962,CUST-00614,2024-05-15 19:11:00,France,Home,1,136.4,0.0,PayPal,4.0
ORD-002890,CUST-00293,2025-12-12 06:24:00,Germany,Clothing,1,250.0,0.2,PayPal,5.0
ORD-003387,CUST-01162,2025-08-19 08:08:00,France,Sports,3,328.25,0.2,Credit Card,4.0
ORD-002010,CUST-00949,2024-08-27 08:06:00,Germany,Clothing,5,68.44,0.0,Credit Card,5.0
ORD-002150,CUST-01281,2025-10-11 23:48:00,Germany,Electronics,3,220.27,0.0,Credit Card,3.0
ORD-003345,CUST-00807,2024-02-04 20:28:00,France,Books,1,29.5,0.2,PayPal,4.0
ORD-002339,CUST-00066,2025-12-18 20:22:00,Italy,Home,1,396.26,0.15,PayPal,
ORD-003913,CUST-00288,2025-02-02 08:18:00,Belgium,Sports,3,119.71,0.0,Credit Card,5.0
ORD-000305,CUST-00815,2025-05-18 03:31:00,Belgium,Electronics,3,345.62,0.15,Credit Card,4.0
ORD-001441,CUST-01170,2024-07-30 16:49:00,France,Clothing,1,110.05,0.0,Credit Card,4.0
ORD-001497,CUST-00827,2025-02-07 01:13:00,France,Books,3,80.0,0.15,Credit Card,3.0
ORD-002653,CUST-01483,2024-12-19 05:25:00,France,Electronics,3,402.69,0.15,Bank Transfer,
ORD-002876,CUST-00774,2024-09-04 02:06:00,Germany,Electronics,4,1024.17,0.0,Credit Card,5.0
ORD-000917,CUST-00815,2025-03-01 23:38:00,Germany,Books,4,42.73,0.0,Credit Card,5.0
ORD-004196,CUST-00742,2024-08-29 13:44:00,Italy,Clothing,3,90.08,0.1,PayPal,5.0
ORD-003746,CUST-01479,2024-08-31 05:23:00,Belgium,Sports,3,174.03,0.0,Credit Card,
ORD-002773,CUST-00306,2025-01-31 18:15:00,Spain,Home,1,254.37,0.1,Credit Card,3.0
ORD-001625,CUST-00831,2025-07-24 08:52:00,Belgium,Electronics,6,600.86,0.0,Apple Pay,5.0
ORD-003862,CUST-00967,2025-11-24 02:27:00,Belgium,Electronics,2,1099.73,0.05,PayPal,4.0
ORD-000822,CUST-00999,2025-10-24 10:34:00,France,Clothing,1,93.72,0.2,Credit Card,3.0
ORD-003322,CUST-00243,2025-10-31 00:33:00,France,Home,1,195.46,0.0,PayPal,1.0
ORD-001355,CUST-00330,2025-04-12 07:36:00,Germany,Books,1,44.76,0.1,PayPal,4.0
ORD-004512,CUST-00783,2024-12-09 17:51:00,Netherlands,Clothing,3,250.0,0.0,Credit Card,1.0
ORD-000851,CUST-01471,2024-09-16 11:29:00,Germany,Clothing,2,61.95,0.0,Credit Card,5.0
ORD-001001,CUST-01213,2025-04-17 17:16:00,Italy,Home,2,222.93,0.15,PayPal,4.0
ORD-003399,CUST-00012,2025-01-15 16:30:00,Spain,Sports,2,101.62,0.0,Credit Card,3.0
ORD-000019,CUST-01260,2024-02-06 21:56:00,France,Electronics,3,428.73,0.0,Apple Pay,5.0
ORD-001638,CUST-00933,2024-06-22 10:51:00,Italy,Books,3,56.58,0.0,PayPal,1.0
ORD-001668,CUST-01017,2024-06-08 12:39:00,Belgium,Home,3,454.36,0.2,PayPal,5.0
ORD-000494,CUST-00905,2024-08-23 15:53:00,Germany,Clothing,6,189.73,0.2,Bank Transfer,5.0
ORD-001348,CUST-01052,2024-03-02 13:24:00,France,Books,6,80.0,0.0,Credit Card,5.0
ORD-003752,CUST-01198,2024-11-02 18:41:00,Germany,Books,1,57.17,0.0,Bank Transfer,
ORD-003277,CUST-00108,2025-03-31 15:22:00,Germany,Clothing,5,174.95,0.0,Credit Card,5.0
ORD-003639,CUST-00124,2024-11-07 06:25:00,Belgium,Home,2,258.32,0.1,Bank Transfer,5.0
ORD-003504,CUST-00303,2024-11-06 01:54:00,France,Electronics,2,1200.0,0.1,Credit Card,5.0
ORD-000688,CUST-00891,2024-02-05 23:00:00,Belgium,Clothing,1,209.61,0.0,Apple Pay,4.0
ORD-003756,CUST-00482,2025-08-08 04:49:00,Belgium,Home,5,207.82,0.0,Credit Card,4.0
ORD-001609,CUST-00355,2024-01-29 09:54:00,France,Electronics,2,308.91,0.0,Credit Card,
ORD-004105,CUST-00117,2024-04-20 04:39:00,Belgium,Electronics,4,980.22,0.1,PayPal,3.0
ORD-003424,CUST-00575,2024-03-26 17:00:00,Germany,Clothing,2,202.97,0.0,PayPal,5.0
ORD-001010,CUST-00781,2024-02-01 10:33:00,Belgium,Books,4,31.4,0.1,Credit Card,5.0
ORD-002409,CUST-00697,2024-12-16 06:12:00,Spain,Sports,1,297.05,0.15,Apple Pay,5.0
ORD-001093,CUST-01265,2025-07-08 17:10:00,Spain,Electronics,2,1200.0,0.1,PayPal,3.0
ORD-001328,CUST-00128,2025-01-18 20:51:00,France,Home,4,252.25,0.1,Credit Card,4.0
ORD-001678,CUST-00629,2024-07-31 20:30:00,Netherlands,Clothing,1,62.85,0.0,Credit Card,5.0
ORD-002000,CUST-00422,2024-01-18 13:15:00,Spain,Home,2,485.88,0.0,Credit Card,5.0
ORD-001311,CUST-00787,2025-09-24 03:35:00,Germany,Books,5,80.0,0.0,Credit Card,3.0
ORD-003280,CUST-01095,2024-12-03 05:05:00,Spain,Clothing,1,250.0,0.05,Bank Transfer,3.0
ORD-001988,CUST-00318,2024-01-19 02:00:00,France,Clothing,1,81.35,0.1,PayPal,
ORD-004648,CUST-00121,2025-05-05 23:05:00,Belgium,Clothing,3,58.76,0.15,Credit Card,5.0
ORD-000345,CUST-01359,2025-07-16 22:14:00,Germany,Home,5,102.58,0.05,Credit Card,4.0
ORD-004784,CUST-01135,2024-10-20 13:06:00,Italy,Clothing,1,141.34,0.1,PayPal,5.0
ORD-000987,CUST-00925,2025-12-08 15:22:00,France,Books,3,15.43,0.0,PayPal,2.0
ORD-003876,CUST-00906,2024-01-23 04:18:00,France,Home,5,228.86,0.0,PayPal,4.0
ORD-003832,CUST-00305,2024-04-23 18:04:00,France,Books,2,58.55,0.0,Credit Card,5.0
ORD-004327,CUST-01276,2024-03-25 09:09:00,France,Sports,1,321.91,0.15,Bank Transfer,5.0
ORD-004027,CUST-00315,2024-04-15 06:04:00,Germany,Electronics,1,310.74,0.0,Credit Card,2.0
ORD-003113,CUST-00089,2024-12-24 12:27:00,France,Home,3,105.53,0.05,Bank Transfer,4.0
ORD-003051,CUST-01255,2024-10-15 11:48:00,France,Sports,2,281.81,0.0,Bank Transfer,4.0
ORD-001143,CUST-01398,2024-07-09 02:33:00,Italy,Electronics,5,767.83,0.0,Credit Card,4.0
ORD-002359,CUST-00939,2024-05-06 06:44:00,Netherlands,Home,3,175.88,0.05,Credit Card,3.0
ORD-001199,CUST-01205,2024-05-07 14:59:00,France,Electronics,3,336.68,0.0,Apple Pay,2.0
ORD-000086,CUST-01051,2024-09-07 01:17:00,Italy,Books,2,80.0,0.05,PayPal,5.0
ORD-001519,CUST-00743,2024-12-08 01:45:00,France,Clothing,1,250.0,0.0,Bank Transfer,
ORD-000517,CUST-01323,2025-02-19 16:33:00,France,Home,1,205.88,0.0,Bank Transfer,3.0
ORD-001382,CUST-00427,2025-10-02 19:09:00,France,Clothing,3,151.41,0.15,Credit Card,5.0
ORD-002717,CUST-00651,2024-09-18 10:13:00,Germany,Clothing,3,210.38,0.0,PayPal,5.0
ORD-003106,CUST-00455,2025-11-28 10:11:00,Italy,Home,2,376.15,0.0,Credit Card,1.0
ORD-001015,CUST-00779,2025-12-17 04:24:00,Netherlands,Home,5,215.97,0.0,Apple Pay,3.0
ORD-000129,CUST-00862,2024-02-14 21:14:00,France,Electronics,1,427.4,0.1,Bank Transfer,5.0
ORD-001365,CUST-00833,2025-05-30 23:12:00,Spain,Clothing,3,250.0,0.0,Credit Card,5.0
ORD-003648,CUST-00903,2025-04-10 05:09:00,Italy,Sports,7,158.59,0.0,Bank Transfer,1.0
ORD-003146,CUST-00829,2025-06-07 22:16:00,France,Clothing,1,126.08,0.0,PayPal,4.0
ORD-000892,CUST-01065,2025-05-16 23:02:00,France,Home,1,304.13,0.05,Credit Card,4.0
ORD-002794,CUST-00803,2024-12-13 14:27:00,France,Electronics,2,612.99,0.0,Credit Card,4.0
ORD-004222,CUST-00779,2025-02-10 13:05:00,France,Electronics,3,454.38,0.0,PayPal,5.0
ORD-001360,CUST-00549,2024-04-13 02:21:00,France,Sports,1,400.0,0.2,PayPal,5.0
ORD-000308,CUST-00832,2025-08-05 15:58:00,France,Books,1,37.56,0.1,Apple Pay,
ORD-001662,CUST-00917,2025-09-16 06:42:00,Germany,Sports,7,381.35,0.1,Credit Card,5.0
ORD-002432,CUST-00783,2025-07-19 17:19:00,Belgium,Electronics,5,530.11,0.0,PayPal,5.0
ORD-003959,CUST-00147,2024-10-18 19:24:00,Italy,Home,3,263.93,0.15,PayPal,5.0
ORD-001318,CUST-00886,2025-04-23 08:32:00,France,Home,2,156.55,0.05,Credit Card,4.0
ORD-004318,CUST-00622,2024-02-27 01:01:00,Italy,Electronics,1,1200.0,0.3,Bank Transfer,5.0
ORD-002475,CUST-00157,2024-12-24 17:20:00,Spain,Clothing,3,165.28,0.0,Credit Card,5.0
ORD-002543,CUST-01435,2025-10-10 03:08:00,France,Clothing,3,61.59,0.15,Bank Transfer,5.0
ORD-001247,CUST-01290,2025-06-07 10:02:00,France,Home,7,382.46,0.0,PayPal,5.0
ORD-001209,CUST-00428,2024-06-19 06:47:00,Italy,Home,3,369.07,0.1,Credit Card,4.0
ORD-000217,CUST-00119,2025-12-13 23:55:00,Spain,Clothing,8,95.49,0.1,Credit Card,5.0
ORD-004307,CUST-01109,2025-04-11 14:24:00,France,Electronics,1,318.62,0.2,PayPal,2.0
ORD-004111,CUST-00005,2024-12-24 15:25:00,Netherlands,Electronics,1,298.77,0.05,Credit Card,3.0
ORD-001240,CUST-00062,2024-12-21 15:44:00,France,Sports,7,132.6,0.0,Credit Card,
ORD-002290,CUST-00625,2024-07-01 02:16:00,France,Home,5,386.87,0.0,Bank Transfer,4.0
ORD-002741,CUST-00279,2024-12-30 17:24:00,Belgium,Electronics,2,337.25,0.05,PayPal,4.0
ORD-000276,CUST-00724,2025-01-24 03:40:00,France,Sports,1,262.91,0.0,PayPal,5.0
ORD-000490,CUST-00910,2024-03-14 12:09:00,Spain,Sports,2,262.33,0.05,Credit Card,4.0
ORD-001036,CUST-01115,2025-02-03 11:26:00,Belgium,Sports,1,128.15,0.05,PayPal,5.0
ORD-001230,CUST-00433,2024-06-20 12:43:00,Italy,Sports,1,146.42,0.1,PayPal,4.0
ORD-004600,CUST-01095,2025-07-27 22:40:00,Italy,Clothing,2,70.85,0.1,PayPal,5.0
ORD-001009,CUST-01101,2024-05-18 22:33:00,France,Home,2,360.77,0.0,Credit Card,3.0
ORD-004082,CUST-00428,2025-03-15 03:11:00,France,Electronics,5,827.21,0.2,PayPal,2.0
ORD-003144,CUST-00853,2025-08-18 20:04:00,Italy,Electronics,2,443.88,0.1,Bank Transfer,5.0
ORD-003204,CUST-00211,2025-01-23 19:27:00,France,Electronics,2,592.82,0.2,Credit Card,1.0
ORD-002533,CUST-01388,2025-07-12 06:26:00,Germany,Electronics,4,535.91,0.15,Credit Card,
ORD-004183,CUST-00152,2024-12-26 18:04:00,Spain,Electronics,1,229.5,0.1,Bank Transfer,4.0
ORD-001059,CUST-00637,2024-01-17 14:09:00,Netherlands,Books,3,35.26,0.0,Credit Card,2.0
ORD-002167,CUST-00475,2024-02-06 23:13:00,Germany,Electronics,3,271.19,0.1,Credit Card,5.0
ORD-004113,CUST-00227,2024-08-02 14:14:00,Germany,Home,4,188.61,0.0,Bank Transfer,5.0
ORD-004287,CUST-01072,2025-05-30 08:52:00,Spain,Home,1,419.2,0.0,Credit Card,2.0
ORD-000282,CUST-00730,2024-01-06 20:09:00,Belgium,Electronics,2,486.08,0.0,Credit Card,4.0
ORD-004306,CUST-01156,2025-04-20 13:00:00,Germany,Clothing,1,130.39,0.0,Credit Card,4.0
ORD-001317,CUST-01065,2025-11-16 11:06:00,France,Books,1,24.41,0.0,Credit Card,4.0
ORD-004994,CUST-00829,2024-09-01 09:17:00,France,Electronics,1,1136.93,0.0,Credit Card,1.0
ORD-000969,CUST-01381,2025-04-06 22:45:00,Spain,Electronics,1,996.44,0.0,PayPal,5.0
ORD-004641,CUST-01264,2024-10-08 21:20:00,Spain,Clothing,1,121.57,0.1,Credit Card,5.0
ORD-003945,CUST-00196,2025-04-23 22:55:00,France,Clothing,2,85.59,0.15,Credit Card,3.0
ORD-003188,CUST-00605,2025-06-09 01:05:00,France,Home,4,235.44,0.15,Bank Transfer,5.0
ORD-003542,CUST-00871,2025-03-06 16:42:00,Netherlands,Books,1,80.0,0.0,Bank Transfer,3.0
ORD-000620,CUST-00210,2025-11-06 10:49:00,Italy,Clothing,2,150.17,0.1,Apple Pay,4.0
ORD-004841,CUST-01145,2025-01-05 21:29:00,France,Clothing,2,77.82,0.0,Apple Pay,4.0
ORD-001743,CUST-00684,2024-09-05 22:04:00,Netherlands,Sports,1,302.56,0.0,Credit Card,1.0
ORD-001391,CUST-00460,2025-01-31 18:04:00,France,Books,1,27.63,0.0,PayPal,3.0
ORD-004075,CUST-00487,2024-05-16 17:42:00,Germany,Electronics,1,806.28,0.1,PayPal,5.0
ORD-001848,CUST-00814,2025-11-30 15:52:00,Germany,Electronics,1,742.1,0.05,PayPal,1.0
ORD-001580,CUST-00902,2024-11-19 22:38:00,Spain,Electronics,1,442.84,0.0,Credit Card,5.0
ORD-001656,CUST-00347,2024-08-15 19:09:00,Spain,Books,1,50.07,0.0,PayPal,5.0
ORD-002353,CUST-01072,2025-02-19 22:12:00,Germany,Home,1,222.62,0.0,Bank Transfer,1.0
ORD-002213,CUST-00908,2024-09-01 08:18:00,Spain,Home,1,145.02,0.1,PayPal,3.0
ORD-002021,CUST-00455,2025-06-17 08:28:00,France,Home,1,183.43,0.2,PayPal,5.0
ORD-004988,CUST-01385,2024-07-24 16:00:00,France,Home,4,398.53,0.0,Credit Card,5.0
ORD-001957,CUST-00793,2024-09-25 17:15:00,Italy,Electronics,2,578.29,0.3,Bank Transfer,5.0
ORD-001308,CUST-00357,2024-11-03 15:24:00,Belgium,Clothing,1,108.5,0.15,Credit Card,5.0
ORD-002004,CUST-00688,2025-10-01 12:21:00,Netherlands,Sports,1,82.74,0.0,Bank Transfer,5.0
ORD-004470,CUST-01123,2024-09-14 00:01:00,Netherlands,Clothing,3,76.59,0.15,Bank Transfer,4.0
ORD-000576,CUST-00561,2025-03-03 20:35:00,Spain,Clothing,1,174.31,0.1,PayPal,
ORD-002361,CUST-00974,2024-10-22 10:47:00,France,Sports,2,387.15,0.1,Credit Card,4.0
ORD-004216,CUST-01490,2025-04-12 18:44:00,France,Sports,1,400.0,0.05,Bank Transfer,
ORD-004451,CUST-01289,2025-12-04 23:06:00,Italy,Books,6,66.98,0.2,Credit Card,
ORD-001707,CUST-01476,2025-01-06 01:33:00,Germany,Clothing,3,207.82,0.0,PayPal,4.0
ORD-004557,CUST-00234,2024-10-01 15:09:00,France,Electronics,1,333.7,0.0,Credit Card,5.0
ORD-003493,CUST-00558,2024-07-04 02:02:00,Belgium,Electronics,1,247.93,0.05,Bank Transfer,5.0
ORD-001281,CUST-01110,2024-07-29 07:38:00,France,Sports,2,232.51,0.1,Apple Pay,2.0
ORD-000862,CUST-01392,2024-08-25 00:01:00,Italy,Sports,4,161.75,0.1,Credit Card,5.0
ORD-004424,CUST-00684,2024-01-19 09:41:00,Netherlands,Sports,3,168.46,0.0,Credit Card,5.0
ORD-001802,CUST-00703,2024-05-05 20:10:00,Germany,Clothing,3,134.9,0.1,Bank Transfer,2.0
ORD-001629,CUST-00583,2024-06-28 14:37:00,France,Electronics,2,1118.63,0.05,Credit Card,3.0
ORD-001994,CUST-00959,2025-06-29 12:18:00,Germany,Home,1,356.38,0.2,Credit Card,2.0
ORD-002640,CUST-01279,2025-01-08 02:42:00,Germany,Sports,4,116.03,0.1,Apple Pay,2.0
ORD-000270,CUST-00887,2025-12-29 11:22:00,France,Electronics,1,1200.0,0.05,Credit Card,2.0
ORD-000630,CUST-00550,2024-09-23 02:52:00,Spain,Clothing,6,116.96,0.0,PayPal,5.0
ORD-003082,CUST-01231,2024-01-05 07:57:00,,Home,2,170.65,0.0,Bank Transfer,5.0
ORD-002335,CUST-00830,2024-02-22 02:35:00,France,Electronics,2,1200.0,0.0,Credit Card,4.0
ORD-002967,CUST-00361,2025-09-03 21:59:00,Spain,Sports,2,190.97,0.05,Credit Card,4.0
ORD-000301,CUST-00546,2025-11-10 03:05:00,France,Electronics,6,465.65,0.0,Credit Card,4.0
ORD-000460,CUST-00159,2024-04-14 13:17:00,Spain,Clothing,5,157.05,0.0,Apple Pay,4.0
ORD-001448,CUST-01440,2024-04-25 10:18:00,France,Electronics,3,637.4,0.0,Credit Card,1.0
ORD-001473,CUST-00674,2024-11-16 04:04:00,France,Electronics,5,778.09,0.2,PayPal,5.0
ORD-002047,CUST-00680,2025-02-19 21:03:00,Spain,Electronics,1,1001.01,0.05,Credit Card,4.0
ORD-004242,CUST-00411,2024-10-10 23:51:00,France,Books,1,27.28,0.05,Credit Card,5.0
ORD-003789,CUST-01465,2025-10-12 12:13:00,France,Sports,1,220.07,0.2,Bank Transfer,3.0
ORD-002114,CUST-01366,2025-08-31 23:36:00,France,Books,1,80.0,0.2,Apple Pay,5.0
ORD-000028,CUST-01235,2025-01-05 00:26:00,France,Clothing,1,148.36,0.2,Credit Card,4.0
ORD-004713,CUST-01330,2024-08-22 01:00:00,Belgium,Home,2,332.4,0.0,Apple Pay,4.0
ORD-004537,CUST-00122,2024-11-10 00:46:00,Germany,Books,2,44.61,0.15,Credit Card,4.0
ORD-000838,CUST-00298,2024-09-08 11:15:00,Italy,Sports,2,149.28,0.3,Bank Transfer,5.0
ORD-004212,CUST-01066,2025-09-23 13:47:00,Germany,Electronics,5,921.99,0.15,Credit Card,4.0
ORD-002009,CUST-01182,2024-03-04 11:43:00,Italy,Home,2,123.07,0.05,Credit Card,4.0
ORD-004923,CUST-00833,2024-11-10 08:21:00,Germany,Books,2,49.8,0.15,Credit Card,3.0
ORD-000504,CUST-01302,2024-01-28 06:48:00,Spain,Sports,7,191.26,0.0,PayPal,
ORD-003228,CUST-00568,2025-02-03 11:17:00,Germany,Clothing,1,24.82,0.0,Credit Card,5.0
ORD-004319,CUST-01278,2024-05-20 22:43:00,Spain,Home,3,214.83,0.1,Credit Card,5.0
ORD-000381,CUST-00008,2024-08-19 00:31:00,Spain,Clothing,3,47.67,0.0,Credit Card,5.0
ORD-001852,CUST-00380,2025-02-26 22:43:00,France,Home,3,458.12,0.1,Credit Card,2.0
ORD-001526,CUST-00072,2025-07-01 08:08:00,Italy,Home,3,474.21,0.0,Credit Card,3.0
ORD-002366,CUST-00129,2024-03-11 07:15:00,Belgium,Electronics,1,1200.0,0.0,Credit Card,2.0
ORD-003250,CUST-00593,2025-08-24 07:32:00,France,Clothing,4,74.16,0.05,Credit Card,2.0
ORD-003053,CUST-01127,2024-10-19 02:17:00,France,Sports,4,186.48,0.0,PayPal,5.0
ORD-002885,CUST-00534,2025-06-21 00:38:00,Belgium,Clothing,1,140.1,0.0,Credit Card,5.0
ORD-002341,CUST-00636,2024-10-09 18:58:00,Germany,Home,1,252.35,0.3,Credit Card,
ORD-000375,CUST-01330,2025-08-09 10:08:00,Italy,Books,3,80.0,0.2,PayPal,5.0
ORD-004100,CUST-00505,2024-12-02 00:38:00,Germany,Clothing,5,65.86,0.0,PayPal,4.0
ORD-002382,CUST-00674,2024-02-06 10:00:00,Germany,Clothing,1,85.89,0.0,Credit Card,5.0
ORD-004324,CUST-00398,2025-03-12 23:44:00,France,Clothing,1,80.13,0.05,Credit Card,4.0
ORD-000940,CUST-00763,2025-02-03 16:49:00,Belgium,Electronics,1,930.94,0.0,Credit Card,3.0
ORD-003981,CUST-00677,2024-08-11 10:13:00,Spain,Clothing,1,38.88,0.0,PayPal,5.0
ORD-004410,CUST-00485,2024-12-12 01:26:00,Spain,Sports,5,56.56,0.0,PayPal,3.0
ORD-002800,CUST-00596,2025-06-11 13:33:00,Spain,Books,2,8.64,0.0,Apple Pay,5.0
ORD-002148,CUST-01404,2025-07-12 07:03:00,Italy,Clothing,1,148.96,0.1,Credit Card,4.0
ORD-003842,CUST-00742,2024-03-02 18:49:00,Spain,Clothing,2,160.96,0.05,Credit Card,5.0
ORD-004555,CUST-01064,2024-11-14 01:58:00,Spain,Electronics,7,646.73,0.0,Credit Card,5.0
ORD-004230,CUST-00022,2025-03-13 07:46:00,Germany,Electronics,3,680.72,0.15,Bank Transfer,2.0
ORD-002069,CUST-00496,2024-07-30 21:27:00,France,Electronics,1,650.21,0.05,Credit Card,5.0
ORD-000530,CUST-01382,2024-12-25 05:29:00,Germany,Clothing,8,121.23,0.0,PayPal,5.0
ORD-003755,CUST-00057,2025-11-07 21:01:00,France,Electronics,3,828.76,0.0,Credit Card,1.0
ORD-000637,CUST-00354,2024-04-26 23:38:00,Netherlands,Books,1,52.11,0.0,Credit Card,5.0
ORD-001270,CUST-00074,2024-07-18 18:28:00,France,Books,1,78.38,0.0,PayPal,5.0
ORD-000186,CUST-00670,2025-01-10 02:15:00,France,Clothing,4,136.68,0.15,PayPal,2.0
ORD-003843,CUST-00840,2024-11-02 22:55:00,Italy,Clothing,2,50.08,0.3,Apple Pay,4.0
ORD-003201,CUST-01383,2024-06-02 10:45:00,Belgium,Books,2,33.22,0.0,Bank Transfer,1.0
ORD-003476,CUST-00324,2024-11-07 06:14:00,Spain,Electronics,1,1200.0,0.15,Bank Transfer,5.0
ORD-001798,CUST-00279,2025-12-13 16:26:00,France,Clothing,3,163.81,0.0,PayPal,
ORD-002980,CUST-00714,2025-03-12 19:34:00,Italy,Electronics,1,595.91,0.15,PayPal,
ORD-001442,CUST-00770,2025-10-31 09:27:00,France,Sports,3,201.9,0.0,Credit Card,5.0
ORD-004482,CUST-00446,2024-08-27 01:20:00,Spain,Electronics,2,225.46,0.0,Credit Card,3.0
ORD-004890,CUST-00723,2025-06-03 00:50:00,Germany,Electronics,1,751.61,0.05,Credit Card,
ORD-001536,CUST-00047,2024-02-03 07:27:00,France,Electronics,1,324.37,0.0,Apple Pay,5.0
ORD-003465,CUST-00540,2024-08-14 07:40:00,Spain,Books,2,29.46,0.0,Bank Transfer,4.0
ORD-001274,CUST-01013,2024-04-29 11:22:00,France,Home,1,339.1,0.0,Credit Card,5.0
ORD-002468,CUST-01020,2025-01-04 10:29:00,France,Clothing,1,176.99,0.2,Credit Card,4.0
ORD-000608,CUST-00772,2025-04-26 23:08:00,Netherlands,Home,1,500.0,0.0,Apple Pay,5.0
ORD-003409,CUST-00989,2024-03-13 16:22:00,France,Electronics,3,627.82,0.0,Bank Transfer,5.0
ORD-001713,CUST-01320,2024-10-09 06:14:00,France,Clothing,2,71.14,0.3,Apple Pay,3.0
ORD-002200,CUST-00252,2025-04-27 13:23:00,Italy,Sports,4,400.0,0.05,PayPal,3.0
ORD-000956,CUST-00917,2025-01-07 16:02:00,Netherlands,Sports,5,189.59,0.15,Credit Card,5.0
ORD-002580,CUST-00852,2025-02-08 02:42:00,Germany,Clothing,4,84.28,0.05,PayPal,5.0
ORD-003922,CUST-00923,2025-02-18 06:06:00,Germany,Electronics,4,375.45,0.1,Credit Card,2.0
ORD-004440,CUST-00473,2024-06-17 05:24:00,Italy,Electronics,1,1198.05,0.1,Bank Transfer,5.0
ORD-003607,CUST-00492,2024-04-26 08:56:00,France,Books,2,32.35,0.15,Apple Pay,5.0
ORD-004490,CUST-00579,2025-10-26 18:06:00,France,Sports,1,90.17,0.1,PayPal,5.0
ORD-000404,CUST-01458,2025-04-13 01:40:00,Spain,Home,1,132.86,0.05,Bank Transfer,3.0
ORD-002072,CUST-00971,2024-02-12 11:35:00,France,Electronics,1,846.03,0.1,Credit Card,4.0
ORD-004771,CUST-00444,2024-11-16 19:04:00,France,Electronics,6,408.51,0.15,Credit Card,3.0
ORD-001978,CUST-00514,2025-08-14 03:47:00,Germany,Books,1,64.91,0.05,PayPal,4.0
ORD-000159,CUST-00758,2024-02-11 12:15:00,France,Home,1,141.49,0.2,PayPal,5.0
ORD-001749,CUST-01208,2024-03-18 10:15:00,France,Home,3,275.22,0.0,Credit Card,5.0
ORD-002910,CUST-00522,2024-08-25 11:31:00,France,Sports,2,324.35,0.15,PayPal,2.0
ORD-004981,CUST-01352,2025-09-27 17:40:00,France,Electronics,1,253.7,0.0,PayPal,3.0
ORD-000903,CUST-00329,2025-09-10 09:26:00,Germany,Books,1,69.56,0.1,Credit Card,5.0
ORD-000353,CUST-00449,2024-01-04 14:38:00,Spain,Sports,1,212.48,0.1,PayPal,5.0
ORD-001231,CUST-01233,2024-09-08 22:59:00,France,Electronics,1,619.43,0.2,Credit Card,3.0
ORD-004686,CUST-01092,2024-03-01 12:48:00,Netherlands,Electronics,2,767.96,0.15,Bank Transfer,3.0
ORD-002141,CUST-01052,2025-01-31 18:53:00,Germany,Sports,2,310.67,0.2,Credit Card,5.0
ORD-000445,CUST-00763,2024-06-18 02:03:00,Germany,Sports,1,366.34,0.05,PayPal,3.0
ORD-004964,CUST-00353,2024-08-13 04:02:00,Netherlands,Sports,2,167.45,0.1,Credit Card,4.0
ORD-000755,CUST-00833,2025-07-04 23:31:00,Spain,Clothing,3,167.47,0.0,PayPal,5.0
ORD-001738,CUST-00150,2024-11-25 20:09:00,Italy,Sports,1,250.42,0.05,Apple Pay,
ORD-002972,CUST-00077,2024-07-29 23:33:00,Germany,Home,2,288.8,0.1,Credit Card,1.0
ORD-004995,CUST-00964,2024-12-24 08:37:00,Italy,Sports,1,283.14,0.1,Credit Card,5.0
ORD-002921,CUST-00489,2025-12-08 01:52:00,Spain,Electronics,6,708.14,0.1,PayPal,5.0
ORD-000312,CUST-01009,2024-08-22 20:17:00,Germany,Sports,1,256.1,0.1,PayPal,4.0
ORD-000549,CUST-00774,2025-08-05 16:08:00,Spain,Books,3,45.11,0.2,Credit Card,5.0
ORD-004077,CUST-01470,2025-03-29 02:57:00,France,Clothing,3,250.0,0.0,PayPal,5.0
ORD-004777,CUST-00504,2025-01-21 01:51:00,Italy,Clothing,1,78.0,0.0,Credit Card,4.0
ORD-001990,CUST-01386,2024-09-24 00:53:00,Spain,Books,1,33.85,0.0,PayPal,5.0
ORD-000307,CUST-00454,2025-05-12 21:08:00,Germany,Clothing,1,250.0,0.1,Credit Card,4.0
ORD-002336,CUST-00809,2025-02-20 13:09:00,Germany,Books,2,35.2,0.1,Credit Card,5.0
ORD-000695,CUST-00136,2025-06-19 13:32:00,Italy,Sports,3,210.76,0.0,PayPal,4.0
ORD-002357,CUST-00618,2025-10-30 23:22:00,Netherlands,Home,3,173.2,0.1,PayPal,1.0
ORD-001928,CUST-00189,2025-02-14 10:23:00,Italy,Clothing,1,94.52,0.05,PayPal,3.0
ORD-000685,CUST-00255,2025-05-11 02:55:00,Spain,Electronics,1,1200.0,0.05,PayPal,5.0
ORD-000750,CUST-00237,2025-09-02 09:40:00,France,Clothing,4,146.44,0.0,Credit Card,4.0
ORD-004578,CUST-00300,2024-07-10 09:42:00,France,Home,1,176.23,0.0,Apple Pay,5.0
ORD-001267,CUST-00083,2025-09-11 18:40:00,Spain,Home,4,500.0,0.1,Bank Transfer,4.0
ORD-003900,CUST-01388,2024-01-17 00:03:00,Spain,Home,1,246.14,0.1,Bank Transfer,1.0
ORD-003552,CUST-00784,2025-07-31 10:08:00,Italy,Clothing,5,48.53,0.1,Credit Card,1.0
ORD-004438,CUST-01422,2025-10-30 17:27:00,Spain,Home,1,293.41,0.3,Bank Transfer,5.0
ORD-004009,CUST-00285,2025-07-23 12:17:00,Netherlands,Electronics,1,241.2,0.15,Credit Card,5.0
ORD-003084,CUST-00362,2024-07-31 23:59:00,Spain,Home,1,270.85,0.0,Credit Card,5.0
ORD-003062,CUST-00463,2025-02-23 12:50:00,Netherlands,Electronics,2,797.46,0.0,PayPal,4.0
ORD-003026,CUST-00941,2025-06-23 06:53:00,France,Sports,1,400.0,0.0,PayPal,4.0
ORD-000971,CUST-00449,2024-02-03 14:12:00,Spain,Clothing,6,176.04,0.2,Credit Card,1.0
ORD-000014,CUST-01142,2024-06-06 08:09:00,France,Books,2,43.88,0.05,PayPal,5.0
ORD-000874,CUST-00188,2025-08-06 22:34:00,France,Home,1,296.19,0.1,Apple Pay,4.0
ORD-000809,CUST-00587,2025-12-01 23:34:00,France,Electronics,1,347.01,0.0,PayPal,5.0
ORD-003199,CUST-01469,2024-01-25 01:37:00,France,Books,4,26.66,0.1,Apple Pay,5.0
ORD-000515,CUST-01439,2024-08-16 14:10:00,Belgium,Electronics,5,1200.0,0.1,PayPal,5.0
ORD-004487,CUST-00816,2024-07-12 09:55:00,France,Home,4,440.88,0.1,Bank Transfer,4.0
ORD-000410,CUST-00021,2025-04-24 00:27:00,France,Electronics,2,297.63,0.0,Credit Card,3.0
ORD-003430,CUST-00452,2025-05-30 17:41:00,Netherlands,Home,1,336.79,0.0,Credit Card,
ORD-004357,CUST-01448,2024-08-18 11:05:00,France,Electronics,6,498.71,0.0,PayPal,
ORD-000208,CUST-01454,2024-02-02 04:52:00,,Sports,2,149.1,0.0,Credit Card,5.0
ORD-003245,CUST-01094,2025-11-29 04:50:00,France,Electronics,1,304.09,0.0,Credit Card,2.0
ORD-000459,CUST-01262,2024-04-16 20:08:00,Germany,Clothing,4,131.99,0.1,Credit Card,1.0
ORD-003494,CUST-01116,2024-11-18 13:30:00,Germany,Sports,7,125.72,0.0,Apple Pay,
ORD-002431,CUST-00199,2025-05-18 15:23:00,France,Electronics,2,422.0,0.0,Credit Card,
ORD-003682,CUST-00049,2024-07-11 06:56:00,France,Home,1,244.17,0.1,Apple Pay,5.0
ORD-000111,CUST-00416,2025-02-15 19:23:00,Germany,Electronics,5,686.92,0.0,Credit Card,4.0
ORD-003771,CUST-00637,2024-08-19 23:15:00,Netherlands,Clothing,1,140.35,0.1,Credit Card,4.0
ORD-004069,CUST-01108,2024-05-27 07:21:00,Spain,Sports,1,373.99,0.0,PayPal,5.0
ORD-001884,CUST-01270,2024-04-16 12:08:00,Netherlands,Clothing,4,74.99,0.1,Credit Card,
ORD-001714,CUST-01101,2025-01-02 09:17:00,Germany,Home,2,141.71,0.0,PayPal,
ORD-003983,CUST-01007,2025-08-02 00:09:00,Italy,Electronics,2,773.14,0.05,Credit Card,4.0
ORD-004003,CUST-00053,2025-10-06 14:24:00,Spain,Sports,1,193.12,0.0,PayPal,5.0
ORD-000553,CUST-01243,2025-10-10 12:34:00,Netherlands,Home,2,299.12,0.0,Bank Transfer,4.0
ORD-001440,CUST-01434,2025-02-23 10:09:00,Belgium,Clothing,2,115.78,0.2,Bank Transfer,2.0
ORD-002271,CUST-00481,2024-07-14 21:33:00,Belgium,Electronics,1,595.58,0.0,Credit Card,3.0
ORD-003145,CUST-01146,2025-10-27 16:53:00,Germany,Books,4,23.02,0.05,Credit Card,4.0
ORD-002822,CUST-01246,2025-01-31 18:51:00,France,Electronics,3,1200.0,0.1,Apple Pay,4.0
ORD-004797,CUST-00756,2025-10-22 13:20:00,Germany,Books,1,48.81,0.0,Apple Pay,4.0
ORD-001926,CUST-00198,2024-05-19 09:27:00,France,Sports,1,297.27,0.2,Credit Card,4.0
ORD-000635,CUST-00275,2025-08-17 13:38:00,Spain,Books,1,22.98,0.05,Bank Transfer,3.0
ORD-004821,CUST-00810,2025-05-28 07:11:00,France,Sports,3,300.56,0.0,Bank Transfer,3.0
ORD-000317,CUST-01096,2025-11-14 12:24:00,France,Books,5,80.0,0.0,PayPal,5.0
ORD-004231,CUST-00111,2024-01-14 14:41:00,Netherlands,Books,1,24.03,0.0,PayPal,5.0
ORD-004715,CUST-00043,2024-01-17 15:23:00,Spain,Electronics,3,1018.14,0.1,PayPal,5.0
ORD-001329,CUST-01013,2024-06-03 23:44:00,Belgium,Electronics,2,718.29,0.0,Credit Card,5.0
ORD-000428,CUST-01207,2024-08-09 14:10:00,Italy,Books,5,80.0,0.0,Bank Transfer,5.0
ORD-003439,CUST-01403,2025-12-27 18:10:00,France,Electronics,2,506.02,0.0,PayPal,5.0
ORD-000106,CUST-01181,2025-02-17 12:06:00,France,Home,2,376.36,0.2,Bank Transfer,
ORD-003042,CUST-00437,2024-01-10 01:16:00,Germany,Sports,2,164.69,0.05,Credit Card,5.0
ORD-000143,CUST-00415,2025-08-27 03:01:00,France,Electronics,2,692.92,0.0,PayPal,4.0
ORD-002170,CUST-01468,2025-07-04 04:05:00,Spain,Electronics,2,435.77,0.05,Credit Card,5.0
ORD-003351,CUST-00239,2024-04-01 05:34:00,Italy,Clothing,3,109.26,0.1,Apple Pay,5.0
ORD-000090,CUST-01249,2025-04-05 16:31:00,Germany,Home,1,267.0,0.0,PayPal,5.0
ORD-002919,CUST-01275,2025-10-18 07:43:00,France,Home,1,159.36,0.15,Apple Pay,4.0
ORD-003238,CUST-01492,2024-10-07 19:42:00,Spain,Home,3,313.11,0.15,Apple Pay,4.0
ORD-002242,CUST-00996,2024-01-23 06:38:00,France,Home,3,181.23,0.15,PayPal,3.0
ORD-003175,CUST-01492,2024-12-23 19:55:00,France,Clothing,3,165.13,0.1,Bank Transfer,3.0
ORD-003434,CUST-00506,2025-05-26 16:49:00,Spain,Home,2,287.47,0.0,Credit Card,4.0
ORD-002164,CUST-01370,2025-05-12 12:04:00,Italy,Electronics,3,338.07,0.05,Credit Card,1.0
ORD-002637,CUST-00504,2024-07-12 16:59:00,France,Electronics,1,488.62,0.0,Credit Card,5.0
ORD-001950,CUST-00483,2024-01-05 22:55:00,Germany,Electronics,4,652.74,0.0,PayPal,3.0
ORD-001769,CUST-00102,2025-12-19 11:39:00,France,Clothing,7,196.53,0.0,PayPal,
ORD-004863,CUST-01338,2025-09-12 01:32:00,France,Sports,4,305.06,0.0,Credit Card,5.0
ORD-002273,CUST-00446,2025-02-28 07:46:00,France,Clothing,1,176.35,0.0,PayPal,4.0
ORD-000002,CUST-01161,2025-05-14 18:57:00,Italy,Electronics,8,448.33,0.0,Credit Card,3.0
ORD-003304,CUST-00412,2025-11-29 06:32:00,Belgium,Home,1,500.0,0.0,Credit Card,3.0
ORD-004973,CUST-01255,2024-02-19 10:07:00,Germany,Sports,5,334.65,0.05,Credit Card,4.0
ORD-001952,CUST-00913,2025-11-25 07:49:00,Germany,Books,1,80.0,0.0,Credit Card,4.0
ORD-000936,CUST-01411,2025-05-30 05:31:00,France,Electronics,3,980.91,0.15,Credit Card,5.0
ORD-004311,CUST-00780,2024-04-21 04:56:00,France,Electronics,3,1200.0,0.1,Credit Card,5.0
ORD-002721,CUST-00940,2024-09-14 19:56:00,France,Books,2,73.31,0.0,Credit Card,2.0
ORD-003509,CUST-00088,2025-07-01 06:40:00,France,Clothing,2,101.67,0.05,PayPal,2.0
ORD-001110,CUST-00067,2024-10-16 03:38:00,Germany,Sports,1,160.85,0.0,Bank Transfer,5.0
ORD-003612,CUST-01024,2025-10-08 12:03:00,Germany,Home,1,500.0,0.0,PayPal,4.0
ORD-000592,CUST-01354,2025-02-05 22:56:00,Italy,Electronics,2,1016.05,0.0,Credit Card,4.0
ORD-001696,CUST-01024,2024-08-19 13:23:00,Belgium,Clothing,3,148.51,0.0,Bank Transfer,4.0
ORD-003472,CUST-01120,2024-05-12 15:27:00,Italy,,1,59.48,0.0,Credit Card,5.0
ORD-002937,CUST-01152,2024-02-22 11:38:00,France,Electronics,1,966.21,0.15,Credit Card,5.0
ORD-004218,CUST-00513,2025-10-02 01:43:00,Spain,Home,2,347.82,0.0,Credit Card,5.0
ORD-004770,CUST-00071,2025-05-07 00:51:00,France,Electronics,1,1200.0,0.15,Bank Transfer,5.0
ORD-001577,CUST-00823,2025-09-20 15:54:00,France,Electronics,2,1200.0,0.05,Bank Transfer,5.0
ORD-003979,CUST-00814,2024-02-04 12:41:00,Netherlands,Electronics,1,447.93,0.0,Credit Card,1.0
ORD-000214,CUST-00675,2025-11-05 18:17:00,Spain,Home,5,347.59,0.0,Credit Card,3.0
ORD-000779,CUST-00407,2024-09-01 03:58:00,Italy,Home,1,391.16,0.1,Credit Card,5.0
ORD-001416,CUST-01176,2025-04-11 22:53:00,Italy,Home,2,433.8,0.05,PayPal,5.0
ORD-003784,CUST-01140,2024-02-25 23:53:00,France,Electronics,8,352.43,0.05,Credit Card,4.0
ORD-002044,CUST-01125,2025-11-12 18:14:00,France,Electronics,1,407.14,0.0,Credit Card,4.0
ORD-002849,CUST-00420,2025-10-14 11:54:00,France,Electronics,4,346.69,0.0,PayPal,2.0
ORD-004946,CUST-01085,2024-10-28 08:06:00,Germany,Home,1,500.0,0.3,Credit Card,2.0
ORD-003528,CUST-00136,2025-06-05 00:30:00,France,Clothing,2,168.76,0.0,Credit Card,2.0
ORD-003838,CUST-00900,2024-05-26 12:46:00,Germany,Home,4,143.26,0.05,Credit Card,3.0
ORD-001568,CUST-00906,2024-05-27 08:43:00,Italy,Home,3,271.11,0.0,PayPal,4.0
ORD-000166,CUST-01222,2024-05-16 18:29:00,Netherlands,Electronics,4,246.29,0.3,Credit Card,5.0
ORD-004730,CUST-00998,2025-04-10 22:29:00,Germany,Books,2,54.27,0.0,Bank Transfer,2.0
ORD-003608,CUST-01041,2025-12-20 03:08:00,Netherlands,Books,1,26.64,0.1,Apple Pay,3.0
ORD-004942,CUST-00670,2025-04-08 22:53:00,Belgium,Home,2,96.26,0.0,Credit Card,5.0
ORD-001344,CUST-00863,2024-03-24 05:18:00,France,Electronics,2,1004.49,0.05,PayPal,3.0
ORD-002014,CUST-01383,2025-02-20 15:26:00,France,Home,1,500.0,0.0,Apple Pay,1.0
ORD-000274,CUST-01438,2025-02-19 14:42:00,Germany,Home,1,500.0,0.1,Credit Card,5.0
ORD-000072,CUST-00285,2025-03-24 19:13:00,Belgium,Sports,8,185.2,0.1,Credit Card,5.0
ORD-003912,CUST-01457,2024-03-28 07:45:00,France,Clothing,7,82.37,0.0,PayPal,5.0
ORD-001088,CUST-01486,2025-06-18 18:37:00,Spain,Electronics,1,1200.0,0.1,PayPal,4.0
ORD-000395,CUST-01080,2024-05-04 21:10:00,Spain,Electronics,6,654.64,0.1,Credit Card,4.0
ORD-000584,CUST-00078,2025-01-05 17:25:00,Germany,Electronics,1,517.23,0.0,Credit Card,4.0
ORD-001368,CUST-00680,2024-02-21 11:40:00,Italy,Home,1,407.09,0.05,Credit Card,5.0
ORD-002654,CUST-00560,2024-09-11 16:45:00,Spain,Books,2,55.26,0.0,Bank Transfer,5.0
ORD-004658,CUST-00861,2024-07-03 23:38:00,France,Electronics,4,1200.0,0.2,PayPal,1.0
ORD-002549,CUST-00706,2025-06-22 20:16:00,France,Home,5,500.0,0.2,Credit Card,4.0
ORD-001014,CUST-00472,2025-06-11 21:13:00,France,Electronics,1,145.9,0.15,Credit Card,4.0
ORD-004913,CUST-00038,2024-08-29 03:05:00,Spain,Electronics,2,359.25,0.0,Credit Card,3.0
ORD-003004,CUST-01441,2025-10-12 17:27:00,Germany,Clothing,1,53.91,0.0,PayPal,4.0
ORD-004804,CUST-01189,2024-08-12 07:07:00,France,Home,2,108.83,0.05,Credit Card,4.0
ORD-004025,CUST-00683,2025-08-17 02:14:00,Spain,,2,41.23,0.0,Bank Transfer,
ORD-003555,CUST-00622,2024-11-22 16:21:00,Netherlands,Books,3,80.0,0.2,Bank Transfer,4.0
ORD-001764,CUST-00903,2024-08-30 07:50:00,France,Electronics,1,323.81,0.0,Credit Card,5.0
ORD-001876,CUST-00181,2024-09-10 06:38:00,Germany,Electronics,5,817.96,0.1,PayPal,2.0
ORD-001260,CUST-01204,2025-06-10 03:34:00,France,Books,1,39.16,0.1,Credit Card,5.0
ORD-004545,CUST-00670,2024-11-03 21:48:00,France,Electronics,2,257.52,0.15,Credit Card,4.0
ORD-002254,CUST-00752,2024-07-24 04:18:00,France,Electronics,4,538.35,0.15,Credit Card,4.0
ORD-002782,CUST-01404,2024-08-22 15:30:00,Italy,Sports,1,142.59,0.1,PayPal,4.0
ORD-003617,CUST-00078,2024-02-26 20:04:00,France,Electronics,1,978.38,0.0,Apple Pay,5.0
ORD-000527,CUST-01386,2024-04-06 10:27:00,Netherlands,Clothing,4,96.78,0.0,Bank Transfer,
ORD-003443,CUST-00684,2025-05-23 22:28:00,Germany,Electronics,7,595.23,0.0,Bank Transfer,5.0
ORD-002947,CUST-00884,2025-05-28 14:36:00,France,Clothing,2,97.29,0.1,Apple Pay,5.0
ORD-000378,CUST-01121,2024-11-22 21:24:00,France,Electronics,4,1200.0,0.1,Credit Card,2.0
ORD-001560,CUST-01284,2024-03-30 19:09:00,Spain,Electronics,3,782.8,0.0,Credit Card,4.0
ORD-003845,CUST-01382,2025-03-21 22:58:00,Italy,Clothing,1,250.0,0.0,Credit Card,5.0
ORD-001964,CUST-01228,2025-12-03 11:16:00,France,Sports,1,121.21,0.05,Bank Transfer,5.0
ORD-004748,CUST-00377,2024-05-02 17:43:00,Germany,Clothing,2,171.46,0.1,Credit Card,5.0
ORD-000349,CUST-00272,2025-03-09 11:06:00,Germany,Clothing,1,83.45,0.3,Credit Card,1.0
ORD-002435,CUST-00676,2024-07-30 17:11:00,Italy,Clothing,2,115.81,0.0,Credit Card,5.0
ORD-002247,CUST-00864,2024-06-06 04:36:00,Germany,Electronics,1,953.79,0.2,Credit Card,3.0
ORD-004180,CUST-00700,2025-02-17 14:04:00,France,Electronics,3,829.02,0.1,PayPal,4.0
ORD-001710,CUST-00319,2024-04-15 05:55:00,Spain,Home,4,81.07,0.2,PayPal,3.0
ORD-001051,CUST-00763,2025-08-18 09:26:00,France,Books,2,17.9,0.0,Bank Transfer,5.0
ORD-000591,CUST-01202,2025-02-14 16:57:00,France,Home,2,275.68,0.1,PayPal,3.0
ORD-000520,CUST-00892,2024-08-24 22:06:00,Netherlands,Books,3,27.15,0.2,Bank Transfer,5.0
ORD-004508,CUST-00882,2025-12-20 10:06:00,France,Home,1,84.48,0.0,Credit Card,5.0
ORD-004443,CUST-01025,2025-12-25 13:23:00,France,Clothing,1,53.04,0.0,Bank Transfer,5.0
ORD-002478,CUST-00265,2024-04-23 15:32:00,Spain,Home,2,190.43,0.0,Credit Card,5.0
ORD-001084,CUST-00834,2025-12-29 14:09:00,Italy,Sports,5,400.0,0.05,PayPal,2.0
ORD-003613,CUST-00915,2025-08-19 22:18:00,Spain,Clothing,5,93.01,0.0,PayPal,5.0
ORD-004794,CUST-00387,2024-04-21 01:26:00,Belgium,Electronics,4,877.74,0.0,PayPal,5.0
ORD-004524,CUST-01481,2024-12-22 04:06:00,Italy,Clothing,6,131.68,0.05,PayPal,4.0
ORD-001295,CUST-01428,2024-07-20 07:09:00,Germany,Clothing,3,238.66,0.1,PayPal,4.0
ORD-001810,CUST-01439,2025-10-27 07:24:00,Belgium,Clothing,1,165.7,0.0,PayPal,5.0
ORD-000792,CUST-00682,2024-09-11 08:57:00,Italy,Sports,2,225.32,0.15,Credit Card,5.0
ORD-000793,CUST-01084,2025-03-18 14:21:00,Germany,Sports,5,170.09,0.1,Credit Card,4.0
ORD-004128,CUST-00137,2025-01-04 13:19:00,Spain,Clothing,1,201.56,0.2,Credit Card,3.0
ORD-001856,CUST-01278,2025-12-21 04:22:00,France,Clothing,4,150.08,0.0,Credit Card,5.0
ORD-004773,CUST-00266,2025-06-01 22:32:00,Germany,Home,1,432.82,0.0,PayPal,4.0
ORD-001981,CUST-00987,2024-09-28 15:38:00,Germany,Books,2,69.35,0.0,Credit Card,4.0
ORD-003234,CUST-00007,2024-04-05 01:02:00,Spain,Books,2,35.11,0.05,Credit Card,
ORD-003933,CUST-01055,2025-09-29 23:53:00,Spain,Home,3,95.63,0.0,Apple Pay,4.0
ORD-003407,CUST-00534,2025-07-26 21:25:00,France,Clothing,3,171.4,0.1,Bank Transfer,4.0
ORD-003329,CUST-00590,2024-07-14 18:05:00,France,Clothing,1,114.12,0.15,Credit Card,2.0
ORD-001531,CUST-00135,2024-06-19 04:59:00,Spain,Home,8,265.18,0.0,PayPal,5.0
ORD-001411,CUST-00091,2025-02-07 06:34:00,France,Electronics,7,566.31,0.05,Credit Card,3.0
ORD-004309,CUST-01205,2024-07-17 16:28:00,Germany,Home,5,238.88,0.1,Credit Card,2.0
ORD-004664,CUST-00566,2024-03-01 03:09:00,Germany,Clothing,1,250.0,0.1,Bank Transfer,5.0
ORD-000084,CUST-01250,2025-02-21 03:25:00,Netherlands,Books,1,50.86,0.0,Credit Card,4.0
ORD-000869,CUST-00670,2024-02-26 07:30:00,Spain,Clothing,1,106.43,0.1,Credit Card,4.0
ORD-002351,CUST-00809,2024-03-18 20:47:00,Belgium,Clothing,1,60.21,0.0,PayPal,5.0
ORD-000021,CUST-00751,2025-01-28 14:36:00,France,Sports,5,243.84,0.0,Credit Card,5.0
ORD-004358,CUST-00386,2024-07-30 13:54:00,Netherlands,Electronics,2,722.18,0.0,PayPal,
ORD-002796,CUST-01374,2025-10-14 21:49:00,Spain,Home,1,391.11,0.0,Credit Card,3.0
ORD-004587,CUST-00322,2024-04-04 04:51:00,Italy,,1,467.5,0.0,PayPal,2.0
ORD-001563,CUST-00373,2025-05-19 10:16:00,Germany,Electronics,1,514.17,0.0,Credit Card,2.0
ORD-003094,CUST-00362,2024-04-24 14:25:00,Italy,Clothing,2,114.25,0.05,Credit Card,3.0
ORD-003156,CUST-01272,2024-05-23 15:22:00,Italy,Clothing,5,83.95,0.0,PayPal,5.0
ORD-000974,CUST-00712,2024-10-16 08:18:00,Germany,Clothing,2,126.63,0.3,Credit Card,4.0
ORD-001711,CUST-00514,2024-07-26 12:58:00,Spain,Electronics,185,1182.79,0.15,PayPal,5.0
ORD-003202,CUST-01370,2025-04-27 02:52:00,France,Clothing,3,61.31,0.1,Bank Transfer,5.0
ORD-004006,CUST-01430,2024-06-24 05:56:00,Belgium,Books,1,54.88,0.2,PayPal,4.0
ORD-004835,CUST-01466,2025-10-31 21:23:00,Belgium,Books,1,64.97,0.1,Credit Card,4.0
ORD-001099,CUST-00062,2024-03-13 16:47:00,France,,5,52.07,0.1,Credit Card,2.0
ORD-004175,CUST-00601,2024-01-11 02:48:00,France,Sports,1,218.85,0.1,Credit Card,5.0
ORD-002845,CUST-00685,2024-01-18 19:21:00,France,Books,3,45.65,0.15,PayPal,1.0
ORD-000887,CUST-00080,2025-04-09 14:36:00,Germany,Sports,2,158.8,0.0,PayPal,5.0
ORD-004947,CUST-00555,2025-07-29 21:29:00,France,Home,1,180.87,0.0,Credit Card,5.0
ORD-003703,CUST-00375,2025-07-04 16:46:00,France,Sports,2,67.29,0.15,Credit Card,3.0
ORD-004595,CUST-00926,2024-10-29 20:15:00,France,Home,4,304.73,0.15,Credit Card,5.0
ORD-003590,CUST-01365,2025-06-01 02:03:00,Germany,Electronics,2,498.01,0.1,Credit Card,5.0
ORD-004416,CUST-00664,2025-09-29 23:20:00,Spain,Home,2,377.74,0.0,Bank Transfer,4.0
ORD-000516,CUST-00158,2025-04-14 16:42:00,France,Clothing,1,139.42,0.2,Credit Card,5.0
ORD-004636,CUST-01147,2025-08-08 11:40:00,Spain,Books,1,35.2,0.0,Bank Transfer,
ORD-000738,CUST-00501,2024-01-03 12:08:00,Germany,Sports,2,273.45,0.1,Apple Pay,2.0
ORD-001454,CUST-00370,2025-10-01 17:56:00,France,Clothing,2,92.95,0.15,Credit Card,4.0
ORD-003996,CUST-00503,2024-10-22 00:53:00,France,Sports,1,400.0,0.1,Credit Card,4.0
ORD-004716,CUST-00751,2024-11-01 06:43:00,France,Clothing,2,53.79,0.0,Bank Transfer,5.0
ORD-002507,CUST-00690,2025-06-05 05:05:00,Italy,Home,2,142.25,0.05,Credit Card,3.0
ORD-002995,CUST-01156,2024-02-22 06:45:00,Italy,Electronics,4,465.22,0.0,Credit Card,5.0
ORD-002127,CUST-00462,2024-03-17 21:15:00,France,Clothing,1,163.98,0.2,PayPal,3.0
ORD-002927,CUST-00925,2024-11-17 15:16:00,Spain,Clothing,1,198.26,0.1,Credit Card,5.0
ORD-004761,CUST-01451,2025-08-28 17:10:00,Germany,Books,1,77.17,0.0,PayPal,3.0
ORD-000907,CUST-00618,2024-11-13 01:00:00,Spain,Home,4,179.12,0.05,Credit Card,
ORD-003672,CUST-00143,2025-02-02 05:48:00,Netherlands,Home,1,120.1,0.0,Bank Transfer,5.0
ORD-001031,CUST-00732,2025-01-17 06:39:00,Germany,Sports,8,146.84,0.3,PayPal,5.0
ORD-002508,CUST-00930,2025-10-08 10:08:00,Germany,Electronics,4,356.23,0.3,PayPal,4.0
ORD-002429,CUST-01132,2025-07-25 02:27:00,Netherlands,Home,3,433.91,0.0,Credit Card,5.0
ORD-000948,CUST-00202,2024-06-08 20:52:00,Italy,Clothing,4,91.4,0.2,Bank Transfer,2.0
ORD-003831,CUST-01347,2024-09-19 04:29:00,France,Sports,1,343.83,0.05,Credit Card,4.0
ORD-004092,CUST-00064,2024-07-09 17:23:00,Spain,Home,5,228.13,0.1,Credit Card,5.0
ORD-000716,CUST-01199,2024-08-12 21:26:00,France,Clothing,1,106.8,0.1,PayPal,3.0
ORD-004564,CUST-00283,2025-04-05 00:34:00,Italy,Clothing,4,250.0,0.0,Apple Pay,4.0
ORD-000687,CUST-00611,2025-12-08 11:29:00,Belgium,Sports,6,79.96,0.15,Credit Card,5.0
ORD-000704,CUST-00257,2024-08-01 00:47:00,Spain,Books,3,35.37,0.1,Credit Card,4.0
ORD-003342,CUST-00459,2025-02-02 07:03:00,France,Books,1,20.52,0.1,PayPal,4.0
ORD-002354,CUST-00698,2024-05-07 10:22:00,Spain,Electronics,5,751.01,0.0,Credit Card,5.0
ORD-002258,CUST-00980,2024-01-31 09:15:00,France,Clothing,1,105.67,0.0,PayPal,3.0
ORD-003574,CUST-00496,2025-06-25 18:36:00,Spain,Home,3,144.25,0.05,Credit Card,5.0
ORD-000474,CUST-00702,2024-03-10 15:21:00,Belgium,Sports,5,183.29,0.2,Bank Transfer,5.0
ORD-000022,CUST-00557,2025-04-12 12:41:00,France,,5,400.0,0.0,Bank Transfer,4.0
ORD-002753,CUST-00874,2024-09-27 04:22:00,Spain,Sports,1,348.59,0.05,PayPal,1.0
ORD-000886,CUST-01102,2024-08-27 19:56:00,France,Home,1,352.98,0.1,Bank Transfer,
ORD-002449,CUST-01168,2025-02-14 09:47:00,Italy,Home,1,500.0,0.15,Bank Transfer,3.0
ORD-000918,CUST-01177,2024-10-28 04:00:00,Spain,Electronics,1,390.64,0.05,Credit Card,4.0
ORD-003782,CUST-00342,2025-05-19 05:35:00,Netherlands,,1,262.87,0.0,Credit Card,2.0
ORD-004442,CUST-00533,2025-09-24 00:40:00,Spain,Electronics,1,503.21,0.1,Credit Card,4.0
ORD-002240,CUST-01328,2025-02-09 22:15:00,Italy,Electronics,1,417.69,0.1,Credit Card,5.0
ORD-003869,CUST-00333,2025-11-17 05:34:00,France,Electronics,1,884.16,0.15,PayPal,5.0
ORD-003396,CUST-01193,2025-08-23 00:48:00,Belgium,Books,2,27.13,0.0,Bank Transfer,5.0
ORD-001266,CUST-00056,2025-07-07 08:09:00,France,Clothing,2,81.71,0.0,Apple Pay,
ORD-000484,CUST-01196,2024-04-11 18:48:00,Spain,Electronics,2,1131.91,0.1,Credit Card,5.0
ORD-004352,CUST-00849,2025-07-10 00:49:00,Italy,Electronics,2,618.58,0.05,PayPal,4.0
ORD-002964,CUST-00101,2024-10-06 18:46:00,Italy,Sports,1,400.0,0.0,Bank Transfer,4.0
ORD-001220,CUST-00661,2025-09-06 05:55:00,Italy,Home,2,482.47,0.15,Bank Transfer,4.0
ORD-000278,CUST-01175,2024-04-23 19:14:00,Germany,Books,1,67.53,0.0,Credit Card,5.0
ORD-000989,CUST-00370,2024-02-08 13:12:00,France,Electronics,2,612.73,0.0,Credit Card,4.0
ORD-002085,CUST-00197,2024-09-07 17:37:00,Belgium,Sports,2,384.75,0.0,Credit Card,
ORD-001246,CUST-01479,2025-03-06 10:08:00,Germany,Clothing,4,64.35,0.0,PayPal,4.0
ORD-002383,CUST-01377,2024-01-21 04:06:00,Italy,Sports,2,79.64,0.0,PayPal,2.0
ORD-000572,CUST-00625,2025-02-13 22:28:00,Germany,Sports,1,181.74,0.0,PayPal,4.0
ORD-001436,CUST-00153,2024-04-02 16:07:00,Germany,Books,4,80.0,0.0,PayPal,2.0
ORD-000994,CUST-00648,2025-12-29 21:58:00,France,Home,4,320.0,0.05,Credit Card,5.0
ORD-003474,CUST-01329,2025-05-01 00:26:00,France,Home,6,261.51,0.15,Credit Card,1.0
ORD-003956,CUST-01414,2025-10-06 10:38:00,Spain,Books,1,30.64,0.0,Credit Card,4.0
ORD-000586,CUST-01388,2025-10-31 12:27:00,Spain,Home,1,438.86,0.2,Credit Card,
ORD-003683,CUST-00324,2024-03-14 09:26:00,France,Electronics,2,337.34,0.1,Apple Pay,4.0
ORD-002515,CUST-00156,2024-02-19 05:36:00,Germany,Home,2,449.14,0.1,Credit Card,5.0
ORD-001350,CUST-00893,2025-09-13 09:44:00,Netherlands,Clothing,1,250.0,0.1,Credit Card,4.0
ORD-001008,CUST-00756,2024-07-11 23:10:00,Spain,Electronics,6,666.06,0.3,Credit Card,4.0
ORD-000675,CUST-00933,2025-03-16 16:07:00,Netherlands,Electronics,2,589.25,0.2,PayPal,1.0
ORD-002413,CUST-01397,2025-01-24 20:27:00,Belgium,Electronics,4,404.23,0.0,Credit Card,4.0
ORD-002904,CUST-00927,2024-04-11 00:20:00,Netherlands,Electronics,4,911.34,0.0,Credit Card,1.0
ORD-000448,CUST-01434,2025-12-22 15:40:00,France,Clothing,1,99.45,0.05,PayPal,
ORD-003495,CUST-01393,2025-07-26 10:35:00,Spain,Clothing,1,126.44,0.1,Credit Card,5.0
ORD-003783,CUST-00158,2024-05-14 12:11:00,Italy,Electronics,1,800.38,0.05,Credit Card,5.0
ORD-003728,CUST-00791,2024-09-04 17:03:00,Spain,Electronics,1,617.56,0.05,Credit Card,3.0
ORD-000360,CUST-01123,2024-05-14 13:38:00,Italy,Clothing,4,139.44,0.15,Credit Card,4.0
ORD-002065,CUST-00885,2025-05-10 21:02:00,France,Sports,3,87.93,0.0,Credit Card,
ORD-004464,CUST-00984,2024-12-21 05:08:00,France,Electronics,1,315.72,0.1,Credit Card,5.0
ORD-003835,CUST-00212,2024-04-04 03:48:00,Italy,Electronics,2,446.48,0.05,Credit Card,4.0
ORD-001691,CUST-01159,2024-06-21 04:22:00,France,Electronics,1,1062.05,0.0,Bank Transfer,4.0
ORD-004341,CUST-00078,2025-05-20 10:50:00,Spain,Home,6,246.17,0.0,PayPal,3.0
ORD-001549,CUST-00741,2024-12-11 15:22:00,France,Electronics,2,1182.59,0.0,Credit Card,5.0
ORD-001248,CUST-00698,2024-07-26 21:07:00,Germany,Electronics,2,1200.0,0.0,PayPal,2.0
ORD-001986,CUST-01191,2024-11-25 12:34:00,France,Clothing,1,175.79,0.0,Apple Pay,
ORD-000295,CUST-00818,2025-09-01 05:07:00,France,Sports,1,200.07,0.1,Credit Card,3.0
ORD-001548,CUST-01275,2025-06-06 10:16:00,France,Clothing,2,91.73,0.05,Bank Transfer,5.0
ORD-002013,CUST-00230,2024-11-19 03:37:00,Belgium,Sports,3,147.68,0.0,Credit Card,4.0
ORD-000589,CUST-01256,2024-12-18 22:39:00,France,Electronics,1,335.75,0.0,PayPal,3.0
ORD-003330,CUST-01377,2024-03-20 00:53:00,Germany,Clothing,5,110.61,0.0,Bank Transfer,4.0
ORD-002404,CUST-00827,2024-11-10 21:58:00,Germany,Electronics,3,504.57,0.1,Credit Card,3.0
ORD-002130,CUST-00481,2025-09-17 03:44:00,Belgium,Electronics,4,324.03,0.1,Credit Card,4.0
ORD-004403,CUST-00600,2024-07-05 17:34:00,Belgium,Books,1,38.46,0.0,Credit Card,
ORD-002411,CUST-00796,2024-02-23 18:28:00,Spain,Books,2,66.01,0.1,Credit Card,4.0
ORD-002720,CUST-00246,2025-12-09 00:57:00,France,Clothing,2,250.0,0.0,Credit Card,5.0
ORD-004569,CUST-00465,2025-05-20 08:40:00,France,Sports,1,116.46,0.05,Credit Card,4.0
ORD-000426,CUST-00300,2024-02-11 01:46:00,Germany,Clothing,3,80.85,0.1,Apple Pay,
ORD-002583,CUST-00437,2024-08-23 16:50:00,Spain,Clothing,6,83.94,0.0,Credit Card,5.0
ORD-001055,CUST-00115,2024-09-01 06:17:00,France,Clothing,1,250.0,0.0,Bank Transfer,5.0
ORD-003991,CUST-01132,2025-05-22 20:30:00,Italy,Home,3,274.6,0.2,PayPal,4.0
ORD-004577,CUST-00125,2024-01-23 18:02:00,Spain,Books,2,57.67,0.1,PayPal,3.0
ORD-000557,CUST-01105,2024-11-25 08:11:00,Germany,Sports,1,274.38,0.0,PayPal,3.0
ORD-004373,CUST-00341,2024-05-20 00:26:00,Netherlands,Books,2,48.8,0.05,Credit Card,4.0
ORD-004051,CUST-00486,2024-05-29 12:40:00,France,Clothing,1,121.62,0.15,PayPal,
ORD-004728,CUST-01330,2025-06-13 10:05:00,France,Clothing,5,152.08,0.0,Apple Pay,
ORD-002470,CUST-00322,2024-05-15 06:08:00,France,Electronics,2,558.24,0.1,Bank Transfer,5.0
ORD-004726,CUST-00717,2025-01-21 21:46:00,Italy,Home,1,342.87,0.1,Credit Card,3.0
ORD-000356,CUST-01489,2024-07-04 09:13:00,Spain,Clothing,1,250.0,0.1,Credit Card,4.0
ORD-001194,CUST-01055,2025-03-18 04:05:00,Spain,Books,2,27.41,0.05,Credit Card,5.0
ORD-001717,CUST-00969,2025-03-12 23:36:00,France,Home,1,146.61,0.15,Credit Card,4.0
ORD-003417,CUST-00924,2025-12-22 10:20:00,Belgium,Clothing,1,176.96,0.0,Credit Card,4.0
ORD-002605,CUST-01138,2025-04-09 23:06:00,France,Electronics,1,143.75,0.05,Credit Card,4.0
ORD-004669,CUST-01105,2025-03-01 15:13:00,France,Books,2,65.78,0.1,Credit Card,5.0
ORD-002829,CUST-00940,2024-08-11 01:45:00,Italy,Home,2,227.29,0.1,Credit Card,
ORD-001705,CUST-01380,2024-02-11 13:42:00,France,Clothing,1,238.48,0.1,Credit Card,5.0
ORD-002864,CUST-00919,2025-04-06 04:33:00,France,Home,1,441.82,0.0,Credit Card,5.0
ORD-002619,CUST-00985,2024-06-18 09:07:00,France,Sports,1,400.0,0.05,Credit Card,2.0
ORD-002401,CUST-00010,2025-01-26 13:44:00,Spain,Books,2,80.0,0.0,Credit Card,1.0
ORD-002140,CUST-00601,2024-02-12 14:36:00,Italy,Electronics,1,1200.0,0.1,Credit Card,5.0
ORD-003240,CUST-00058,2024-07-20 07:39:00,France,Electronics,3,288.36,0.2,Bank Transfer,4.0
ORD-002384,CUST-00590,2025-08-15 02:31:00,France,Books,3,21.8,0.0,Credit Card,5.0
ORD-003219,CUST-01480,2024-10-08 10:08:00,Spain,Clothing,8,232.27,0.0,PayPal,4.0
ORD-003769,CUST-01212,2025-05-16 13:31:00,France,Home,2,339.45,0.0,Credit Card,3.0
ORD-001286,CUST-00074,2024-04-10 03:14:00,France,Home,1,268.39,0.0,Credit Card,5.0
ORD-003821,CUST-00190,2024-04-19 05:32:00,Netherlands,Clothing,2,109.67,0.1,Credit Card,4.0
ORD-003865,CUST-00948,2025-09-22 16:02:00,France,Books,7,50.92,0.0,PayPal,5.0
ORD-004483,CUST-01254,2024-01-04 16:22:00,Belgium,Sports,1,110.87,0.1,PayPal,4.0
ORD-002088,CUST-00995,2024-11-03 17:10:00,France,Clothing,1,75.34,0.05,Credit Card,5.0
ORD-001890,CUST-00675,2024-04-27 09:21:00,France,Books,5,60.63,0.0,Credit Card,
ORD-003529,CUST-00282,2025-09-16 04:48:00,Spain,Home,3,141.39,0.0,PayPal,5.0
ORD-001592,CUST-00520,2024-03-20 02:41:00,France,Books,2,31.86,0.1,Apple Pay,3.0
ORD-001347,CUST-01284,2025-12-17 05:44:00,Italy,Clothing,3,204.36,0.0,PayPal,5.0
ORD-004446,CUST-00625,2024-04-01 21:09:00,France,Home,2,445.0,0.2,Bank Transfer,1.0
ORD-002163,CUST-00605,2024-08-12 21:21:00,France,Clothing,1,91.33,0.15,Credit Card,5.0
ORD-002397,CUST-01420,2024-05-08 23:43:00,France,Electronics,3,397.64,0.0,PayPal,4.0
ORD-003668,CUST-00272,2025-02-12 00:53:00,Netherlands,Sports,3,127.52,0.15,Credit Card,5.0
ORD-002272,CUST-00478,2025-04-09 03:37:00,France,Clothing,1,212.68,0.15,PayPal,5.0
ORD-004505,CUST-00026,2024-09-18 12:12:00,Spain,Sports,2,106.3,0.2,PayPal,5.0
ORD-003112,CUST-01145,2025-06-08 15:11:00,France,Sports,2,400.0,0.3,Credit Card,1.0
ORD-001138,CUST-00550,2025-07-03 05:11:00,Belgium,Electronics,6,598.89,0.05,Credit Card,4.0
ORD-003920,CUST-00921,2024-10-26 09:25:00,Netherlands,Clothing,2,60.03,0.3,Credit Card,3.0
ORD-000973,CUST-00716,2025-05-03 02:03:00,Belgium,Books,2,31.22,0.05,Credit Card,
ORD-000796,CUST-00444,2024-03-08 18:32:00,Spain,Home,2,335.12,0.0,Credit Card,3.0
ORD-003021,CUST-00525,2025-08-15 00:36:00,Belgium,Sports,4,120.65,0.1,Bank Transfer,4.0
ORD-001712,CUST-00705,2025-03-31 00:21:00,France,Clothing,4,81.07,0.05,Credit Card,4.0
ORD-003388,CUST-01105,2024-07-07 16:50:00,Belgium,Clothing,1,179.69,0.0,Credit Card,4.0
ORD-000037,CUST-01288,2024-08-26 06:32:00,Belgium,Sports,2,322.36,0.1,PayPal,5.0
ORD-000454,CUST-00038,2025-01-05 14:56:00,France,Electronics,2,223.43,0.0,Credit Card,5.0
ORD-000914,CUST-01471,2024-12-07 03:22:00,Spain,Home,4,407.78,0.2,PayPal,5.0
ORD-004103,CUST-00286,2024-10-29 02:12:00,Belgium,Home,2,137.33,0.0,Credit Card,5.0
ORD-001200,CUST-00931,2025-01-24 07:41:00,France,Clothing,3,198.19,0.0,Credit Card,5.0
ORD-001275,CUST-01145,2025-04-17 01:42:00,France,Clothing,2,153.72,0.05,Bank Transfer,
ORD-002376,CUST-01486,2024-04-22 22:24:00,France,Books,3,45.37,0.2,Bank Transfer,4.0
ORD-000038,CUST-01242,2025-05-21 23:01:00,Spain,Electronics,2,638.44,0.05,PayPal,4.0
ORD-000975,CUST-00222,2025-01-21 03:07:00,Spain,Home,8,500.0,0.1,PayPal,4.0
ORD-003196,CUST-00264,2025-08-28 19:08:00,Germany,Clothing,1,136.36,0.0,Credit Card,3.0
ORD-000984,CUST-00972,2024-02-25 15:12:00,France,Electronics,2,213.8,0.1,Bank Transfer,5.0
ORD-003929,CUST-00995,2024-09-23 10:04:00,Italy,Books,4,22.7,0.0,PayPal,4.0
ORD-004094,CUST-00668,2024-01-11 03:17:00,Spain,Books,2,34.21,0.05,Bank Transfer,5.0
ORD-001419,CUST-01292,2025-09-27 07:28:00,Italy,Clothing,2,158.9,0.0,PayPal,5.0
ORD-003333,CUST-00373,2025-01-31 15:28:00,Germany,Clothing,3,79.33,0.0,Credit Card,5.0
ORD-001561,CUST-00437,2024-01-12 21:26:00,Belgium,Books,1,80.0,0.15,PayPal,2.0
ORD-000040,CUST-00948,2024-12-04 20:01:00,Germany,Books,1,36.82,0.1,PayPal,4.0
ORD-001487,CUST-00244,2025-07-19 09:09:00,Netherlands,Home,3,208.61,0.05,Credit Card,5.0
ORD-003908,CUST-01456,2024-05-05 16:54:00,Germany,Electronics,4,929.04,0.0,PayPal,5.0
ORD-000170,CUST-00035,2024-02-29 13:52:00,France,Home,2,413.17,0.0,Credit Card,5.0
ORD-001356,CUST-00746,2025-04-23 20:28:00,France,Clothing,1,82.85,0.1,Credit Card,
ORD-002786,CUST-00177,2025-10-13 15:02:00,France,Electronics,3,304.66,0.1,PayPal,5.0
ORD-003657,CUST-00772,2025-03-16 18:45:00,Netherlands,Books,3,80.0,0.2,PayPal,4.0
ORD-004764,CUST-00357,2025-09-23 18:29:00,France,Sports,4,273.04,0.0,Credit Card,5.0
ORD-004029,CUST-01036,2024-07-29 07:58:00,Italy,Electronics,2,970.59,0.0,PayPal,
ORD-002683,CUST-00585,2025-10-22 05:06:00,France,Clothing,2,77.68,0.2,PayPal,2.0
ORD-004720,CUST-00226,2024-03-28 14:04:00,France,Clothing,1,154.21,0.0,Credit Card,5.0
ORD-004050,CUST-00685,2024-10-19 10:57:00,France,Home,1,294.54,0.1,Credit Card,
ORD-001641,CUST-01083,2024-06-11 03:42:00,Italy,Clothing,4,151.9,0.0,Credit Card,5.0
ORD-001291,CUST-00351,2024-01-05 13:48:00,Belgium,Clothing,5,240.17,0.1,Credit Card,
ORD-001381,CUST-01471,2025-01-01 07:05:00,Spain,Sports,3,211.27,0.1,Credit Card,2.0
ORD-001934,CUST-01430,2024-01-30 12:40:00,Spain,Home,1,357.47,0.0,Credit Card,1.0
ORD-000580,CUST-00153,2024-04-08 08:26:00,France,Clothing,2,114.29,0.15,Credit Card,3.0
ORD-004234,CUST-00397,2025-12-14 06:23:00,France,Sports,3,231.4,0.2,PayPal,3.0
ORD-003161,CUST-00178,2025-11-27 13:06:00,France,Books,1,51.2,0.0,PayPal,4.0
ORD-002031,CUST-00834,2025-02-26 06:03:00,France,Books,4,48.18,0.05,Apple Pay,5.0
ORD-000893,CUST-00784,2025-07-10 19:26:00,Belgium,Clothing,1,127.65,0.1,Credit Card,5.0
ORD-003976,CUST-01040,2025-04-26 08:50:00,Italy,Electronics,1,1200.0,0.0,PayPal,4.0
ORD-000781,CUST-01317,2025-10-07 08:50:00,Germany,Electronics,3,198.98,0.05,Credit Card,4.0
ORD-000160,CUST-01176,2025-05-31 02:34:00,Italy,Electronics,5,727.72,0.2,PayPal,5.0
ORD-000003,CUST-00982,2024-12-29 19:42:00,France,Clothing,1,177.73,0.1,PayPal,5.0
ORD-002264,CUST-00775,2024-01-21 16:46:00,France,Home,4,122.14,0.3,Credit Card,4.0
ORD-003217,CUST-00009,2025-08-20 17:32:00,Netherlands,Home,1,345.97,0.0,Credit Card,4.0
ORD-002110,CUST-00426,2024-04-05 01:12:00,France,Home,4,401.66,0.0,Bank Transfer,4.0
ORD-000850,CUST-00909,2025-08-20 11:47:00,Germany,Sports,1,149.55,0.1,Credit Card,3.0
ORD-002738,CUST-00283,2024-03-18 14:51:00,Netherlands,Home,1,413.24,0.0,Credit Card,4.0
ORD-002467,CUST-00452,2025-12-06 23:03:00,France,Electronics,4,1026.41,0.0,Apple Pay,5.0
ORD-003721,CUST-00959,2025-03-17 05:41:00,Germany,Sports,2,109.9,0.05,Credit Card,3.0
ORD-003675,CUST-00970,2025-02-11 17:05:00,Spain,Sports,2,196.37,0.3,Apple Pay,
ORD-001597,CUST-00989,2025-05-11 16:12:00,Germany,Clothing,3,71.41,0.0,Apple Pay,4.0
ORD-001777,CUST-00499,2025-03-23 15:18:00,France,Home,1,198.49,0.0,Credit Card,5.0
ORD-001914,CUST-01167,2024-08-18 14:08:00,France,Books,5,28.85,0.05,Credit Card,3.0
ORD-001044,CUST-00559,2024-03-27 03:47:00,France,Clothing,1,101.76,0.0,Credit Card,5.0
ORD-004729,CUST-00169,2024-03-17 21:17:00,Netherlands,Electronics,2,562.62,0.1,Credit Card,4.0
ORD-001545,CUST-00347,2024-06-10 05:43:00,Germany,Sports,1,171.04,0.1,Bank Transfer,1.0
ORD-002737,CUST-00862,2025-08-25 17:04:00,France,Electronics,1,290.82,0.1,Credit Card,5.0
ORD-004620,CUST-01348,2025-05-18 08:50:00,France,Books,2,30.13,0.2,Credit Card,4.0
ORD-004633,CUST-00413,2024-07-05 05:22:00,Belgium,Clothing,2,160.74,0.0,Bank Transfer,4.0
ORD-000054,CUST-00701,2025-11-08 09:01:00,Germany,Home,1,122.56,0.0,Credit Card,2.0
ORD-001797,CUST-01464,2024-03-27 21:06:00,Germany,Home,4,130.25,0.0,Credit Card,2.0
ORD-003589,CUST-00976,2024-03-16 07:44:00,Spain,Electronics,1,492.5,0.1,Credit Card,4.0
ORD-001912,CUST-01332,2024-11-08 09:47:00,Belgium,Clothing,3,52.07,0.0,PayPal,3.0
ORD-002307,CUST-00489,2024-08-17 07:51:00,France,Clothing,1,147.98,0.0,Credit Card,3.0
ORD-002554,CUST-00290,2024-07-01 10:26:00,Germany,Clothing,4,147.91,0.1,Credit Card,2.0
ORD-002801,CUST-01190,2025-10-30 05:17:00,Netherlands,Home,1,205.14,0.0,Credit Card,3.0
ORD-000937,CUST-00237,2024-03-17 08:30:00,Italy,Sports,1,204.0,0.2,Apple Pay,4.0
ORD-004141,CUST-01090,2025-03-25 17:28:00,Germany,Books,4,65.0,0.0,Credit Card,4.0
ORD-000825,CUST-00935,2024-06-09 06:28:00,France,Clothing,2,84.94,0.0,Credit Card,4.0
ORD-004749,CUST-01298,2024-10-12 22:53:00,Netherlands,Clothing,2,165.16,0.1,Credit Card,
ORD-003179,CUST-00324,2024-08-27 15:21:00,France,Books,6,37.91,0.1,Apple Pay,4.0
ORD-003402,CUST-01377,2025-12-20 00:30:00,Germany,Clothing,5,55.74,0.1,Credit Card,4.0
ORD-001390,CUST-01364,2025-12-18 16:40:00,France,Clothing,1,250.0,0.0,Credit Card,1.0
ORD-003565,CUST-01173,2024-03-28 12:55:00,Spain,Home,5,325.86,0.0,PayPal,4.0
ORD-004892,CUST-00858,2024-05-04 09:28:00,Germany,Books,3,49.74,0.0,Credit Card,4.0
ORD-000885,CUST-01220,2024-07-28 06:07:00,Belgium,Home,3,120.09,0.1,Credit Card,4.0
ORD-003830,CUST-00226,2024-09-23 00:56:00,France,Clothing,1,220.03,0.05,Bank Transfer,2.0
ORD-001608,CUST-00891,2024-03-29 05:27:00,Germany,Clothing,6,186.65,0.0,Credit Card,3.0
ORD-001595,CUST-01054,2025-12-25 06:28:00,Germany,Home,2,483.2,0.2,Apple Pay,5.0
ORD-000772,CUST-01480,2024-04-25 21:25:00,France,Electronics,1,836.8,0.0,Credit Card,4.0
ORD-002612,CUST-01392,2024-11-24 07:12:00,France,Home,1,208.43,0.2,Bank Transfer,5.0
ORD-003879,CUST-00268,2024-03-09 20:44:00,Italy,Clothing,3,48.28,0.15,Bank Transfer,5.0
ORD-002274,CUST-00692,2024-04-07 17:57:00,France,Home,1,382.09,0.0,Credit Card,5.0
ORD-001869,CUST-00046,2025-07-04 17:31:00,France,Electronics,1,719.49,0.0,Credit Card,5.0
ORD-001086,CUST-01259,2024-12-16 13:47:00,Netherlands,Home,1,238.42,0.1,Credit Card,5.0
ORD-000011,CUST-00790,2024-08-19 20:21:00,Italy,Electronics,2,300.27,0.2,PayPal,5.0
ORD-003636,CUST-00709,2025-10-10 00:03:00,France,Books,4,22.78,0.0,Credit Card,3.0
ORD-001326,CUST-00282,2024-03-22 18:17:00,France,Clothing,4,88.28,0.1,Credit Card,5.0
ORD-003391,CUST-00380,2025-12-05 09:01:00,Italy,Electronics,2,1200.0,0.0,Credit Card,2.0
ORD-001464,CUST-00077,2024-10-19 09:40:00,France,Electronics,6,146.03,0.05,Credit Card,5.0
ORD-000807,CUST-00818,2025-10-06 17:42:00,France,Books,3,29.37,0.1,PayPal,4.0
ORD-003760,CUST-00842,2025-07-16 07:19:00,Germany,Electronics,4,822.1,0.0,PayPal,5.0
ORD-004010,CUST-00174,2025-12-02 13:23:00,Spain,Home,4,410.11,0.0,Credit Card,5.0
ORD-003796,CUST-00413,2024-03-24 15:55:00,Spain,Sports,3,115.81,0.1,Apple Pay,
ORD-002109,CUST-00421,2024-07-31 12:07:00,France,Clothing,4,101.7,0.0,Credit Card,5.0
ORD-004640,CUST-01379,2025-03-04 09:58:00,Belgium,Home,1,311.55,0.1,Bank Transfer,3.0
ORD-004972,CUST-00576,2025-06-28 05:08:00,Italy,Books,1,35.13,0.0,Credit Card,3.0
ORD-002235,CUST-00883,2025-09-11 20:06:00,Belgium,Home,2,231.15,0.05,Credit Card,5.0
ORD-003212,CUST-00415,2025-09-27 00:58:00,Germany,Books,3,77.66,0.3,Credit Card,3.0
ORD-000964,CUST-00327,2024-05-09 05:52:00,Spain,Sports,1,138.37,0.1,Credit Card,4.0
ORD-003416,CUST-00619,2024-03-18 16:08:00,France,Home,1,333.28,0.0,Credit Card,4.0
ORD-004775,CUST-00405,2024-09-19 18:35:00,Belgium,Electronics,4,297.94,0.1,Credit Card,5.0
ORD-000399,CUST-00421,2024-08-22 09:37:00,Belgium,Sports,1,69.0,0.05,Credit Card,1.0
ORD-002633,CUST-01371,2024-01-07 16:21:00,Netherlands,Electronics,1,662.16,0.2,PayPal,4.0
ORD-004867,CUST-00703,2024-05-10 09:19:00,Germany,Sports,1,172.12,0.0,PayPal,5.0
ORD-002997,CUST-00453,2025-07-19 19:09:00,Belgium,Home,1,259.57,0.15,Credit Card,
ORD-000705,CUST-00195,2025-11-17 11:32:00,France,Home,3,133.39,0.1,PayPal,3.0
ORD-000432,CUST-01109,2025-06-21 01:42:00,Spain,Home,5,327.02,0.15,Bank Transfer,5.0
ORD-000293,CUST-01431,2025-10-30 05:39:00,Belgium,Books,2,80.0,0.0,PayPal,5.0
ORD-004883,CUST-00748,2025-05-24 10:10:00,France,Electronics,4,395.91,0.05,Bank Transfer,3.0
ORD-000146,CUST-01281,2025-12-25 09:00:00,Netherlands,Electronics,3,536.17,0.0,Credit Card,1.0
ORD-004160,CUST-00047,2025-07-27 18:38:00,Netherlands,Clothing,4,176.95,0.0,Bank Transfer,
ORD-002034,CUST-01018,2024-11-28 21:17:00,France,Home,2,480.91,0.0,PayPal,2.0
ORD-004220,CUST-00245,2024-05-10 17:57:00,France,Clothing,3,106.51,0.3,PayPal,5.0
ORD-001166,CUST-00158,2024-01-16 23:11:00,Spain,Electronics,2,1114.65,0.0,PayPal,4.0
ORD-003501,CUST-00092,2024-11-21 20:47:00,Belgium,Clothing,2,250.0,0.0,PayPal,5.0
ORD-002051,CUST-00259,2024-01-04 03:06:00,Germany,Home,4,182.17,0.0,Credit Card,3.0
ORD-002625,CUST-01382,2024-03-29 12:52:00,Netherlands,Sports,1,141.52,0.0,Bank Transfer,3.0
ORD-004393,CUST-00019,2024-01-20 12:44:00,Germany,Clothing,1,171.56,0.0,Credit Card,5.0
ORD-000340,CUST-01430,2024-02-28 18:45:00,Italy,Home,1,366.21,0.3,PayPal,5.0
ORD-003904,CUST-00019,2025-01-19 15:47:00,Germany,Sports,5,137.75,0.05,Bank Transfer,1.0
ORD-004855,CUST-00084,2025-07-06 12:22:00,Belgium,Electronics,5,481.41,0.15,Apple Pay,4.0
ORD-002974,CUST-01473,2025-10-26 06:21:00,Belgium,Sports,1,210.1,0.0,PayPal,5.0
ORD-000266,CUST-00872,2024-05-29 20:37:00,Germany,Electronics,6,678.55,0.0,Credit Card,4.0
ORD-002425,CUST-00523,2024-07-18 22:39:00,France,Sports,4,59.51,0.15,Bank Transfer,4.0
ORD-001263,CUST-00667,2024-06-30 15:02:00,Germany,Sports,1,400.0,0.0,Credit Card,
ORD-001772,CUST-00566,2024-08-25 12:35:00,Germany,Sports,1,85.03,0.1,Bank Transfer,
ORD-003512,CUST-00868,2025-06-15 02:22:00,Germany,Home,3,197.28,0.2,Credit Card,4.0
ORD-000272,CUST-00035,2025-12-08 14:03:00,Belgium,Books,3,25.83,0.15,Credit Card,5.0
ORD-000697,CUST-01083,2024-04-10 07:39:00,Germany,Sports,2,400.0,0.0,Credit Card,5.0
ORD-000748,CUST-00472,2025-03-30 05:16:00,Belgium,Home,1,362.69,0.2,Credit Card,3.0
ORD-000245,CUST-00944,2025-09-08 09:39:00,France,Sports,3,103.69,0.05,Credit Card,3.0
ORD-000318,CUST-01091,2025-08-22 04:39:00,Germany,Electronics,2,1200.0,0.1,Credit Card,4.0
ORD-000477,CUST-01271,2025-05-07 03:51:00,Germany,Clothing,6,145.16,0.0,Credit Card,5.0
ORD-002033,CUST-00137,2025-07-14 16:08:00,Italy,Home,5,256.43,0.05,Credit Card,4.0
ORD-000958,CUST-00952,2024-07-11 10:20:00,Spain,Home,2,150.75,0.1,PayPal,
ORD-004910,CUST-00938,2025-11-07 16:03:00,Spain,Clothing,1,91.65,0.2,Credit Card,5.0
ORD-000814,CUST-00426,2024-12-13 03:38:00,Italy,Sports,1,117.7,0.05,Credit Card,
ORD-004185,CUST-00084,2025-01-05 10:09:00,Netherlands,Sports,1,400.0,0.0,PayPal,5.0
ORD-001915,CUST-00493,2024-12-24 23:49:00,Netherlands,Books,1,17.5,0.0,Credit Card,
ORD-004618,CUST-00898,2025-07-25 13:08:00,Italy,Clothing,3,79.15,0.0,PayPal,5.0
ORD-003488,CUST-01438,2025-04-23 20:26:00,France,Electronics,3,569.17,0.0,Bank Transfer,2.0
ORD-001298,CUST-01016,2024-11-30 16:22:00,Belgium,sports,1,400.0,0.1,Credit Card,3.0
ORD-004055,CUST-00009,2024-03-20 08:18:00,Germany,Electronics,7,1200.0,0.0,PayPal,5.0
ORD-001805,CUST-00192,2025-12-19 01:20:00,Spain,Electronics,1,202.42,0.05,Credit Card,4.0
ORD-000759,CUST-00192,2024-02-23 05:15:00,Netherlands,Books,1,36.89,0.1,Credit Card,5.0
ORD-000251,CUST-00270,2025-10-05 05:07:00,Italy,Books,2,48.98,0.3,Bank Transfer,2.0
ORD-002462,CUST-00323,2024-04-09 21:11:00,Germany,Clothing,3,170.3,0.0,Credit Card,5.0
ORD-000546,CUST-00081,2024-03-15 02:05:00,Belgium,Electronics,2,1200.0,0.3,Apple Pay,3.0
ORD-003242,CUST-00312,2025-07-16 17:53:00,France,Electronics,2,507.2,0.0,Bank Transfer,5.0
ORD-000739,CUST-01108,2024-06-29 05:36:00,Italy,Electronics,4,608.72,0.1,Credit Card,5.0
ORD-000311,CUST-00999,2025-11-08 13:20:00,France,Home,1,216.21,0.15,Apple Pay,5.0
ORD-003805,CUST-00034,2025-06-08 09:40:00,Spain,Clothing,1,71.79,0.0,Credit Card,4.0
ORD-002942,CUST-01406,2025-03-16 13:39:00,Germany,Electronics,1,533.12,0.0,Credit Card,5.0
ORD-001132,CUST-01006,2024-03-26 02:53:00,France,Sports,2,400.0,0.0,PayPal,5.0
ORD-001450,CUST-00155,2024-07-24 00:39:00,Germany,Clothing,2,172.36,0.0,PayPal,5.0
ORD-004935,CUST-00570,2024-09-09 04:35:00,Belgium,Books,5,18.99,0.15,Credit Card,4.0
ORD-000016,CUST-01180,2024-09-26 18:37:00,France,Sports,1,400.0,0.0,Credit Card,4.0
ORD-003233,CUST-01015,2025-02-15 06:19:00,Spain,Books,6,39.82,0.15,PayPal,3.0
ORD-002770,CUST-01439,2025-01-18 06:31:00,France,Home,3,197.48,0.05,Credit Card,5.0
ORD-003469,CUST-00788,2025-12-25 13:55:00,France,Sports,4,231.29,0.15,PayPal,5.0
ORD-000921,CUST-01310,2024-09-17 17:31:00,Germany,Electronics,2,816.5,0.0,PayPal,3.0
ORD-003030,CUST-01343,2024-06-18 02:57:00,France,Home,1,249.92,0.3,Apple Pay,4.0
ORD-001373,CUST-00675,2024-10-17 00:22:00,France,Sports,4,193.28,0.15,Apple Pay,5.0
ORD-003588,CUST-01034,2024-07-18 10:01:00,Italy,Electronics,2,804.09,0.0,PayPal,5.0
ORD-002545,CUST-01208,2024-02-18 12:21:00,Germany,Home,1,364.01,0.15,Credit Card,2.0
ORD-003599,CUST-00427,2024-05-13 01:45:00,France,Electronics,4,537.72,0.0,Credit Card,4.0
ORD-000039,CUST-00416,2024-06-23 06:15:00,Germany,Clothing,1,136.64,0.0,Credit Card,3.0
ORD-000364,CUST-01341,2025-07-01 05:58:00,Spain,Sports,1,400.0,0.1,PayPal,3.0
ORD-004115,CUST-00437,2024-01-28 08:36:00,Germany,Electronics,1,501.81,0.0,Credit Card,4.0
ORD-000183,CUST-00746,2024-04-22 01:13:00,France,Books,5,37.25,0.0,PayPal,5.0
ORD-003034,CUST-00167,2024-08-01 23:58:00,France,Sports,1,195.51,0.0,PayPal,5.0
ORD-002984,CUST-01234,2025-02-14 19:01:00,Spain,Books,3,35.99,0.1,Credit Card,4.0
ORD-001195,CUST-00789,2024-07-08 01:11:00,Spain,Clothing,1,127.39,0.15,Credit Card,5.0
ORD-002853,CUST-00172,2024-05-27 08:30:00,France,Electronics,2,1022.86,0.2,Apple Pay,5.0
ORD-003791,CUST-00169,2024-03-24 22:58:00,Germany,Clothing,4,200.96,0.0,Credit Card,
ORD-001122,CUST-00127,2024-04-03 21:41:00,Spain,Sports,1,367.73,0.15,PayPal,2.0
ORD-002236,CUST-01187,2024-01-18 23:15:00,Belgium,Electronics,1,242.4,0.1,Credit Card,3.0
ORD-002668,CUST-01449,2025-10-30 01:19:00,Spain,Clothing,4,154.23,0.0,Credit Card,5.0
ORD-004801,CUST-00918,2024-09-12 01:36:00,France,Home,1,75.18,0.05,Bank Transfer,
ORD-003224,CUST-01164,2024-10-11 22:54:00,France,Sports,4,112.12,0.2,Bank Transfer,
ORD-001183,CUST-01037,2025-05-27 20:05:00,Spain,Clothing,4,80.83,0.0,Credit Card,1.0
ORD-004198,CUST-00186,2025-03-09 11:28:00,France,Home,5,193.19,0.2,PayPal,5.0
ORD-004308,CUST-01199,2024-06-27 23:22:00,Netherlands,Electronics,5,611.68,0.1,Credit Card,2.0
ORD-000615,CUST-01030,2024-12-30 08:16:00,Spain,Home,1,404.78,0.0,Credit Card,3.0
ORD-004924,CUST-01019,2024-06-13 14:51:00,France,Home,1,217.19,0.1,Credit Card,5.0
ORD-001467,CUST-00954,2025-10-11 18:28:00,Germany,Home,4,414.7,0.0,Credit Card,4.0
ORD-000402,CUST-01167,2024-05-22 01:57:00,France,Clothing,3,96.27,0.1,PayPal,5.0
ORD-003043,CUST-00493,2024-04-14 01:23:00,France,Home,1,123.22,0.0,Credit Card,4.0
ORD-000935,CUST-00665,2025-06-21 19:45:00,Germany,Clothing,2,250.0,0.15,Credit Card,5.0
ORD-002420,CUST-00628,2025-01-25 00:06:00,France,Home,1,299.44,0.2,Apple Pay,3.0
ORD-004054,CUST-01216,2024-04-24 10:35:00,Belgium,Home,1,111.85,0.0,PayPal,5.0
ORD-004529,CUST-00666,2025-08-09 16:05:00,France,Home,2,448.03,0.05,PayPal,4.0
ORD-002642,CUST-00745,2025-06-24 07:42:00,Germany,Sports,2,287.68,0.2,Bank Transfer,4.0
ORD-004042,CUST-00978,2024-06-27 22:52:00,Belgium,Clothing,2,244.5,0.05,Apple Pay,5.0
ORD-000727,CUST-01082,2024-10-11 07:26:00,Italy,Clothing,2,100.61,0.1,Credit Card,1.0
ORD-000827,CUST-01022,2025-08-03 10:38:00,Spain,Clothing,4,137.29,0.1,Apple Pay,5.0
ORD-001522,CUST-01068,2025-12-30 22:54:00,France,Electronics,6,637.12,0.0,Bank Transfer,4.0
ORD-004760,CUST-01041,2025-03-22 19:17:00,Germany,Home,3,300.28,0.0,Bank Transfer,
ORD-002931,CUST-00262,2024-03-15 02:49:00,Spain,Clothing,1,219.96,0.1,Bank Transfer,5.0
ORD-000137,CUST-00905,2025-02-13 17:01:00,Italy,Electronics,1,671.63,0.05,Credit Card,4.0
ORD-003591,CUST-00168,2025-04-24 08:47:00,France,Clothing,3,96.11,0.1,Credit Card,3.0
ORD-000629,CUST-00758,2024-02-04 00:52:00,Belgium,Books,3,43.37,0.05,Credit Card,
ORD-000335,CUST-00691,2025-04-12 14:28:00,France,Electronics,1,490.64,0.05,Credit Card,4.0
ORD-000391,CUST-01121,2025-01-29 07:55:00,Spain,Clothing,2,115.47,0.3,Apple Pay,5.0
ORD-004402,CUST-00179,2025-01-15 04:28:00,France,Sports,1,129.16,0.0,Credit Card,3.0
ORD-004891,CUST-01258,2024-10-29 00:34:00,Netherlands,Home,1,174.41,0.0,Credit Card,4.0
ORD-003857,CUST-00539,2025-02-27 02:38:00,Belgium,Home,2,163.09,0.1,Apple Pay,2.0
ORD-001818,CUST-00379,2024-11-19 22:08:00,France,Electronics,4,501.51,0.15,Bank Transfer,5.0
ORD-000401,CUST-01498,2025-11-16 22:13:00,Netherlands,Clothing,1,207.5,0.1,Bank Transfer,
ORD-000711,CUST-01019,2024-08-22 19:47:00,Belgium,Sports,5,200.77,0.15,Credit Card,4.0
ORD-001040,CUST-01241,2024-10-15 10:48:00,Belgium,Electronics,2,594.53,0.0,PayPal,1.0
ORD-004014,CUST-00734,2024-03-18 11:37:00,Netherlands,Home,1,269.38,0.0,Credit Card,4.0
ORD-003360,CUST-00792,2024-04-04 04:16:00,France,Electronics,2,728.21,0.0,Credit Card,3.0
ORD-000047,CUST-00669,2024-02-28 23:22:00,Spain,Electronics,4,622.35,0.2,Credit Card,4.0
ORD-001562,CUST-00382,2024-11-06 15:16:00,Germany,Clothing,4,250.0,0.0,Credit Card,3.0
ORD-004815,CUST-01120,2025-09-11 23:01:00,France,Books,4,73.44,0.0,Credit Card,2.0
ORD-003643,CUST-01395,2025-10-16 17:29:00,Germany,Books,7,31.08,0.0,Bank Transfer,1.0
ORD-003727,CUST-00165,2024-06-20 02:08:00,Germany,Books,2,66.91,0.05,Credit Card,4.0
ORD-004859,CUST-00394,2025-03-13 09:23:00,France,Sports,2,72.6,0.05,Credit Card,3.0
ORD-001113,CUST-00289,2024-10-18 12:38:00,France,Books,1,47.52,0.0,Bank Transfer,3.0
ORD-002514,CUST-01132,2024-01-21 19:27:00,Italy,clothing,4,88.67,0.1,Credit Card,3.0
ORD-003609,CUST-00927,2025-05-24 09:25:00, Germany,Sports,3,110.92,0.0,Credit Card,4.0
ORD-001224,CUST-00982,2025-09-06 16:04:00,Germany,Books,6,28.02,0.1,Credit Card,3.0
ORD-004085,CUST-00753,2025-09-16 07:37:00,Italy,Books,1,48.05,0.0,Bank Transfer,
ORD-003024,CUST-00298,2024-05-01 12:37:00,France,Home,3,224.14,0.0,Bank Transfer,4.0
ORD-002422,CUST-01137,2025-04-13 07:43:00,France,Home,2,95.68,0.05,PayPal,2.0
ORD-001509,CUST-01295,2024-12-17 22:49:00,Belgium,Home,4,346.02,0.05,Credit Card,4.0
ORD-001751,CUST-01397,2025-03-02 01:38:00,Belgium,Electronics,6,379.95,0.1,Credit Card,5.0
ORD-004853,CUST-00160,2025-08-21 16:19:00,Spain,Clothing,1,250.0,0.1,Credit Card,5.0
ORD-004110,CUST-00486,2025-11-06 20:04:00,Spain,Electronics,1,846.61,0.0,Credit Card,3.0
ORD-001800,CUST-00784,2025-07-04 05:32:00,France,Clothing,1,156.81,0.0,PayPal,2.0
ORD-000339,CUST-00305,2025-01-25 02:19:00,France,Sports,2,131.35,0.0,PayPal,5.0
ORD-000216,CUST-00409,2024-02-09 21:57:00,Spain,Clothing,2,92.61,0.05,Credit Card,5.0
ORD-003664,CUST-01444,2024-02-10 02:20:00,Germany,Home,2,500.0,0.0,PayPal,3.0
ORD-001342,CUST-00206,2025-01-11 20:52:00,France,Home,1,500.0,0.1,Credit Card,2.0
ORD-000012,CUST-01464,2024-04-16 00:13:00,Germany,Clothing,5,195.5,0.1,Bank Transfer,5.0
ORD-001521,CUST-01296,2025-02-06 07:39:00,Germany,Sports,5,400.0,0.05,Credit Card,4.0
ORD-003641,CUST-01083,2025-05-31 03:17:00,France,Electronics,1,311.92,0.1,PayPal,4.0
ORD-003962,CUST-01290,2024-08-12 00:19:00,France,Electronics,2,584.67,0.1,Credit Card,4.0
ORD-003800,CUST-00083,2024-11-23 22:12:00,Spain,Clothing,1,101.49,0.0,PayPal,5.0
ORD-003005,CUST-01058,2025-09-02 19:07:00,Germany,Sports,1,122.06,0.15,Credit Card,2.0
ORD-002865,CUST-00131,2025-01-06 18:58:00,Spain,Sports,2,217.07,0.0,Credit Card,5.0
ORD-003116,CUST-00747,2025-06-21 04:38:00,Belgium,Electronics,6,741.13,0.1,Credit Card,
ORD-004856,CUST-01038,2025-04-28 17:13:00,Spain,Electronics,4,965.2,0.0,PayPal,3.0
ORD-002323,CUST-00508,2025-03-23 08:37:00,France,Sports,4,199.28,0.2,PayPal,4.0
ORD-002572,CUST-01400,2024-08-27 10:56:00,Belgium,Electronics,2,943.13,0.0,PayPal,5.0
ORD-002914,CUST-00339,2025-02-15 12:40:00,Netherlands,Sports,5,104.83,0.15,Bank Transfer,4.0
ORD-000102,CUST-00300,2024-11-03 05:48:00,Italy,Clothing,7,49.2,0.05,Apple Pay,3.0
ORD-003550,CUST-00958,2024-07-03 13:59:00,France,Books,1,41.03,0.0,Bank Transfer,4.0
ORD-001459,CUST-00396,2024-07-24 10:25:00,Belgium,Sports,3,235.3,0.15,Credit Card,5.0
ORD-000172,CUST-00136,2025-09-27 12:41:00,France,Home,7,177.92,0.1,PayPal,5.0
ORD-000108,CUST-00998,2025-09-06 16:23:00,Netherlands,Electronics,3,276.87,0.0,Credit Card,5.0
ORD-004210,CUST-00910,2025-12-04 14:56:00,France,Sports,1,326.78,0.0,Credit Card,4.0
ORD-003570,CUST-00370,2024-12-19 00:15:00,Belgium,Clothing,1,97.27,0.0,Bank Transfer,4.0
ORD-000590,CUST-01266,2025-02-11 12:12:00,Spain,Books,1,61.62,0.0,Credit Card,3.0
ORD-004310,CUST-00904,2025-02-11 15:22:00,Germany,Home,2,139.33,0.1,Credit Card,5.0
ORD-004088,CUST-01394,2025-01-06 07:31:00,France,Home,4,464.54,0.05,Credit Card,4.0
ORD-003886,CUST-00621,2025-02-19 15:48:00,Spain,Books,2,29.83,0.15,PayPal,5.0
ORD-004136,CUST-01457,2024-06-02 16:20:00,Germany,Books,2,43.89,0.1,Credit Card,4.0
ORD-004095,CUST-01440,2025-01-11 23:13:00,France,Electronics,1,292.82,0.15,Apple Pay,3.0
ORD-000061,CUST-01384,2025-09-16 18:38:00,Belgium,Clothing,4,202.75,0.0,Credit Card,2.0
ORD-001241,CUST-00763,2025-06-03 05:45:00,Italy,Home,1,229.78,0.0,Bank Transfer,3.0
ORD-004653,CUST-00498,2025-04-10 07:59:00,Germany,Home,1,284.15,0.0,Apple Pay,4.0
ORD-001041,CUST-01060,2024-12-21 23:44:00,Netherlands,Sports,2,171.08,0.2,Credit Card,4.0
ORD-004201,CUST-01018,2024-04-27 04:57:00,Germany,Books,5,80.0,0.2,Apple Pay,4.0
ORD-002761,CUST-00201,2025-04-21 00:42:00,Italy,Home,3,486.83,0.15,Credit Card,2.0
ORD-002121,CUST-01154,2025-09-05 20:31:00,Germany,Clothing,2,39.6,0.05,Apple Pay,5.0
ORD-001525,CUST-00906,2024-04-28 07:42:00,Belgium,Clothing,4,159.88,0.0,PayPal,4.0
ORD-003522,CUST-00499,2024-08-03 09:30:00,Belgium,Electronics,2,472.45,0.05,Credit Card,3.0
ORD-000154,CUST-00441,2025-10-14 21:00:00,France,Electronics,4,504.3,0.2,Credit Card,3.0
ORD-002249,CUST-00234,2025-02-25 02:28:00,Germany,Clothing,6,116.66,0.0,PayPal,5.0
ORD-000482,CUST-01245,2025-08-16 00:45:00,France,Electronics,1,589.46,0.0,Credit Card,5.0
ORD-004247,CUST-00410,2024-12-29 15:45:00,Spain,Electronics,2,942.81,0.1,Credit Card,4.0
ORD-004320,CUST-00064,2025-06-08 07:37:00,Germany,Clothing,1,72.17,0.0,Bank Transfer,5.0
ORD-003579,CUST-01323,2025-10-25 04:50:00,Belgium,Sports,1,215.54,0.05,Credit Card,4.0
ORD-004363,CUST-00746,2025-05-30 14:00:00,Netherlands,Home,4,313.28,0.1,Credit Card,4.0
ORD-003563,CUST-00632,2024-11-29 14:40:00,Italy,Clothing,2,163.34,0.0,PayPal,1.0
ORD-003316,CUST-01271,2024-09-15 19:27:00,France,Home,2,181.93,0.05,Credit Card,5.0
ORD-001763,CUST-00016,2025-06-28 22:15:00,France,Clothing,1,92.11,0.2,Bank Transfer,
ORD-003539,CUST-00792,2025-05-20 08:17:00,France,Home,5,253.87,0.1,Credit Card,1.0
ORD-004819,CUST-00802,2024-07-19 06:21:00,Germany,Books,1,23.69,0.0,Credit Card,3.0
ORD-000751,CUST-01442,2024-09-06 13:46:00,France,Electronics,2,427.12,0.0,Credit Card,4.0
ORD-003620,CUST-00131,2024-01-04 05:41:00,Italy,Books,3,80.0,0.2,Credit Card,4.0
ORD-001786,CUST-00366,2024-01-04 00:30:00,France,Home,4,338.06,0.1,Credit Card,4.0
ORD-004285,CUST-00183,2024-07-02 17:43:00,Germany,Electronics,1,1095.91,0.15,Credit Card,5.0
ORD-003384,CUST-01370,2024-01-07 22:58:00,France,Home,1,110.26,0.0,Bank Transfer,5.0
ORD-004152,CUST-00797,2025-12-24 16:21:00,Germany,Books,1,52.04,0.0,Apple Pay,1.0
ORD-000406,CUST-00752,2025-04-17 10:11:00,France,Sports,5,296.99,0.1,Credit Card,4.0
ORD-000758,CUST-00575,2024-02-15 13:49:00,Germany,Electronics,2,248.28,0.0,Credit Card,5.0
ORD-002712,CUST-00036,2025-02-24 18:30:00,France,Clothing,7,250.0,0.0,Bank Transfer,4.0
ORD-002671,CUST-01188,2024-05-25 00:53:00,France,Home,1,426.31,0.15,PayPal,5.0
ORD-004296,CUST-01492,2024-02-20 06:45:00,Belgium,Clothing,2,151.47,0.15,Credit Card,5.0
ORD-000098,CUST-01024,2025-10-06 08:43:00,Netherlands,Home,1,352.36,0.0,PayPal,1.0
ORD-001334,CUST-01212,2025-07-17 10:01:00,Germany,Books,6,80.0,0.0,Credit Card,4.0
ORD-004667,CUST-00461,2024-10-29 05:26:00,France,Sports,2,285.64,0.05,Apple Pay,3.0
ORD-002792,CUST-00234,2025-11-19 19:53:00,France,Electronics,5,1138.44,0.0,Apple Pay,5.0
ORD-002855,CUST-01086,2024-02-19 09:34:00,Netherlands,Books,2,27.28,0.0,PayPal,4.0
ORD-000187,CUST-00250,2025-01-20 03:28:00,Spain,Electronics,1,569.07,0.0,PayPal,4.0
ORD-004224,CUST-00800,2024-10-12 08:04:00,Netherlands,Home,4,234.22,0.0,Credit Card,5.0
ORD-002724,CUST-00566,2024-12-16 17:15:00,Netherlands,Clothing,2,196.04,0.05,Apple Pay,3.0
ORD-003584,CUST-00462,2025-01-31 22:07:00,Spain,Sports,2,400.0,0.15,Credit Card,4.0
ORD-002059,CUST-00592,2024-02-20 07:34:00,Germany,,3,50.27,0.1,PayPal,5.0
ORD-001320,CUST-00596,2025-08-28 10:58:00,France,Clothing,6,156.97,0.3,PayPal,4.0
ORD-000149,CUST-01233,2024-07-02 08:40:00,Germany,Clothing,1,189.93,0.0,Credit Card,5.0
ORD-000029,CUST-00819,2025-01-14 08:49:00,Belgium,Home,3,367.84,0.0,PayPal,
ORD-004154,CUST-01465,2024-09-22 02:13:00,France,Home,4,500.0,0.0,PayPal,4.0
ORD-004190,CUST-01351,2024-07-03 11:43:00,Belgium,Home,1,227.27,0.1,Credit Card,5.0
ORD-003364,CUST-01231,2025-02-06 21:18:00,Netherlands,Home,6,486.66,0.15,PayPal,5.0
ORD-000693,CUST-01398,2025-08-16 03:13:00,France,Clothing,1,207.55,0.1,Credit Card,5.0
ORD-002867,CUST-00473,2025-11-26 03:29:00,France,Clothing,3,98.56,0.15,Credit Card,5.0
ORD-003777,CUST-00799,2025-11-02 09:24:00,Germany,Electronics,1,405.08,0.0,PayPal,5.0
ORD-001387,CUST-00841,2025-03-07 01:40:00,France,Electronics,4,1200.0,0.0,Credit Card,3.0
ORD-001846,CUST-00926,2025-09-27 03:55:00,Germany,Electronics,4,985.24,0.0,Credit Card,5.0
ORD-004746,CUST-00459,2024-02-21 03:35:00,Italy,Home,4,154.78,0.1,Bank Transfer,5.0
ORD-000130,CUST-00953,2025-12-22 11:52:00,Germany,Clothing,1,227.82,0.0,Credit Card,1.0
ORD-001600,CUST-01063,2025-10-11 17:47:00,France,Books,5,46.72,0.0,Credit Card,5.0
ORD-003630,CUST-01245,2025-01-10 12:35:00,Germany,Books,1,44.52,0.15,Credit Card,4.0
ORD-004518,CUST-00089,2024-02-02 16:51:00,France,Electronics,3,512.77,0.0,PayPal,5.0
ORD-000702,CUST-00925,2025-02-08 06:20:00,Germany,Sports,7,364.82,0.05,Credit Card,
ORD-004007,CUST-00378,2025-01-11 20:19:00,Belgium,Sports,1,249.55,0.0,Bank Transfer,5.0
ORD-003029,CUST-00337,2024-10-22 02:27:00,France,Home,3,163.32,0.05,Apple Pay,4.0
ORD-002970,CUST-00957,2025-04-06 10:43:00,Germany,Electronics,2,627.16,0.1,Credit Card,3.0
ORD-004371,CUST-00838,2024-09-25 22:31:00,Spain,Home,1,500.0,0.2,Credit Card,5.0
ORD-001709,CUST-00366,2025-10-24 07:26:00,Germany,Home,1,271.64,0.0,Credit Card,5.0
ORD-002954,CUST-00656,2025-12-13 16:14:00,Germany,Clothing,5,250.0,0.0,PayPal,3.0
ORD-000455,CUST-00896,2025-07-09 06:48:00,Germany,Electronics,1,563.62,0.05,Bank Transfer,4.0
ORD-002869,CUST-01291,2024-08-03 11:50:00,France,Home,3,111.63,0.0,Credit Card,3.0
ORD-002041,CUST-00435,2024-07-08 22:15:00,France,Clothing,2,155.43,0.05,Apple Pay,1.0
ORD-001773,CUST-00545,2024-08-13 10:04:00,France,Sports,2,369.76,0.1,Bank Transfer,4.0
ORD-002316,CUST-00001,2025-01-26 11:59:00,Germany,Sports,1,247.93,0.1,Bank Transfer,
ORD-000610,CUST-01287,2024-02-09 11:17:00,Italy,Home,6,466.98,0.0,Bank Transfer,2.0
ORD-000168,CUST-00251,2024-06-13 00:43:00,Belgium,Home,1,500.0,0.05,PayPal,5.0
ORD-000731,CUST-01094,2024-12-13 23:34:00,Germany,Clothing,4,138.23,0.15,PayPal,
ORD-004263,CUST-00438,2024-06-07 05:11:00,France,Home,3,257.01,0.0,Apple Pay,
ORD-003359,CUST-00281,2024-09-02 19:06:00,Germany,Electronics,2,513.11,0.05,Credit Card,
ORD-002075,CUST-01045,2024-11-26 17:47:00,Spain,Clothing,3,137.51,0.0,Credit Card,4.0
ORD-004064,CUST-00773,2024-02-26 07:46:00,Germany,Sports,1,162.93,0.0,Bank Transfer,3.0
ORD-003701,CUST-00230,2025-10-21 09:23:00,Belgium,Home,1,104.81,0.3,Apple Pay,4.0
ORD-001623,CUST-01387,2024-07-15 06:29:00,Germany,Home,1,500.0,0.1,Credit Card,4.0
ORD-000588,CUST-00149,2024-07-28 03:51:00,Netherlands,Clothing,2,85.24,0.0,PayPal,5.0
ORD-001402,CUST-00363,2025-11-05 15:59:00,Spain,Clothing,2,95.18,0.0,Credit Card,5.0
ORD-003046,CUST-01325,2025-11-23 08:25:00,Italy,Electronics,5,988.27,0.05,Credit Card,5.0
ORD-003225,CUST-00913,2024-05-25 15:58:00,Spain,Clothing,1,250.0,0.0,PayPal,5.0
ORD-001701,CUST-00399,2025-08-12 05:53:00,Germany,Clothing,1,104.87,0.0,Apple Pay,3.0
ORD-003089,CUST-00348,2025-11-15 03:59:00,Belgium,Clothing,4,117.63,0.0,Credit Card,5.0
ORD-004405,CUST-00392,2024-09-05 04:31:00,Netherlands,Home,1,335.03,0.2,Credit Card,1.0
ORD-002982,CUST-00091,2024-09-21 16:14:00,France,Home,3,208.24,0.05,Bank Transfer,3.0
ORD-000041,CUST-00248,2025-08-19 14:36:00,France,Clothing,5,119.07,0.0,Credit Card,4.0
ORD-001380,CUST-00812,2025-02-08 22:34:00,France,Clothing,5,117.66,0.0,PayPal,3.0
ORD-002090,CUST-00030,2024-02-21 20:06:00,Spain,Home,4,500.0,0.05,Credit Card,4.0
ORD-002176,CUST-01144,2025-06-28 08:55:00,France,Clothing,1,188.22,0.15,Credit Card,4.0
ORD-003218,CUST-00645,2024-09-12 03:58:00,Spain,Electronics,5,567.1,0.15,PayPal,5.0
ORD-002886,CUST-00231,2025-09-21 17:37:00,Belgium,Clothing,2,162.55,0.0,PayPal,4.0
ORD-000075,CUST-01030,2025-11-04 19:31:00,France,Home,1,127.48,0.2,Credit Card,2.0
ORD-003934,CUST-01095,2025-08-04 10:30:00,Germany,Books,3,48.25,0.0,Credit Card,3.0
ORD-003915,CUST-01185,2024-10-31 13:16:00,Netherlands,Books,1,43.58,0.0,Bank Transfer,4.0
ORD-002658,CUST-00406,2025-10-11 21:15:00,Italy,,1,250.0,0.0,Credit Card,4.0
ORD-003181,CUST-00336,2024-07-13 20:35:00,Germany,Clothing,3,142.14,0.2,Credit Card,4.0
ORD-002077,CUST-00697,2024-11-15 15:52:00,Germany,Electronics,4,591.41,0.0,Bank Transfer,3.0
ORD-000442,CUST-00452,2025-12-05 22:08:00,Germany,Sports,4,190.03,0.05,PayPal,
ORD-004076,CUST-00034,2025-04-14 20:04:00,Germany,Electronics,3,796.0,0.0,Credit Card,5.0
ORD-002052,CUST-00454,2025-12-19 14:40:00,France,Clothing,1,75.93,0.05,Apple Pay,5.0
ORD-002542,CUST-01457,2025-09-10 00:57:00,Spain,Electronics,4,605.33,0.0,PayPal,4.0
ORD-003307,CUST-00414,2024-09-16 15:32:00,Netherlands,Home,2,338.73,0.1,Credit Card,5.0
ORD-001302,CUST-00603,2025-12-12 14:39:00,Netherlands,Books,2,80.0,0.1,Credit Card,4.0
ORD-001782,CUST-00510,2025-04-02 16:50:00,Germany,Sports,2,225.93,0.1,Credit Card,2.0
ORD-004830,CUST-00731,2025-04-15 17:48:00,Belgium,Sports,6,275.18,0.15,Bank Transfer,4.0
ORD-003431,CUST-00375,2024-03-02 06:28:00,Netherlands,Home,4,496.75,0.05,Credit Card,5.0
ORD-001305,CUST-00916,2025-05-12 03:40:00,Italy,Sports,2,139.44,0.0,Bank Transfer,
ORD-000237,CUST-00995,2025-01-26 18:16:00,Belgium,Home,2,357.11,0.1,Apple Pay,5.0
ORD-002600,CUST-00584,2025-02-11 12:48:00,Germany,Clothing,3,199.8,0.15,Credit Card,4.0
ORD-000521,CUST-00537,2025-04-09 15:28:00,Belgium,Electronics,6,515.61,0.0,Credit Card,1.0
ORD-002574,CUST-00588,2024-12-11 13:20:00,France,Books,2,74.88,0.1,Credit Card,5.0
ORD-003281,CUST-00131,2024-04-21 02:31:00,France,Electronics,2,527.79,0.05,Credit Card,4.0
ORD-003187,CUST-01149,2024-12-14 17:09:00,France,Clothing,1,46.18,0.0,Credit Card,5.0
ORD-002769,CUST-00718,2025-04-05 16:30:00,Spain,,2,250.0,0.1,Credit Card,5.0
ORD-000736,CUST-01007,2025-01-01 23:13:00,Germany,Books,3,19.15,0.1,Bank Transfer,4.0
ORD-004719,CUST-00602,2024-04-25 16:27:00,France,Sports,2,302.99,0.0,Credit Card,5.0
ORD-004945,CUST-00054,2024-10-14 13:17:00,Italy,Electronics,2,608.24,0.05,Credit Card,2.0
ORD-002107,CUST-01149,2025-07-26 17:44:00,Spain,Sports,2,167.61,0.0,Credit Card,5.0
ORD-002680,CUST-00562,2024-06-02 08:18:00,Spain,Home,3,244.46,0.1,Credit Card,1.0
ORD-003230,CUST-01253,2024-02-09 08:18:00,Italy,Books,1,63.34,0.0,PayPal,5.0
ORD-002762,CUST-00647,2025-08-21 14:12:00,Spain,Home,5,409.6,0.0,Apple Pay,4.0
ORD-000593,CUST-00360,2025-01-16 10:08:00,Spain,Home,2,168.82,0.2,Apple Pay,5.0
ORD-001304,CUST-01344,2025-01-20 05:20:00,Belgium,Clothing,7,250.0,0.15,Credit Card,5.0
ORD-001388,CUST-00489,2025-05-10 15:47:00,Italy,Clothing,3,101.95,0.2,Apple Pay,4.0
ORD-004711,CUST-00428,2025-12-28 13:26:00,France,Clothing,4,213.97,0.05,Bank Transfer,5.0
ORD-004541,CUST-00898,2025-07-09 05:40:00,Italy,Electronics,1,638.99,0.0,Credit Card,4.0
ORD-003972,CUST-01391,2025-11-27 07:53:00,France,Electronics,1,787.09,0.1,PayPal,5.0
ORD-001891,CUST-00278,2024-07-23 18:19:00,Germany,Electronics,1,1042.0,0.0,Apple Pay,4.0
ORD-002988,CUST-01173,2025-12-09 01:57:00,France,Clothing,1,209.23,0.0,PayPal,4.0
ORD-004940,CUST-00508,2024-08-21 20:51:00,France,Clothing,2,121.44,0.0,Credit Card,
ORD-003298,CUST-01362,2025-04-22 18:38:00,France,Clothing,1,176.77,0.0,Credit Card,1.0
ORD-000905,CUST-00689,2024-10-04 19:08:00,France,Books,1,68.48,0.1,Credit Card,4.0
ORD-004625,CUST-00589,2025-10-22 06:32:00,Netherlands,Electronics,1,1200.0,0.1,Bank Transfer,4.0
ORD-001280,CUST-01299,2024-01-02 16:30:00,France,Electronics,4,1023.57,0.2,PayPal,1.0
ORD-000934,CUST-00974,2024-05-20 10:08:00,Germany,Sports,6,259.58,0.15,Credit Card,3.0
ORD-004915,CUST-01167,2025-11-07 19:21:00,France,Electronics,1,1134.2,0.0,PayPal,5.0
ORD-002309,CUST-00462,2025-12-20 11:09:00,Spain,Sports,6,400.0,0.2,Credit Card,5.0
ORD-001556,CUST-00245,2025-05-13 14:44:00,Germany,Electronics,3,832.29,0.1,Credit Card,5.0
ORD-004548,CUST-01264,2025-06-25 03:16:00,France,Home,1,405.87,0.2,Credit Card,5.0
ORD-003191,CUST-00005,2024-05-09 21:20:00,France,Sports,2,63.12,0.1,PayPal,4.0
ORD-004456,CUST-00101,2024-10-20 17:59:00,France,Sports,4,134.9,0.1,PayPal,
ORD-000707,CUST-00012,2024-11-08 12:31:00,Netherlands,Home,3,131.61,0.05,Credit Card,4.0
ORD-004706,CUST-00353,2025-04-12 04:31:00,France,Home,1,406.08,0.1,Credit Card,
ORD-003071,CUST-00635,2024-09-19 01:57:00,Spain,Books,4,77.38,0.05,Credit Card,3.0
ORD-000746,CUST-00547,2024-04-26 20:19:00,Germany,Electronics,8,343.52,0.1,Bank Transfer,2.0
ORD-003595,CUST-00374,2024-12-01 21:25:00,Italy,Electronics,4,411.97,0.0,Credit Card,1.0
ORD-001940,CUST-00312,2024-06-14 12:49:00,Italy,Electronics,2,909.3,0.05,Credit Card,5.0
ORD-004415,CUST-00737,2024-06-26 23:47:00,France,Clothing,4,149.68,0.1,Credit Card,3.0
ORD-002863,CUST-01253,2025-04-28 13:08:00,France,Electronics,5,1200.0,0.3,Credit Card,
ORD-004021,CUST-00200,2025-03-13 15:25:00,Italy,Sports,6,237.74,0.0,Credit Card,3.0
ORD-000514,CUST-01225,2024-04-12 22:57:00,Germany,Clothing,1,200.7,0.0,Credit Card,
ORD-000082,CUST-00656,2025-12-02 08:13:00,France,Home,3,242.49,0.0,Credit Card,5.0
ORD-004992,CUST-00784,2025-08-31 12:48:00,France,Electronics,3,966.43,0.1,Credit Card,5.0
ORD-001309,CUST-00623,2024-09-18 07:12:00,France,Sports,6,292.17,0.0,Credit Card,1.0
ORD-004563,CUST-00031,2024-09-14 04:42:00,Netherlands,Electronics,3,408.29,0.1,Credit Card,
ORD-000915,CUST-00888,2025-09-08 04:09:00,Netherlands,Sports,2,238.43,0.0,Credit Card,2.0
ORD-003453,CUST-00679,2024-05-30 21:31:00,Germany,Home,1,124.29,0.2,Credit Card,
ORD-003696,CUST-00963,2025-09-06 21:27:00,France,Books,2,48.85,0.3,PayPal,1.0
ORD-004820,CUST-01398,2025-03-19 17:56:00,Germany,Sports,8,157.11,0.0,Apple Pay,5.0
ORD-003157,CUST-01156,2025-07-14 14:35:00,Germany,Books,1,62.95,0.0,Credit Card,
ORD-002199,CUST-00857,2025-03-19 21:31:00,Germany,Clothing,1,223.63,0.0,PayPal,5.0
ORD-004246,CUST-00420,2024-10-23 11:24:00,Spain,Electronics,3,357.7,0.0,Bank Transfer,3.0
ORD-000775,CUST-01270,2025-10-30 21:28:00,France,Clothing,4,161.57,0.0,PayPal,5.0
ORD-000330,CUST-00833,2025-02-05 20:33:00,Belgium,Clothing,4,117.24,0.15,PayPal,5.0
ORD-002055,CUST-01072,2025-02-01 09:35:00,Netherlands,Clothing,6,139.64,0.05,Credit Card,
ORD-002002,CUST-00094,2025-01-05 14:06:00,Germany,Electronics,1,1200.0,0.0,PayPal,4.0
ORD-000944,CUST-00712,2024-10-16 04:18:00,Germany,Books,4,30.52,0.05,PayPal,2.0
ORD-000823,CUST-00205,2025-04-27 13:54:00,France,Home,3,288.57,0.2,Credit Card,
ORD-004542,CUST-00944,2025-02-13 02:15:00,Netherlands,Books,2,48.9,0.2,Credit Card,5.0
ORD-000910,CUST-00138,2024-09-08 05:56:00,Netherlands,Clothing,3,89.89,0.15,Bank Transfer,4.0
ORD-002517,CUST-01038,2024-02-20 00:23:00,Germany,Home,3,500.0,0.0,Credit Card,3.0
ORD-000182,CUST-00229,2025-08-07 05:53:00,Spain,Books,3,61.34,0.05,Credit Card,4.0
ORD-000165,CUST-00627,2024-05-09 04:46:00,France,Home,2,286.96,0.05,Bank Transfer,4.0
ORD-001524,CUST-00226,2025-12-07 22:52:00,France,Electronics,8,638.63,0.0,Apple Pay,1.0
ORD-000452,CUST-01388,2025-09-25 17:21:00,Belgium,Home,2,309.75,0.15,PayPal,5.0
ORD-002539,CUST-00797,2024-11-22 20:04:00,Belgium,Home,4,500.0,0.0,Credit Card,3.0
ORD-004120,CUST-00078,2025-07-21 16:41:00,France,Clothing,4,35.86,0.15,Bank Transfer,2.0
ORD-004791,CUST-00296,2025-10-23 00:28:00,Italy,Electronics,4,432.99,0.15,Credit Card,3.0
ORD-001312,CUST-00523,2024-05-01 08:39:00,Spain,Books,5,25.01,0.1,Apple Pay,5.0
ORD-003150,CUST-00163,2024-04-09 12:39:00,France,Sports,2,169.66,0.05,Credit Card,5.0
ORD-001112,CUST-00350,2024-01-15 23:24:00,Germany,Home,2,375.35,0.0,Credit Card,1.0
ORD-004562,CUST-00631,2024-01-04 14:50:00,Netherlands,Books,1,80.0,0.0,Bank Transfer,3.0
ORD-003875,CUST-00932,2024-08-07 07:19:00,Germany,Electronics,2,791.98,0.0,Apple Pay,1.0
ORD-003490,CUST-01066,2024-06-25 01:49:00,Netherlands,Electronics,1,360.27,0.15,Credit Card,4.0
ORD-001288,CUST-00352,2024-08-13 19:54:00,Netherlands,Home,2,196.3,0.0,Bank Transfer,5.0
ORD-004191,CUST-00644,2024-04-09 05:14:00,France,Sports,4,104.23,0.0,PayPal,5.0
ORD-004661,CUST-01249,2025-03-16 09:25:00,Spain,Clothing,1,72.45,0.0,PayPal,3.0
ORD-003681,CUST-01065,2025-04-24 04:34:00,France,Sports,6,333.17,0.1,Apple Pay,
ORD-004378,CUST-00396,2025-03-16 06:21:00,Spain,Sports,3,86.33,0.0,PayPal,2.0
ORD-004182,CUST-00542,2025-12-08 13:40:00,Belgium,Home,2,366.28,0.0,Credit Card,4.0
ORD-003301,CUST-00955,2025-01-27 05:38:00,Spain,Books,2,80.0,0.15,PayPal,4.0
ORD-003311,CUST-00771,2024-09-14 00:40:00,Spain,Clothing,1,250.0,0.0,Credit Card,3.0
ORD-004571,CUST-01038,2024-05-03 07:46:00,Netherlands,Sports,3,192.13,0.05,Credit Card,5.0
ORD-003126,CUST-01335,2024-08-25 07:09:00,France,Home,1,107.24,0.0,PayPal,4.0
ORD-000328,CUST-00057,2025-08-01 22:49:00,France,Electronics,3,1137.11,0.0,Credit Card,4.0
ORD-001791,CUST-00877,2024-03-31 20:19:00,Italy,Home,2,291.99,0.05,Credit Card,5.0
ORD-002491,CUST-00514,2024-03-11 01:37:00,France,Books,3,23.35,0.0,Apple Pay,5.0
ORD-002007,CUST-00652,2024-04-26 14:27:00,France,Books,3,28.03,0.1,PayPal,2.0
ORD-002008,CUST-00229,2024-03-14 15:32:00,Belgium,Clothing,6,127.62,0.1,PayPal,4.0
ORD-001859,CUST-00787,2025-03-20 13:51:00,Spain,Electronics,2,623.34,0.0,PayPal,5.0
ORD-004701,CUST-01333,2025-11-30 22:14:00,Netherlands,Electronics,1,536.73,0.1,Credit Card,5.0
ORD-000313,CUST-00179,2024-04-26 13:59:00,Spain,Clothing,2,152.09,0.0,Bank Transfer,4.0
ORD-000833,CUST-00680,2025-07-11 07:34:00,France,Sports,1,113.15,0.1,Apple Pay,5.0
ORD-003080,CUST-00673,2024-06-17 07:39:00,Netherlands,Sports,1,400.0,0.1,PayPal,3.0
ORD-004733,CUST-01145,2025-05-15 17:32:00,France,Clothing,1,50.17,0.0,Bank Transfer,4.0
ORD-003463,CUST-01301,2025-11-29 05:23:00,Spain,Clothing,1,250.0,0.1,Credit Card,5.0
ORD-001202,CUST-00717,2025-06-05 04:59:00,France,Home,1,357.71,0.0,Credit Card,
ORD-004406,CUST-01343,2024-11-24 07:48:00,Belgium,Books,1,15.49,0.0,PayPal,5.0
ORD-003548,CUST-01324,2025-04-18 14:34:00,France,Books,3,39.71,0.0,Credit Card,4.0
ORD-004018,CUST-00230,2025-09-01 00:49:00,France,Clothing,1,107.78,0.2,PayPal,5.0
ORD-002135,CUST-00661,2024-02-02 02:50:00,Belgium,Clothing,1,250.0,0.0,PayPal,5.0
ORD-003452,CUST-00083,2024-07-12 13:57:00,Spain,Sports,1,95.14,0.0,PayPal,5.0
ORD-002210,CUST-00208,2025-06-07 11:31:00,France,Books,4,80.0,0.15,PayPal,
ORD-001902,CUST-00797,2025-07-04 12:39:00,Germany,Electronics,1,146.42,0.0,Credit Card,5.0
ORD-001482,CUST-00003,2025-01-31 17:16:00,Spain,Books,4,64.56,0.2,Credit Card,3.0
ORD-000778,CUST-00178,2024-11-02 08:12:00,Germany,Sports,4,148.75,0.1,PayPal,4.0
ORD-000800,CUST-00664,2024-01-19 00:25:00,Belgium,Sports,1,252.87,0.0,Credit Card,5.0
ORD-003715,CUST-01089,2024-05-24 12:58:00,Spain,Home,1,184.9,0.1,PayPal,4.0
ORD-003943,CUST-01392,2025-04-09 07:17:00,Italy,Clothing,1,182.76,0.05,PayPal,4.0
ORD-000055,CUST-00747,2024-07-28 20:21:00,Belgium,Sports,4,265.32,0.0,Credit Card,5.0
ORD-002973,CUST-00897,2024-04-12 08:14:00,Belgium,Clothing,3,60.99,0.0,Apple Pay,5.0
ORD-003336,CUST-00342,2024-05-17 08:26:00,Germany,Clothing,2,167.96,0.1,Credit Card,3.0
ORD-001921,CUST-00590,2024-05-27 05:48:00,Italy,Electronics,1,826.83,0.05,Apple Pay,3.0
ORD-003716,CUST-00431,2024-06-15 08:26:00,France,Sports,1,227.26,0.3,Credit Card,4.0
ORD-004662,CUST-00871,2025-11-23 03:53:00,Germany,Sports,3,203.68,0.0,PayPal,1.0
ORD-000947,CUST-01461,2025-07-19 10:29:00,Netherlands,Electronics,2,919.49,0.15,Credit Card,5.0
ORD-001702,CUST-00268,2024-11-04 11:33:00,Italy,Electronics,4,278.54,0.1,Credit Card,3.0
ORD-003294,CUST-00435,2025-10-31 09:52:00,France,Clothing,1,88.32,0.0,Bank Transfer,
ORD-002162,CUST-00367,2025-04-13 20:47:00,Spain,Home,2,402.69,0.05,Bank Transfer,2.0
ORD-001137,CUST-01088,2024-01-21 17:54:00,Belgium,Sports,1,173.99,0.2,PayPal,
ORD-000988,CUST-00475,2024-03-04 14:26:00,Netherlands,Home,1,152.12,0.0,PayPal,5.0
ORD-002550,CUST-00193,2024-03-21 14:35:00,Germany,Electronics,2,500.19,0.0,PayPal,5.0
ORD-000194,CUST-00543,2024-10-08 12:50:00,Germany,Clothing,2,163.77,0.0,PayPal,4.0
ORD-003058,CUST-00222,2025-07-07 04:44:00,Spain,Clothing,2,221.01,0.0,Bank Transfer,2.0
ORD-003247,CUST-01152,2025-10-25 22:29:00,Netherlands,Books,4,28.0,0.1,Credit Card,4.0
ORD-001395,CUST-00324,2025-09-29 11:58:00,Belgium,Electronics,2,608.67,0.15,Credit Card,5.0
ORD-002638,CUST-01116,2025-06-29 17:28:00,Italy,Electronics,2,793.06,0.05,PayPal,4.0
ORD-000769,CUST-00210,2025-10-27 07:32:00,Italy,Clothing,1,189.92,0.0,Credit Card,2.0
ORD-004718,CUST-01484,2025-02-09 14:08:00,Italy,Sports,2,307.8,0.15,Credit Card,2.0
ORD-003091,CUST-00516,2024-12-04 16:33:00,Germany,Books,3,30.36,0.2,Credit Card,5.0
ORD-003496,CUST-00798,2025-08-19 15:54:00,Germany,Home,1,255.21,0.0,Credit Card,2.0
ORD-003216,CUST-00397,2024-10-14 23:55:00,France,Sports,4,199.85,0.15,PayPal,5.0
ORD-000286,CUST-01407,2025-03-05 11:21:00,France,Electronics,1,466.28,0.15,Bank Transfer,3.0
ORD-004954,CUST-00215,2025-01-06 18:04:00,France,Sports,4,287.7,0.0,Credit Card,4.0
ORD-000429,CUST-00038,2024-12-06 23:04:00,Germany,Electronics,3,1200.0,0.05,Credit Card,4.0
ORD-004463,CUST-00883,2025-04-09 06:42:00,Spain,Clothing,2,147.81,0.3,Credit Card,2.0
ORD-002333,CUST-00403,2024-02-16 20:21:00,Spain,Electronics,2,732.79,0.2,Credit Card,4.0
ORD-002718,CUST-01036,2025-04-01 04:26:00,Italy,Home,2,268.04,0.0,Apple Pay,5.0
ORD-002080,CUST-00189,2025-03-18 23:04:00,Germany,Electronics,4,419.43,0.3,Credit Card,4.0
ORD-003390,CUST-01017,2025-07-31 09:33:00,Netherlands,Books,4,33.7,0.0,PayPal,4.0
ORD-000723,CUST-01268,2025-03-06 17:23:00,France,Sports,1,178.92,0.15,PayPal,
ORD-000952,CUST-00458,2025-01-27 17:49:00,Netherlands,Electronics,5,653.65,0.15,Credit Card,4.0
ORD-004398,CUST-00388,2025-03-14 19:27:00,France,Electronics,1,1200.0,0.15,Bank Transfer,5.0
ORD-004596,CUST-00065,2025-02-08 03:12:00,Spain,Sports,3,282.11,0.0,Credit Card,3.0
ORD-002263,CUST-00048,2025-01-26 20:31:00,Germany,Electronics,4,648.7,0.0,PayPal,
ORD-000990,CUST-01182,2024-06-20 00:22:00,Belgium,Clothing,1,140.11,0.0,Credit Card,2.0
ORD-003213,CUST-00514,2024-01-18 11:40:00,Germany,Electronics,2,1023.35,0.3,Credit Card,2.0
ORD-001760,CUST-00872,2024-06-15 08:50:00,Spain,Sports,4,400.0,0.0,PayPal,3.0
ORD-004121,CUST-01089,2024-05-17 03:22:00,Germany,Clothing,1,250.0,0.0,PayPal,5.0
ORD-000327,CUST-00355,2024-05-30 14:36:00,France,Clothing,1,69.48,0.0,Credit Card,2.0
ORD-002609,CUST-00790,2025-01-19 10:29:00,France,Books,2,75.1,0.1,Credit Card,4.0
ORD-001384,CUST-01346,2025-09-12 20:11:00,Germany,Electronics,1,622.42,0.1,Bank Transfer,
ORD-001725,CUST-00801,2025-01-13 18:59:00,France,Books,1,78.26,0.0,PayPal,3.0
ORD-001087,CUST-01203,2025-01-12 21:38:00,Italy,Clothing,2,250.0,0.2,Credit Card,5.0
ORD-002524,CUST-00602,2025-09-05 04:33:00,France,Clothing,1,123.74,0.0,Apple Pay,2.0
ORD-000342,CUST-00437,2025-10-12 11:45:00,Netherlands,Sports,4,285.56,0.1,Apple Pay,3.0
ORD-003702,CUST-00347,2025-07-03 22:54:00,France,Home,1,135.93,0.0,Credit Card,5.0
ORD-000148,CUST-00351,2025-01-09 22:48:00,France,Sports,2,83.63,0.2,PayPal,3.0
ORD-000689,CUST-00668,2024-01-20 11:00:00,Germany,Clothing,3,49.59,0.2,Apple Pay,4.0
ORD-003433,CUST-00312,2025-12-15 07:58:00,France,Home,6,500.0,0.15,Credit Card,4.0
ORD-001108,CUST-01361,2025-01-17 15:16:00,Germany,Home,2,377.39,0.0,Bank Transfer,3.0
ORD-000849,CUST-01230,2024-10-19 16:39:00,Italy,Sports,1,73.09,0.0,Credit Card,4.0
ORD-000967,CUST-00903,2025-09-18 07:06:00,Germany,Home,3,110.92,0.0,PayPal,2.0
ORD-004743,CUST-00642,2024-11-07 05:17:00,Italy,Electronics,4,431.71,0.2,Credit Card,3.0
ORD-001493,CUST-00044,2024-09-10 03:17:00,France,Home,6,216.33,0.0,PayPal,4.0
ORD-003954,CUST-00696,2025-03-09 04:00:00,Belgium,Electronics,7,1200.0,0.2,PayPal,4.0
ORD-002204,CUST-00505,2025-01-06 08:43:00,Belgium,Electronics,2,1200.0,0.0,PayPal,3.0
ORD-002714,CUST-00781,2025-10-18 07:41:00,Germany,Home,2,127.33,0.0,Credit Card,3.0
ORD-000662,CUST-01103,2024-01-02 22:51:00,Italy,Home,1,115.73,0.05,PayPal,
ORD-001003,CUST-00838,2024-10-28 05:18:00,Belgium,Electronics,4,309.4,0.1,Bank Transfer,5.0
ORD-000063,CUST-00550,2025-09-22 02:49:00,Italy,Home,1,500.0,0.15,Apple Pay,5.0
ORD-000285,CUST-00662,2024-07-05 16:24:00,France,Electronics,3,1200.0,0.15,Credit Card,4.0
ORD-002225,CUST-00602,2025-10-26 20:53:00,France,Books,1,64.24,0.0,Credit Card,3.0
ORD-004722,CUST-01247,2024-02-16 23:13:00,France,Books,1,80.0,0.0,PayPal,5.0
ORD-001880,CUST-00151,2024-10-24 18:19:00,Spain,Home,3,161.56,0.1,Credit Card,5.0
ORD-003573,CUST-01034,2025-06-25 20:02:00,Netherlands,Clothing,4,140.32,0.1,PayPal,5.0
ORD-004873,CUST-00089,2024-01-28 10:19:00,Belgium,Books,3,70.92,0.0,Credit Card,2.0
ORD-001204,CUST-01143,2024-01-09 04:07:00,France,Books,2,29.29,0.0,Credit Card,1.0
ORD-001991,CUST-00797,2024-07-09 21:46:00,Netherlands,Clothing,1,250.0,0.05,Credit Card,5.0
ORD-000025,CUST-01173,2024-05-07 18:08:00,France,Books,5,80.0,0.15,Apple Pay,1.0
ORD-004868,CUST-00484,2024-02-05 12:36:00,France,Electronics,1,538.71,0.1,Credit Card,3.0
ORD-004694,CUST-01294,2024-03-05 03:59:00,France,Home,1,241.85,0.0,Credit Card,2.0
ORD-004181,CUST-00980,2025-11-26 02:16:00,Germany,Home,7,289.72,0.05,PayPal,1.0
ORD-000763,CUST-01424,2025-04-26 04:26:00,France,Clothing,1,59.01,0.1,Bank Transfer,4.0
ORD-000876,CUST-00757,2025-02-16 05:03:00,Spain,Home,2,351.42,0.15,PayPal,4.0
ORD-004758,CUST-00201,2024-01-18 23:34:00,Belgium,Clothing,1,104.22,0.15,Bank Transfer,5.0
ORD-000939,CUST-00693,2024-12-01 21:31:00,Germany,Books,2,66.75,0.0,PayPal,5.0
ORD-002688,CUST-00847,2024-07-19 10:59:00,France,Electronics,6,348.12,0.05,PayPal,5.0
ORD-003601,CUST-00668,2024-09-18 08:42:00,Spain,Sports,6,181.11,0.1,Credit Card,5.0
ORD-004582,CUST-01459,2024-03-02 02:41:00,France,Clothing,1,158.08,0.0,Credit Card,4.0
ORD-004996,CUST-00318,2024-09-27 11:08:00,Belgium,Books,1,44.05,0.0,Apple Pay,5.0
ORD-004138,CUST-00389,2024-11-03 13:07:00,Netherlands,Books,4,74.94,0.0,Credit Card,5.0
ORD-000386,CUST-00185,2025-03-22 02:36:00,France,Home,6,169.06,0.0,Credit Card,4.0
ORD-004385,CUST-00575,2024-09-12 19:25:00,France,Electronics,3,813.75,0.1,Apple Pay,4.0
ORD-004647,CUST-01119,2025-03-09 05:34:00,France,Sports,1,191.43,0.05,Credit Card,3.0
ORD-000537,CUST-00684,2024-03-03 17:20:00,Spain,Home,2,292.06,0.0,Bank Transfer,5.0
ORD-004681,CUST-00488,2025-09-14 21:50:00,Belgium,Electronics,2,928.84,0.1,Apple Pay,5.0
ORD-003508,CUST-01218,2024-09-13 17:56:00,Italy,Clothing,1,186.77,0.1,Bank Transfer,4.0
ORD-000202,CUST-01363,2024-12-25 14:03:00,Italy,Clothing,1,95.47,0.15,Apple Pay,2.0
ORD-001333,CUST-00638,2024-06-09 20:05:00,Germany,Sports,7,162.86,0.1,Credit Card,5.0
ORD-003503,CUST-00466,2025-03-06 20:55:00,Spain,Books,1,25.32,0.05,PayPal,5.0
ORD-002709,CUST-01096,2024-03-20 02:31:00,France,Books,1,49.98,0.0,PayPal,4.0
ORD-004022,CUST-00072,2024-01-28 21:11:00,France,Clothing,1,116.34,0.0,PayPal,5.0
ORD-001855,CUST-00161,2024-08-26 07:58:00,France,Books,1,22.55,0.0,Bank Transfer,5.0
ORD-004484,CUST-00091,2024-02-05 23:49:00,France,Sports,1,149.85,0.0,PayPal,5.0
ORD-002873,CUST-01228,2025-05-12 10:51:00,,Clothing,5,81.78,0.15,Credit Card,2.0
ORD-003031,CUST-01099,2025-12-18 23:09:00,France,Clothing,7,175.86,0.0,Credit Card,
ORD-001206,CUST-01355,2024-09-08 18:56:00,France,Home,2,424.28,0.0,Bank Transfer,5.0
ORD-001646,CUST-00443,2024-08-20 13:01:00,France,Clothing,2,250.0,0.0,PayPal,2.0
ORD-003418,CUST-01314,2024-02-10 04:56:00,Germany,Home,2,106.21,0.0,Credit Card,3.0
ORD-003477,CUST-00822,2024-06-03 06:45:00,Germany,Sports,1,122.09,0.05,PayPal,4.0
ORD-002862,CUST-01397,2024-08-27 01:42:00,Belgium,Books,6,51.95,0.0,Credit Card,
ORD-001793,CUST-00516,2024-11-25 21:18:00,Spain,Clothing,4,168.71,0.2,PayPal,
ORD-003798,CUST-00098,2025-01-14 17:37:00,Germany,Clothing,2,109.22,0.1,Credit Card,5.0
ORD-003369,CUST-00636,2025-05-03 07:37:00,Spain,Electronics,5,725.27,0.1,Credit Card,4.0
ORD-003368,CUST-00432,2025-10-08 13:40:00,France,Home,2,158.75,0.0,Credit Card,5.0
ORD-003534,CUST-01485,2024-07-17 23:11:00,Belgium,Sports,4,160.75,0.15,Credit Card,5.0
ORD-003450,CUST-00744,2024-10-20 08:28:00,France,Clothing,3,39.07,0.05,PayPal,3.0
ORD-000604,CUST-00202,2025-10-03 19:48:00,Italy,Electronics,5,746.3,0.05,PayPal,4.0
ORD-003057,CUST-01204,2025-11-17 15:43:00,France,Electronics,2,1103.53,0.1,Bank Transfer,5.0
ORD-004375,CUST-00455,2025-02-08 22:29:00,France,Clothing,4,250.0,0.0,Credit Card,5.0
ORD-000127,CUST-00119,2024-12-21 12:09:00,France,Books,1,69.41,0.05,Credit Card,4.0
ORD-003877,CUST-01043,2025-12-22 04:30:00,France,Electronics,4,516.22,0.1,Credit Card,3.0
ORD-002936,CUST-00343,2025-05-23 20:19:00,France,Clothing,1,115.97,0.1,PayPal,5.0
ORD-003532,CUST-00107,2024-06-26 21:52:00,France,Sports,5,334.82,0.0,Credit Card,3.0
ORD-002731,CUST-01442,2025-07-17 08:46:00,Netherlands,Clothing,1,250.0,0.1,Credit Card,4.0
ORD-000828,CUST-01346,2024-06-03 11:11:00,Germany,Sports,4,373.15,0.1,Credit Card,4.0
ORD-001640,CUST-00410,2024-09-20 16:42:00,Netherlands,Clothing,2,162.17,0.0,Credit Card,5.0
ORD-000985,CUST-00881,2025-10-26 01:39:00,Italy,Clothing,2,172.4,0.05,Credit Card,5.0
ORD-003282,CUST-01132,2024-05-24 03:16:00,France,Clothing,2,135.44,0.0,Credit Card,5.0
ORD-004987,CUST-01450,2025-08-01 03:25:00,Belgium,Books,3,26.54,0.0,Credit Card,2.0
ORD-002189,CUST-00693,2024-05-13 11:07:00,France,Electronics,1,741.27,0.0,Bank Transfer,5.0
ORD-004628,CUST-00272,2025-02-15 04:56:00,Spain,Sports,2,127.84,0.15,PayPal,2.0
ORD-002444,CUST-00319,2025-10-13 20:39:00,France,Books,4,50.22,0.1,PayPal,5.0
ORD-000363,CUST-00336,2024-11-21 10:23:00,France,Home,5,252.07,0.0,Bank Transfer,5.0
ORD-002350,CUST-00757,2025-10-04 03:50:00,France,Electronics,3,258.53,0.0,Credit Card,3.0
ORD-000346,CUST-00384,2024-03-07 13:19:00,Belgium,Sports,5,400.0,0.0,Apple Pay,4.0
ORD-000815,CUST-01167,2025-02-18 12:40:00,France,Electronics,2,507.95,0.0,Apple Pay,
ORD-003206,CUST-01017,2025-07-29 18:07:00,Germany,Clothing,2,250.0,0.1,Credit Card,4.0
ORD-004174,CUST-00533,2024-05-21 21:35:00,Spain,Clothing,1,42.96,0.0,PayPal,4.0
ORD-004811,CUST-00306,2025-04-21 11:14:00,Netherlands,Clothing,5,129.72,0.1,Credit Card,2.0
ORD-003326,CUST-01175,2024-01-15 11:09:00,Spain,Home,2,134.95,0.0,Bank Transfer,3.0
ORD-004107,CUST-00155,2025-09-07 10:19:00,Italy,Home,1,195.74,0.15,Credit Card,5.0
ORD-002117,CUST-01441,2024-06-16 12:37:00,Germany,clothing,2,53.13,0.0,Credit Card,
ORD-001835,CUST-00616,2025-04-23 01:23:00,France,Sports,2,136.42,0.0,Credit Card,4.0
ORD-000794,CUST-01239,2024-10-05 16:02:00,Netherlands,Electronics,4,635.13,0.1,Bank Transfer,4.0
ORD-004962,CUST-00758,2024-06-16 14:47:00,France,Electronics,2,1200.0,0.05,PayPal,5.0
ORD-002675,CUST-01397,2024-01-08 03:46:00,France,Books,1,11.49,0.0,Credit Card,3.0
ORD-000095,CUST-01348,2025-08-26 18:59:00,Belgium,Home,1,500.0,0.0,PayPal,5.0
ORD-003757,CUST-00956,2025-08-13 06:03:00,Netherlands,Clothing,2,109.24,0.0,Credit Card,3.0
ORD-002892,CUST-00853,2024-02-10 05:38:00,Belgium,Clothing,1,191.89,0.15,Bank Transfer,4.0
ORD-002372,CUST-01235,2024-04-08 15:34:00,France,Clothing,1,181.04,0.0,Credit Card,3.0
ORD-004163,CUST-00845,2025-06-18 17:51:00,Belgium,Clothing,1,190.35,0.05,Apple Pay,3.0
ORD-004447,CUST-00462,2025-06-11 07:16:00,Italy,,4,233.92,0.0,Bank Transfer,3.0
ORD-003229,CUST-01107,2025-04-06 21:14:00,France,Electronics,5,838.01,0.0,Credit Card,3.0
ORD-002854,CUST-00135,2025-06-12 06:22:00,France,Electronics,1,1036.51,0.0,Bank Transfer,5.0
ORD-002913,CUST-00708,2024-12-15 15:40:00,France,Clothing,1,88.83,0.05,Credit Card,4.0
ORD-001866,CUST-00608,2024-06-25 07:15:00,Spain,Clothing,1,93.37,0.0,PayPal,4.0
ORD-001858,CUST-00877,2024-03-23 04:47:00,Germany,Books,1,79.22,0.3,PayPal,5.0
ORD-002646,CUST-00009,2025-06-22 14:57:00,Belgium,Electronics,8,476.52,0.0,Credit Card,
ORD-002244,CUST-00168,2025-05-06 13:19:00,Belgium,Home,1,167.36,0.05,PayPal,4.0
ORD-002337,CUST-00683,2025-01-07 01:08:00,France,Sports,2,61.58,0.0,Credit Card,4.0
ORD-000951,CUST-00141,2024-08-18 13:14:00,Germany,Home,7,120.95,0.05,Bank Transfer,5.0
ORD-003069,CUST-00224,2025-08-28 13:51:00,France,Sports,1,281.51,0.0,PayPal,4.0
ORD-001121,CUST-00021,2024-05-14 17:46:00,Belgium,Clothing,1,220.93,0.1,PayPal,4.0
ORD-002598,CUST-01085,2025-07-08 11:47:00,Germany,Sports,6,318.85,0.1,Bank Transfer,3.0
ORD-002205,CUST-00682,2025-10-04 16:46:00,Germany,Electronics,1,996.8,0.0,PayPal,5.0
ORD-000420,CUST-00760,2025-05-18 17:56:00,Italy,Electronics,6,583.06,0.1,Credit Card,5.0
ORD-000923,CUST-00670,2025-10-04 11:17:00,Italy,Electronics,2,391.71,0.0,Credit Card,3.0
ORD-001255,CUST-00975,2025-07-21 07:17:00,Germany,Electronics,2,239.97,0.05,Credit Card,5.0
ORD-000478,CUST-00027,2025-06-30 06:21:00,Germany,Books,3,33.3,0.0,PayPal,4.0
ORD-002036,CUST-01270,2024-09-13 14:10:00,Belgium,Books,2,22.72,0.0,Credit Card,5.0
ORD-001203,CUST-01478,2024-08-20 08:43:00,Spain,Clothing,4,92.74,0.0,PayPal,5.0
ORD-002627,CUST-01469,2024-06-27 13:44:00,Germany,Clothing,2,250.0,0.05,Credit Card,5.0
ORD-004834,CUST-00356,2024-04-07 05:57:00,France,Clothing,1,73.66,0.0,Credit Card,3.0
ORD-001971,CUST-01244,2025-03-26 12:10:00,Italy,Books,2,59.84,0.1,Bank Transfer,3.0
ORD-003111,CUST-00810,2024-02-14 10:20:00,Germany,Books,1,24.9,0.0,Credit Card,3.0
ORD-004019,CUST-00281,2024-06-29 16:57:00,Germany,Electronics,1,512.01,0.0,Bank Transfer,3.0
ORD-002152,CUST-00484,2025-04-20 23:19:00,Belgium,Electronics,4,457.95,0.1,Credit Card,5.0
ORD-003688,CUST-01412,2025-03-08 16:21:00,France,Books,1,33.96,0.0,Bank Transfer,5.0
ORD-001998,CUST-01491,2024-07-02 21:57:00,Germany,Books,2,34.89,0.0,Credit Card,2.0
ORD-004034,CUST-00420,2025-04-28 08:36:00,Germany,Books,2,80.0,0.0,Apple Pay,1.0
ORD-003055,CUST-01182,2024-07-04 20:23:00,France,Electronics,2,320.73,0.1,Credit Card,2.0
ORD-001249,CUST-00488,2024-10-23 12:05:00,France,Clothing,1,250.0,0.0,Credit Card,
ORD-002193,CUST-00430,2025-07-28 19:59:00,France,Clothing,1,78.58,0.2,Bank Transfer,4.0
ORD-002713,CUST-01411,2025-03-30 14:45:00,Spain,Sports,1,105.05,0.1,Credit Card,5.0
ORD-000993,CUST-00296,2024-02-16 23:28:00,Spain,Electronics,1,266.95,0.0,Credit Card,4.0
ORD-002191,CUST-00544,2024-03-07 17:48:00,Spain,Home,3,206.46,0.1,Apple Pay,5.0
ORD-003763,CUST-00864,2025-05-12 08:45:00,France,Books,2,80.0,0.05,Credit Card,4.0
ORD-003598,CUST-00832,2025-04-24 11:35:00,Belgium,Clothing,2,145.42,0.0,Bank Transfer,5.0
ORD-001319,CUST-00674,2025-10-19 05:38:00,Spain,Clothing,3,75.19,0.0,PayPal,4.0
ORD-001864,CUST-00557,2025-07-11 23:35:00,Italy,Electronics,1,442.58,0.3,Credit Card,5.0
ORD-002344,CUST-01107,2024-03-29 17:03:00,Belgium,Home,4,325.0,0.2,PayPal,4.0
ORD-002450,CUST-00258,2024-11-08 18:25:00,,Clothing,3,120.33,0.0,Bank Transfer,4.0
ORD-002137,CUST-00817,2025-05-01 12:05:00,Germany,Home,7,271.51,0.0,PayPal,5.0
ORD-001066,CUST-00582,2025-03-30 08:41:00,France,Sports,3,91.76,0.3,Bank Transfer,4.0
ORD-004976,CUST-01205,2024-04-14 02:58:00,Italy,Clothing,5,152.33,0.1,Apple Pay,4.0
ORD-002622,CUST-00589,2024-11-18 07:06:00,Italy,Electronics,1,407.66,0.05,PayPal,5.0
ORD-000078,CUST-00341,2024-12-27 07:11:00,France,Books,3,41.72,0.0,Bank Transfer,4.0
ORD-002899,CUST-01195,2024-02-26 10:34:00,Italy,Books,1,25.7,0.05,PayPal,5.0
ORD-001315,CUST-01354,2025-11-05 06:01:00,France,Electronics,4,1200.0,0.0,Apple Pay,2.0
ORD-004387,CUST-00391,2025-11-11 08:47:00,Germany,Home,2,98.53,0.3,Bank Transfer,4.0
ORD-000873,CUST-00171,2025-03-26 22:15:00,Italy,Electronics,2,280.96,0.0,Bank Transfer,4.0
ORD-003851,CUST-01101,2025-04-28 08:50:00,Germany,Clothing,1,85.49,0.0,Credit Card,4.0
ORD-004803,CUST-00333,2024-01-05 06:30:00,France,Home,3,483.43,0.0,PayPal,5.0
ORD-002966,CUST-00890,2025-06-06 23:42:00,Italy,Books,2,61.21,0.0,Credit Card,4.0
ORD-003392,CUST-00785,2024-04-16 14:59:00,Belgium,Electronics,1,804.08,0.0,Apple Pay,5.0
ORD-002561,CUST-00867,2025-01-20 20:59:00,France,Electronics,4,1200.0,0.05,Credit Card,2.0
ORD-004948,CUST-00780,2024-05-29 15:32:00,Germany,Electronics,2,1200.0,0.05,Credit Card,3.0
ORD-002636,CUST-00040,2024-12-24 10:16:00,Spain,Home,1,377.45,0.05,PayPal,4.0
ORD-003531,CUST-00571,2024-04-24 17:03:00,Italy,Sports,3,400.0,0.15,Apple Pay,5.0
ORD-000376,CUST-00142,2024-06-27 03:52:00,Italy,Clothing,1,138.6,0.05,Credit Card,4.0
ORD-001909,CUST-00055,2025-09-12 03:47:00,Germany,Clothing,3,92.63,0.0,Credit Card,1.0
ORD-004347,CUST-00075,2025-09-29 19:31:00,France,Books,3,43.45,0.1,PayPal,4.0
ORD-004394,CUST-00102,2024-11-06 22:39:00,Belgium,Clothing,8,218.2,0.0,PayPal,4.0
ORD-004028,CUST-00662,2024-05-13 13:00:00,Italy,Electronics,2,721.8,0.1,Bank Transfer,3.0
ORD-001605,CUST-00187,2024-09-05 21:30:00,France,Home,2,281.45,0.05,Credit Card,5.0
ORD-001119,CUST-01085,2025-02-10 23:56:00,Germany,Sports,1,99.79,0.15,Credit Card,4.0
ORD-003678,CUST-01154,2024-06-25 12:45:00,France,Electronics,1,625.65,0.1,Credit Card,5.0
ORD-003491,CUST-00162,2025-01-22 09:33:00,France,Clothing,5,73.88,0.05,Bank Transfer,
ORD-004880,CUST-01135,2024-10-19 02:53:00,Italy,Home,1,315.57,0.05,Credit Card,
ORD-002959,CUST-00769,2025-10-06 13:38:00,Netherlands,Books,2,57.88,0.0,Credit Card,5.0
ORD-001995,CUST-01131,2025-10-31 15:53:00,France,Clothing,7,151.55,0.1,PayPal,1.0
ORD-004971,CUST-01284,2025-03-28 11:11:00,Italy,Sports,2,320.59,0.0,Credit Card,4.0
ORD-004370,CUST-00790,2025-07-29 06:50:00,Belgium,,3,274.53,0.0,PayPal,4.0
ORD-002377,CUST-01281,2025-08-29 07:57:00,France,Sports,2,168.32,0.1,Credit Card,5.0
ORD-001343,CUST-00180,2025-12-13 02:35:00,France,Clothing,5,250.0,0.2,Credit Card,5.0
ORD-000321,CUST-00482,2024-05-07 14:49:00,Italy,Books,1,35.05,0.0,Credit Card,4.0
ORD-001620,CUST-01488,2025-06-07 08:17:00,France,Books,1,29.09,0.1,PayPal,4.0
ORD-003714,CUST-00336,2025-12-17 00:25:00,Germany,Home,6,409.62,0.0,Credit Card,3.0
ORD-002061,CUST-01342,2024-10-27 10:36:00,France,Sports,1,100.65,0.0,PayPal,5.0
ORD-002220,CUST-00289,2025-01-19 12:47:00,Spain,Clothing,1,224.1,0.0,PayPal,1.0
ORD-001674,CUST-01138,2024-10-21 04:14:00,Italy,Clothing,1,69.0,0.0,Credit Card,5.0
ORD-000261,CUST-01191,2024-05-21 03:53:00,Belgium,Clothing,4,45.6,0.0,Apple Pay,3.0
ORD-004432,CUST-00132,2024-06-23 06:27:00,Spain,Sports,1,344.18,0.15,Credit Card,5.0
ORD-002040,CUST-00675,2025-05-05 07:08:00,Spain,Books,6,80.0,0.1,PayPal,3.0
ORD-000902,CUST-00064,2024-07-21 22:22:00,France,Clothing,2,105.37,0.05,Apple Pay,5.0
ORD-003745,CUST-00363,2024-06-13 13:47:00,Spain,Clothing,2,121.75,0.05,PayPal,
ORD-002027,CUST-00921,2025-06-27 00:05:00,Belgium,Sports,2,155.34,0.3,PayPal,5.0
ORD-004235,CUST-00389,2024-05-20 03:15:00,France,Sports,1,143.91,0.2,Credit Card,4.0
ORD-001918,CUST-00736,2025-05-13 07:15:00,Spain,Electronics,2,1200.0,0.0,PayPal,5.0
ORD-001829,CUST-00921,2024-03-21 07:54:00,France,Books,3,80.0,0.0,Credit Card,
ORD-001574,CUST-01220,2024-07-22 19:30:00,Belgium,Electronics,1,334.71,0.1,PayPal,
ORD-004409,CUST-00391,2025-06-23 11:47:00,Germany,Home,4,359.66,0.05,Credit Card,4.0
ORD-004209,CUST-00340,2024-09-09 14:00:00,France,Clothing,1,87.9,0.1,Credit Card,
ORD-000225,CUST-01083,2025-11-27 15:29:00,Italy,Home,5,160.39,0.15,Apple Pay,5.0
ORD-000724,CUST-00180,2025-10-30 21:48:00,France,Books,1,80.0,0.2,PayPal,4.0
ORD-004792,CUST-01487,2025-09-18 17:51:00,Italy,Home,4,222.57,0.2,Bank Transfer,4.0
ORD-001142,CUST-00508,2024-09-17 01:26:00,France,Clothing,6,106.23,0.1,Credit Card,3.0
ORD-002763,CUST-00547,2025-07-01 08:44:00,Germany,Sports,4,336.53,0.2,Credit Card,3.0
ORD-000847,CUST-00235,2024-08-01 15:39:00,Italy,Clothing,3,121.39,0.0,PayPal,5.0
ORD-002552,CUST-00482,2025-09-10 17:34:00,Germany,Electronics,3,205.78,0.0,PayPal,5.0
ORD-002929,CUST-00279,2025-12-14 01:45:00,France,Home,2,169.61,0.0,Credit Card,5.0
ORD-000118,CUST-00210,2025-01-01 02:28:00,Germany,Sports,1,124.27,0.1,Credit Card,5.0
ORD-000646,CUST-00493,2024-08-08 11:18:00,France,Electronics,1,453.07,0.1,PayPal,4.0
ORD-000004,CUST-00659,2024-07-21 20:03:00,France,Books,1,43.43,0.1,Bank Transfer,5.0
ORD-004171,CUST-00560,2025-10-04 05:12:00,Belgium,Books,2,30.06,0.1,PayPal,5.0
ORD-000468,CUST-00895,2025-07-10 07:55:00,France,Electronics,1,580.87,0.05,Credit Card,
ORD-000006,CUST-01288,2025-11-15 01:31:00,France,Electronics,2,380.34,0.1,PayPal,1.0
ORD-000920,CUST-00955,2024-01-15 19:25:00,France,Sports,2,268.91,0.0,Credit Card,5.0
ORD-002596,CUST-00250,2024-08-21 04:08:00,Italy,Clothing,1,35.8,0.0,Credit Card,5.0
ORD-001064,CUST-01059,2024-06-09 04:19:00,France,Clothing,2,108.89,0.05,Bank Transfer,2.0
ORD-002591,CUST-00106,2024-05-17 21:31:00,Spain,Books,1,78.6,0.15,PayPal,5.0
ORD-000243,CUST-00143,2025-01-17 02:24:00,France,Electronics,1,247.55,0.05,Credit Card,
ORD-001161,CUST-00875,2025-04-09 18:58:00,France,Electronics,1,672.71,0.1,Apple Pay,5.0
ORD-002871,CUST-00424,2024-07-19 18:45:00,Belgium,Sports,6,302.02,0.1,Credit Card,4.0
ORD-003736,CUST-00306,2025-07-01 00:43:00,Italy,Electronics,3,564.19,0.0,PayPal,3.0
ORD-002398,CUST-00434,2024-09-30 10:03:00,Germany,Books,4,76.61,0.05,Credit Card,4.0
ORD-003518,CUST-01355,2024-11-08 10:12:00,France,Sports,1,353.43,0.1,Apple Pay,5.0
ORD-003422,CUST-01182,2025-05-28 22:53:00,Italy,Electronics,1,450.84,0.05,Apple Pay,3.0
ORD-002564,CUST-00614,2024-07-26 21:38:00,Netherlands,Home,1,289.57,0.1,Credit Card,4.0
ORD-001606,CUST-01336,2024-03-29 05:40:00,France,Electronics,4,256.63,0.0,Apple Pay,5.0
ORD-004998,CUST-01230,2024-11-22 00:18:00,France,Books,2,21.59,0.05,Bank Transfer,
ORD-002325,CUST-01121,2025-02-21 01:24:00,Germany,Clothing,3,82.88,0.0,Bank Transfer,5.0
ORD-002710,CUST-01312,2025-11-21 14:26:00,France,Books,1,20.81,0.2,Credit Card,1.0
ORD-004413,CUST-00501,2025-12-28 14:48:00,France,Clothing,4,120.18,0.0,PayPal,4.0
ORD-001313,CUST-01170,2025-12-31 23:53:00,,Sports,5,114.37,0.0,PayPal,5.0
ORD-003449,CUST-00909,2025-08-07 22:36:00,Belgium,Clothing,3,86.8,0.15,PayPal,5.0
ORD-003813,CUST-01013,2024-03-31 09:47:00,Spain,Sports,1,327.38,0.05,Credit Card,4.0
ORD-004671,CUST-00144,2025-09-21 15:27:00,Germany,Electronics,3,598.03,0.3,Credit Card,3.0
ORD-002363,CUST-01443,2025-08-23 23:46:00,France,Electronics,1,1200.0,0.05,Credit Card,5.0
ORD-001976,CUST-00076,2024-03-18 18:44:00,France,Electronics,3,748.68,0.3,Credit Card,5.0
ORD-003515,CUST-00395,2024-06-29 02:47:00,France,Clothing,1,129.82,0.0,PayPal,4.0
ORD-001762,CUST-00614,2025-02-15 13:19:00,Germany,Books,6,55.05,0.1,Credit Card,4.0
ORD-002740,CUST-00517,2024-03-20 07:00:00,Italy,Home,1,236.56,0.0,Credit Card,2.0
ORD-004675,CUST-01249,2024-06-23 10:08:00,Netherlands,Books,1,65.17,0.05,Credit Card,4.0
ORD-002473,CUST-00623,2025-11-06 00:08:00,France,Home,2,202.35,0.1,Credit Card,4.0
ORD-004008,CUST-00977,2024-07-29 06:31:00,Netherlands,Home,4,254.02,0.05,Apple Pay,
ORD-001494,CUST-00500,2025-04-11 14:12:00,France,Home,5,242.28,0.15,Bank Transfer,5.0
ORD-004207,CUST-01360,2025-11-08 21:59:00,Italy,Electronics,2,239.26,0.0,Credit Card,5.0
ORD-002159,CUST-01220,2025-12-05 16:03:00,France,Sports,1,210.48,0.0,Credit Card,5.0
ORD-001170,CUST-01377,2025-01-22 00:50:00,Italy,Sports,2,80.61,0.0,Bank Transfer,5.0
ORD-004531,CUST-00046,2025-01-23 09:45:00,France,Clothing,2,250.0,0.1,PayPal,5.0
ORD-000233,CUST-00030,2024-02-25 18:43:00,France,Clothing,3,94.09,0.1,PayPal,4.0
ORD-000067,CUST-01359,2025-02-19 22:26:00,Germany,Books,2,24.58,0.05,Credit Card,5.0
ORD-001604,CUST-00476,2025-06-03 23:34:00,Netherlands,Electronics,2,343.55,0.0,Apple Pay,2.0
ORD-003284,CUST-00147,2025-07-01 11:11:00,France,Clothing,4,149.15,0.0,Bank Transfer,2.0
ORD-003597,CUST-00509,2025-10-26 09:47:00,France,Electronics,2,644.89,0.1,Credit Card,
ORD-000126,CUST-00848,2025-05-05 04:15:00,France,Home,6,500.0,0.2,Apple Pay,5.0
ORD-001297,CUST-00395,2025-02-14 02:54:00,Italy,Electronics,2,588.51,0.05,Credit Card,5.0
ORD-001977,CUST-01398,2024-08-03 01:19:00,France,Electronics,1,387.76,0.0,Credit Card,3.0
ORD-004532,CUST-00190,2024-03-15 17:56:00,France,Books,2,52.45,0.0,PayPal,4.0
ORD-004691,CUST-00003,2025-09-01 08:27:00,Belgium,Home,3,202.87,0.05,PayPal,3.0
ORD-002076,CUST-00613,2024-07-28 22:39:00,Netherlands,Home,2,367.09,0.0,Bank Transfer,4.0
ORD-003087,CUST-00273,2024-11-13 07:58:00,Germany,Electronics,6,573.6,0.1,Credit Card,4.0
ORD-004360,CUST-01455,2024-09-20 07:02:00,Germany,Home,1,203.58,0.0,Credit Card,5.0
ORD-003346,CUST-01140,2025-05-06 21:21:00,Belgium,Clothing,5,176.37,0.05,PayPal,2.0
ORD-004479,CUST-01305,2025-12-06 23:00:00,France,Electronics,4,1200.0,0.1,Credit Card,3.0
ORD-002798,CUST-00852,2024-07-23 17:20:00,France,Clothing,3,250.0,0.05,PayPal,4.0
ORD-000919,CUST-00382,2024-04-23 22:08:00,Italy,Electronics,1,461.42,0.0,PayPal,
ORD-001647,CUST-00516,2025-03-27 14:34:00,Spain,Books,4,60.57,0.1,PayPal,5.0
ORD-000365,CUST-00174,2024-05-08 11:18:00,France,Home,1,195.88,0.15,Credit Card,4.0
ORD-003288,CUST-00301,2025-08-31 13:38:00,Netherlands,Books,1,63.19,0.05,Credit Card,2.0
ORD-002126,CUST-00383,2024-05-22 23:46:00,Italy,Sports,1,135.24,0.0,PayPal,4.0
ORD-004124,CUST-00399,2024-06-28 17:07:00,Germany,Electronics,6,879.06,0.3,Apple Pay,
ORD-000526,CUST-00466,2024-11-03 00:05:00,Germany,Home,4,141.14,0.05,Bank Transfer,4.0
ORD-000056,CUST-00066,2024-02-26 17:11:00,France,Sports,1,371.68,0.0,Bank Transfer,4.0
ORD-000639,CUST-01190,2024-05-25 21:01:00,Germany,Clothing,1,62.58,0.1,PayPal,5.0
ORD-000303,CUST-00015,2024-12-08 21:47:00,Spain,Books,2,19.57,0.05,Credit Card,5.0
ORD-002767,CUST-00555,2024-05-06 07:44:00,France,Clothing,4,188.44,0.0,Credit Card,3.0
ORD-001277,CUST-00986,2025-04-03 06:56:00,France,Electronics,1,648.31,0.0,Credit Card,5.0
ORD-002056,CUST-00550,2024-08-25 22:43:00,Spain,Electronics,1,526.73,0.1,Bank Transfer,5.0
ORD-003645,CUST-01439,2025-05-10 12:34:00,France,Home,2,212.45,0.0,Credit Card,4.0
ORD-004144,CUST-00673,2024-01-03 16:01:00,Italy,Books,1,49.19,0.2,Bank Transfer,3.0
ORD-002879,CUST-01307,2025-03-04 04:07:00,Spain,Electronics,8,1200.0,0.0,Apple Pay,5.0
ORD-004203,CUST-00516,2025-12-11 05:23:00,Belgium,Clothing,2,175.31,0.0,Credit Card,3.0
ORD-002287,CUST-01360,2024-07-01 01:06:00,Germany,Home,4,168.59,0.0,Bank Transfer,4.0
ORD-002262,CUST-01500,2025-03-06 07:31:00,Germany,Clothing,7,250.0,0.0,Credit Card,4.0
ORD-002297,CUST-00252,2025-10-14 00:28:00,Netherlands,Clothing,4,97.65,0.0,PayPal,4.0
ORD-001754,CUST-00592,2025-12-14 04:17:00,Spain,Home,1,410.54,0.0,PayPal,4.0
ORD-001969,CUST-01259,2025-01-10 17:53:00,Germany,Electronics,2,486.77,0.0,Apple Pay,5.0
ORD-004366,CUST-01258,2024-10-25 10:59:00,Italy,Sports,1,149.18,0.2,Credit Card,5.0
ORD-003118,CUST-00965,2024-01-05 08:06:00,Netherlands,Electronics,1,1200.0,0.05,Credit Card,5.0
ORD-002394,CUST-00332,2025-06-17 16:03:00,France,Electronics,1,365.75,0.15,PayPal,5.0
ORD-000524,CUST-01237,2024-05-19 20:38:00,Germany,Electronics,1,413.26,0.0,Credit Card,4.0
ORD-003901,CUST-00778,2025-05-31 21:24:00,France,Books,1,30.82,0.2,PayPal,3.0
ORD-003123,CUST-00708,2024-09-30 08:13:00,Germany,Home,1,136.67,0.15,PayPal,5.0
ORD-004157,CUST-01061,2025-12-02 18:04:00,Italy,Home,3,146.28,0.0,Bank Transfer,5.0
ORD-001970,CUST-00230,2024-05-07 22:55:00,France,Home,1,76.94,0.1,PayPal,5.0
ORD-000672,CUST-00922,2024-12-28 10:48:00,Italy,Electronics,1,1200.0,0.0,Credit Card,5.0
ORD-004189,CUST-00063,2025-02-21 22:08:00,Italy,Home,6,500.0,0.2,Bank Transfer,4.0
ORD-000667,CUST-00755,2024-10-31 20:54:00,France,Home,8,400.78,0.0,Credit Card,4.0
ORD-004353,CUST-00827,2025-11-10 00:37:00,Spain,Books,3,80.0,0.0,Bank Transfer,4.0
ORD-001888,CUST-00621,2025-07-13 06:44:00,France,Sports,3,287.34,0.0,Credit Card,3.0
ORD-003267,CUST-01108,2024-05-24 18:56:00,Spain,Clothing,2,94.42,0.0,PayPal,4.0
ORD-000281,CUST-00414,2025-07-22 23:33:00,Spain,Books,1,52.13,0.2,Credit Card,5.0
ORD-001720,CUST-00776,2024-09-12 21:43:00,Netherlands,Clothing,2,178.56,0.0,Apple Pay,4.0
ORD-002948,CUST-00747,2025-07-03 03:47:00,Germany,Home,2,265.08,0.0,Credit Card,4.0
ORD-000900,CUST-00925,2024-06-21 01:16:00,France,Clothing,1,153.88,0.0,Credit Card,4.0
ORD-004866,CUST-00880,2024-07-28 22:03:00,France,Clothing,3,250.0,0.15,Credit Card,3.0
ORD-000761,CUST-00264,2025-04-16 06:42:00,France,Clothing,1,82.7,0.05,PayPal,3.0
ORD-001907,CUST-00445,2024-07-29 19:24:00,Spain,Clothing,1,224.91,0.2,Credit Card,5.0
ORD-004043,CUST-01140,2024-05-06 05:33:00,Italy,Books,3,80.0,0.0,PayPal,3.0
ORD-003824,CUST-00268,2025-10-15 00:06:00,Belgium,Home,1,500.0,0.0,Credit Card,4.0
ORD-004139,CUST-01322,2025-02-16 00:36:00,France,Electronics,1,911.61,0.0,Credit Card,5.0
ORD-003819,CUST-00941,2024-04-24 03:01:00,France,Home,2,165.5,0.1,PayPal,5.0
ORD-004301,CUST-00415,2024-06-17 07:00:00,Netherlands,Books,3,26.69,0.0,Bank Transfer,3.0
ORD-002594,CUST-00142,2024-05-27 10:08:00,Germany,Home,3,198.41,0.0,Credit Card,5.0
ORD-004165,CUST-01072,2025-05-24 16:46:00,France,Home,2,294.75,0.3,Credit Card,5.0
ORD-003032,CUST-00409,2024-10-06 07:19:00,Germany,Sports,4,291.59,0.0,Credit Card,3.0
ORD-003580,CUST-00117,2025-03-06 16:41:00,France,Clothing,2,101.14,0.2,Credit Card,5.0
ORD-002833,CUST-00451,2025-07-18 10:06:00,France,Home,1,215.83,0.0,Apple Pay,5.0
ORD-003473,CUST-01103,2025-02-23 08:20:00,France,Books,8,54.93,0.1,PayPal,3.0
ORD-000138,CUST-00047,2024-12-08 12:53:00,Spain,Electronics,1,518.18,0.2,Credit Card,5.0
ORD-002181,CUST-01050,2025-08-18 19:09:00,France,Books,6,17.24,0.1,Bank Transfer,3.0
ORD-002129,CUST-00097,2024-06-25 12:32:00,France,Clothing,3,208.82,0.0,Credit Card,4.0
ORD-003178,CUST-00445,2024-02-09 23:19:00,Germany,Clothing,1,223.73,0.05,Apple Pay,5.0
ORD-004382,CUST-00173,2024-08-23 16:39:00,Germany,Sports,1,150.32,0.15,Credit Card,4.0
ORD-004262,CUST-00304,2025-05-31 16:45:00,Spain,Home,4,190.72,0.15,Credit Card,4.0
ORD-004345,CUST-00562,2024-06-11 15:05:00, France,Home,1,307.16,0.2,PayPal,5.0
ORD-001332,CUST-01077,2024-12-16 00:29:00,Netherlands,Home,1,135.99,0.15,Bank Transfer,5.0
ORD-002018,CUST-01090,2025-10-31 22:18:00,Belgium,Clothing,1,72.02,0.0,Bank Transfer,5.0
ORD-002483,CUST-00271,2024-02-04 03:33:00,France,Electronics,3,660.28,0.1,Credit Card,4.0
ORD-001359,CUST-00155,2024-11-02 20:42:00,France,Home,1,434.89,0.2,PayPal,4.0
ORD-001330,CUST-00513,2024-03-19 00:16:00,Netherlands,Electronics,2,422.55,0.2,Credit Card,4.0
ORD-002151,CUST-00493,2025-07-20 21:46:00,France,Sports,4,388.48,0.0,Credit Card,3.0
ORD-002123,CUST-00874,2025-06-30 14:51:00,France,Home,5,93.47,0.0,Credit Card,5.0
ORD-003982,CUST-00133,2025-08-09 19:24:00,France,Home,3,244.2,0.0,Bank Transfer,4.0
ORD-001253,CUST-00112,2025-06-14 21:13:00,France,Clothing,4,173.25,0.0,Bank Transfer,5.0
ORD-003279,CUST-01490,2024-03-25 21:42:00,France,Electronics,4,575.85,0.1,Bank Transfer,5.0
ORD-003375,CUST-01009,2024-02-23 07:07:00,Netherlands,Electronics,2,1200.0,0.1,Credit Card,4.0
ORD-002815,CUST-00300,2024-01-16 09:23:00,France,Books,6,80.0,0.05,PayPal,5.0
ORD-001849,CUST-00782,2025-03-11 19:51:00,France,Electronics,1,668.32,0.05,PayPal,4.0
ORD-003038,CUST-00232,2024-10-06 07:51:00,Spain,Home,3,269.13,0.1,Credit Card,5.0
ORD-000389,CUST-01338,2024-07-01 15:18:00,France,Home,2,168.56,0.0,Credit Card,4.0
ORD-000236,CUST-01080,2025-08-18 09:19:00,France,Sports,3,208.26,0.0,Credit Card,5.0
ORD-001078,CUST-00249,2024-07-14 20:35:00,Germany,Clothing,1,130.01,0.1,Bank Transfer,2.0
ORD-001985,CUST-00956,2025-11-04 05:05:00,France,home,1,397.87,0.15,Apple Pay,4.0
ORD-004364,CUST-01452,2024-08-12 00:03:00,Spain,Electronics,1,365.67,0.1,Credit Card,4.0
ORD-003963,CUST-00986,2024-12-07 09:55:00,Belgium,Books,3,52.9,0.0,Credit Card,3.0
ORD-000771,CUST-00978,2025-09-29 01:30:00,France,Sports,1,192.79,0.05,Apple Pay,5.0
ORD-002166,CUST-01386,2025-11-28 09:58:00,France,Books,1,36.61,0.1,Credit Card,5.0
ORD-000674,CUST-00143,2024-07-22 12:57:00,Italy,Home,1,354.38,0.0,PayPal,3.0
ORD-000250,CUST-00063,2024-07-01 22:07:00,Netherlands,Electronics,2,694.35,0.1,Bank Transfer,5.0
ORD-001575,CUST-00223,2024-03-31 21:17:00,Italy,Sports,4,333.47,0.0,Bank Transfer,4.0
ORD-003420,CUST-00427,2024-02-05 09:50:00,Germany,Electronics,3,270.65,0.1,Credit Card,3.0
ORD-002082,CUST-00138,2024-08-15 13:38:00,Belgium,Clothing,1,239.37,0.0,Credit Card,5.0
ORD-001824,CUST-01316,2025-06-04 14:37:00,Spain,Sports,2,400.0,0.1,Credit Card,5.0
ORD-000717,CUST-00777,2024-07-25 07:35:00,Germany,Electronics,2,1132.95,0.05,Credit Card,
ORD-004684,CUST-00104,2024-03-03 22:34:00,Italy,Electronics,3,765.76,0.1,Bank Transfer,4.0
ORD-002049,CUST-01127,2025-05-15 12:20:00,Germany,,3,216.61,0.0,Credit Card,5.0
ORD-004179,CUST-00691,2025-11-02 23:06:00,Germany,Books,8,80.0,0.0,Credit Card,5.0
ORD-002725,CUST-01186,2025-02-16 00:01:00,France,Clothing,6,73.52,0.0,PayPal,3.0
ORD-004536,CUST-00762,2024-06-28 20:34:00,Spain,Sports,1,97.17,0.2,Bank Transfer,5.0
ORD-001461,CUST-01186,2024-01-04 11:43:00,Germany,Clothing,1,101.67,0.0,PayPal,1.0
ORD-001669,CUST-00799,2024-07-10 18:38:00,Germany,Clothing,1,135.23,0.1,PayPal,4.0
ORD-002757,CUST-01327,2024-06-12 19:27:00,France,Clothing,2,56.19,0.0,PayPal,5.0
ORD-002001,CUST-01318,2025-09-12 04:38:00,Germany,Home,2,210.23,0.0,PayPal,5.0
ORD-000405,CUST-00749,2025-02-27 07:42:00,France,Home,1,466.45,0.0,Apple Pay,5.0
ORD-000385,CUST-00048,2025-04-25 08:00:00,Italy,Electronics,2,203.52,0.0,Apple Pay,4.0
ORD-004507,CUST-00435,2025-03-18 10:24:00,Italy,Home,4,356.19,0.0,Credit Card,5.0
ORD-002153,CUST-01285,2024-10-28 21:18:00,Belgium,Home,1,281.03,0.1,Credit Card,4.0
ORD-001634,CUST-01321,2025-05-20 13:13:00,France,Electronics,3,643.0,0.05,Credit Card,3.0
ORD-004601,CUST-01483,2024-05-16 15:38:00,Italy,Clothing,1,148.07,0.1,Apple Pay,5.0
ORD-003926,CUST-00858,2025-03-01 13:25:00,Germany,Electronics,2,716.61,0.1,Bank Transfer,4.0
ORD-004159,CUST-00300,2025-07-04 08:02:00,Italy,Electronics,3,1091.98,0.05,Credit Card,4.0
ORD-000224,CUST-00304,2025-05-14 08:38:00,Italy,Home,5,220.22,0.05,Credit Card,3.0
ORD-002194,CUST-00329,2024-12-04 18:49:00,Germany,Clothing,1,106.89,0.0,Apple Pay,5.0
ORD-003137,CUST-00871,2025-10-01 14:59:00,France,Clothing,3,185.12,0.0,Bank Transfer,
ORD-001825,CUST-01160,2025-06-15 04:23:00,Spain,Electronics,1,523.43,0.0,Bank Transfer,5.0
ORD-004616,CUST-00647,2025-02-19 09:12:00,France,Clothing,2,204.96,0.05,Credit Card,4.0
ORD-000798,CUST-00688,2024-11-05 06:17:00,France,Books,1,31.92,0.1,Bank Transfer,
ORD-002872,CUST-01464,2025-01-19 02:57:00,France,Sports,2,199.57,0.0,Credit Card,5.0
ORD-000010,CUST-00142,2024-03-11 16:13:00,France,Clothing,1,180.87,0.0,PayPal,4.0
ORD-001945,CUST-00571,2024-09-01 00:07:00,France,Sports,1,91.92,0.15,Credit Card,
ORD-001839,CUST-00334,2024-09-14 10:49:00,Spain,Clothing,2,127.58,0.05,Credit Card,5.0
ORD-000256,CUST-00217,2025-02-05 07:19:00,France,Electronics,1,346.1,0.1,PayPal,4.0
ORD-004523,CUST-00808,2024-02-06 04:11:00,France,Electronics,4,443.73,0.0,Credit Card,4.0
ORD-001582,CUST-00325,2024-06-27 12:41:00,Italy,Sports,4,281.24,0.0,PayPal,5.0
ORD-002957,CUST-00149,2025-05-16 15:02:00,France,Home,3,391.68,0.0,Apple Pay,3.0
ORD-000925,CUST-00373,2025-02-26 23:05:00,France,Home,3,500.0,0.1,PayPal,4.0
ORD-004444,CUST-00679,2024-12-25 05:23:00,France,Home,2,370.41,0.0,Bank Transfer,5.0
ORD-002509,CUST-00611,2025-04-26 01:27:00,Belgium,Books,3,27.1,0.0,Credit Card,5.0
ORD-003776,CUST-00284,2024-06-18 07:13:00,Germany,Clothing,1,250.0,0.0,Credit Card,3.0
ORD-004137,CUST-01461,2024-09-06 11:08:00,Spain,Sports,1,376.84,0.05,Credit Card,
ORD-002780,CUST-00068,2024-05-20 21:50:00,Italy,Clothing,3,195.78,0.15,Credit Card,5.0
ORD-000540,CUST-00032,2025-03-14 07:04:00,Netherlands,Sports,1,159.78,0.05,Credit Card,4.0
ORD-002746,CUST-00608,2025-09-14 22:14:00,France,Home,2,500.0,0.1,PayPal,5.0
ORD-004513,CUST-00185,2024-12-23 21:18:00,Spain,Clothing,5,224.03,0.0,Credit Card,4.0
ORD-004586,CUST-00916,2024-05-07 03:20:00,France,home,8,200.81,0.0,Bank Transfer,2.0
ORD-001146,CUST-00724,2024-02-22 04:58:00,Spain,Electronics,1,815.18,0.0,Credit Card,4.0
ORD-000668,CUST-01292,2024-10-29 23:34:00,France,Sports,7,217.37,0.1,Credit Card,5.0
ORD-003020,CUST-01118,2025-03-23 23:53:00,France,Home,1,123.01,0.0,Bank Transfer,4.0
ORD-000358,CUST-01338,2025-05-31 17:37:00,Spain,Clothing,7,84.39,0.2,Credit Card,3.0
ORD-002832,CUST-01194,2025-03-22 02:31:00,Germany,Electronics,3,355.96,0.05,Credit Card,2.0
ORD-002784,CUST-01257,2025-05-14 01:08:00,Germany,Sports,1,107.08,0.0,Credit Card,3.0
ORD-001354,CUST-01373,2025-02-06 16:46:00,France,Sports,3,185.46,0.1,PayPal,3.0
ORD-000471,CUST-01108,2025-09-12 10:05:00,France,Electronics,3,1007.79,0.2,PayPal,5.0
ORD-002704,CUST-01257,2024-04-26 03:22:00,Spain,Electronics,3,966.51,0.1,Apple Pay,2.0
ORD-003331,CUST-00922,2025-05-05 17:55:00,France,Electronics,1,1200.0,0.1,Bank Transfer,5.0
ORD-003638,CUST-00749,2025-05-10 09:21:00,France,Books,3,37.84,0.0,Credit Card,5.0
ORD-001397,CUST-00930,2024-10-22 05:07:00,Belgium,Clothing,1,117.81,0.0,PayPal,2.0
ORD-003585,CUST-01129,2024-01-27 15:02:00,Germany,Clothing,1,88.84,0.0,PayPal,4.0
ORD-004501,CUST-01040,2024-06-17 05:00:00,France,Sports,3,112.69,0.0,Apple Pay,3.0
ORD-003377,CUST-00758,2024-03-04 07:58:00,France,Home,5,311.47,0.1,Credit Card,4.0
ORD-001257,CUST-00333,2024-03-18 20:30:00,France,Home,1,228.55,0.1,PayPal,5.0
ORD-003513,CUST-00193,2024-07-10 23:56:00,Italy,Sports,2,374.14,0.0,Credit Card,5.0
ORD-001251,CUST-00363,2024-06-02 04:25:00,Germany,Electronics,1,639.76,0.1,Bank Transfer,5.0
ORD-004823,CUST-01363,2024-10-13 04:00:00,Germany,Electronics,4,1200.0,0.0,PayPal,5.0
ORD-004299,CUST-00055,2025-10-23 17:23:00,France,Clothing,1,204.83,0.2,Apple Pay,3.0
ORD-003285,CUST-00622,2025-05-20 23:32:00,Netherlands,Books,1,35.84,0.1,PayPal,4.0
ORD-002934,CUST-00653,2025-11-23 09:21:00,Italy,Sports,2,96.76,0.0,Apple Pay,2.0
ORD-004176,CUST-00524,2024-07-16 03:39:00,Germany,Electronics,1,420.22,0.3,Credit Card,4.0
ORD-001853,CUST-00682,2025-06-26 04:34:00,Germany,Electronics,1,366.47,0.2,Credit Card,1.0
ORD-004885,CUST-00010,2025-09-11 21:25:00,Italy,Clothing,5,62.46,0.15,Credit Card,3.0
ORD-002106,CUST-00413,2025-08-07 03:07:00,Spain,Home,4,289.03,0.0,Credit Card,3.0
ORD-000134,CUST-00839,2025-09-28 20:41:00,Belgium,Home,1,144.72,0.2,Credit Card,4.0
ORD-000929,CUST-00628,2024-12-19 12:42:00,Belgium,Clothing,2,250.0,0.3,Credit Card,3.0
ORD-000824,CUST-00976,2024-05-02 17:58:00,Germany,Home,3,180.52,0.0,Bank Transfer,3.0
ORD-004558,CUST-01291,2025-08-28 10:25:00,Belgium,Sports,1,213.33,0.05,PayPal,3.0
ORD-001532,CUST-00014,2024-05-17 10:28:00,France,Electronics,1,1200.0,0.0,Bank Transfer,5.0
ORD-001215,CUST-00112,2025-10-24 13:02:00,France,Books,3,46.89,0.15,Bank Transfer,3.0
ORD-000505,CUST-00412,2024-03-05 02:48:00,Italy,Electronics,4,1200.0,0.1,Credit Card,
ORD-004286,CUST-01151,2025-12-04 19:22:00,France,Sports,2,139.16,0.0,PayPal,2.0
ORD-001997,CUST-00829,2024-12-02 20:21:00,France,Sports,1,250.54,0.0,Credit Card,5.0
ORD-003073,CUST-00361,2024-04-25 08:26:00,Spain,Clothing,2,152.44,0.2,Credit Card,4.0
ORD-001959,CUST-00991,2024-12-14 04:02:00,Italy,Books,1,61.96,0.0,Credit Card,4.0
ORD-001385,CUST-00580,2024-08-12 19:55:00,France,Clothing,2,122.04,0.0,Credit Card,1.0
ORD-000895,CUST-01125,2025-09-22 15:30:00,Spain,Books,2,35.69,0.0,Credit Card,4.0
ORD-000456,CUST-00833,2024-12-25 19:10:00,Italy,Sports,3,354.01,0.2,Apple Pay,5.0
ORD-004652,CUST-01480,2025-02-04 21:45:00,France,Clothing,4,125.09,0.1,Apple Pay,2.0
ORD-003710,CUST-01275,2025-07-06 10:56:00,France,Books,3,34.49,0.0,Credit Card,3.0
ORD-004634,CUST-00262,2024-09-11 04:56:00,Italy,Electronics,4,743.44,0.0,Bank Transfer,4.0
ORD-004269,CUST-00068,2024-05-08 18:41:00,Spain,Home,2,174.01,0.2,PayPal,5.0
ORD-003523,CUST-01242,2025-10-31 05:15:00,Germany,Sports,1,98.88,0.0,PayPal,
ORD-004135,CUST-01481,2024-06-12 13:29:00,Italy,Electronics,4,1070.03,0.1,Bank Transfer,5.0
ORD-003603,CUST-00233,2024-10-13 15:30:00,Germany,Electronics,2,490.02,0.1,Credit Card,2.0
ORD-000714,CUST-01146,2024-08-12 04:45:00,France,Books,3,34.95,0.1,Credit Card,2.0
ORD-004187,CUST-00399,2024-01-11 05:17:00,France,Sports,6,200.45,0.1,PayPal,5.0
ORD-002215,CUST-00174,2024-08-09 20:28:00,Germany,Electronics,1,382.01,0.15,PayPal,
ORD-002924,CUST-00811,2025-11-16 17:57:00,France,Clothing,3,227.78,0.05,Credit Card,3.0
ORD-001811,CUST-00368,2025-02-25 10:14:00,Netherlands,Sports,4,132.57,0.2,Credit Card,5.0
ORD-003487,CUST-00511,2024-09-24 03:46:00,France,Sports,1,152.01,0.0,Bank Transfer,4.0
ORD-003142,CUST-00612,2025-07-29 22:39:00,France,Clothing,2,157.94,0.2,PayPal,5.0
ORD-001828,CUST-01477,2024-04-11 23:17:00,France,Electronics,1,412.22,0.1,PayPal,5.0
ORD-001156,CUST-00881,2025-06-19 09:46:00,France,Books,1,74.4,0.0,Credit Card,2.0
ORD-001325,CUST-01300,2024-08-27 18:10:00,France,Electronics,2,498.84,0.15,Apple Pay,5.0
ORD-004313,CUST-00523,2025-06-11 21:46:00,Italy,Books,2,80.0,0.0,PayPal,4.0
ORD-000511,CUST-01492,2024-02-16 05:29:00,Germany,Electronics,1,626.16,0.1,Credit Card,4.0
ORD-001681,CUST-01414,2025-03-11 22:22:00,Germany,Clothing,1,250.0,0.1,Apple Pay,5.0
ORD-000500,CUST-00639,2025-10-04 07:28:00,Italy,Electronics,1,1200.0,0.05,Bank Transfer,4.0
ORD-004551,CUST-00068,2025-06-29 12:27:00,France,Books,1,35.74,0.0,Apple Pay,5.0
ORD-001857,CUST-00563,2025-11-24 04:46:00,France,Electronics,5,561.27,0.0,Credit Card,4.0
ORD-001389,CUST-01337,2025-11-22 20:44:00,France,Home,4,75.25,0.1,Apple Pay,5.0
ORD-003720,CUST-00395,2025-12-16 15:59:00,France,Electronics,2,578.59,0.2,PayPal,4.0
ORD-002387,CUST-01430,2024-03-19 20:04:00,France,Books,2,53.65,0.0,PayPal,1.0
ORD-003237,CUST-00546,2024-03-26 11:53:00,France,Home,4,310.29,0.1,PayPal,1.0
ORD-001541,CUST-00714,2024-05-10 12:12:00,Belgium,Sports,3,180.36,0.2,Apple Pay,1.0
ORD-001218,CUST-01099,2025-02-06 07:03:00,Germany,Clothing,4,121.92,0.05,Credit Card,4.0
ORD-002682,CUST-00152,2024-11-23 08:02:00,France,Clothing,2,96.68,0.15,Apple Pay,4.0
ORD-002994,CUST-01285,2024-02-12 22:07:00,France,Clothing,1,164.02,0.1,Credit Card,3.0
ORD-001192,CUST-00418,2025-10-27 23:12:00,,Electronics,3,827.09,0.1,PayPal,5.0
ORD-001543,CUST-00134,2024-10-10 22:39:00,Germany,Clothing,1,171.53,0.1,Apple Pay,5.0
ORD-003302,CUST-00400,2024-08-17 06:25:00,Belgium,Electronics,6,625.68,0.0,Bank Transfer,5.0
ORD-003325,CUST-00651,2024-10-16 06:50:00,Spain,Clothing,2,141.06,0.0,Credit Card,2.0
ORD-002540,CUST-00741,2024-09-12 00:42:00,Spain,Books,7,80.0,0.15,Bank Transfer,5.0
ORD-000954,CUST-00642,2025-10-27 15:31:00,Italy,Electronics,1,660.27,0.0,Credit Card,5.0
ORD-004331,CUST-00278,2025-08-24 22:07:00,France,Books,1,45.97,0.05,Credit Card,1.0
ORD-000733,CUST-01383,2024-08-15 22:14:00,Italy,Electronics,4,1200.0,0.2,Credit Card,5.0
ORD-001157,CUST-00181,2025-06-01 01:33:00,Belgium,Clothing,1,117.65,0.1,Credit Card,2.0
ORD-003295,CUST-00289,2025-06-20 19:51:00,France,Sports,1,85.56,0.05,Credit Card,1.0
ORD-002983,CUST-01202,2025-09-09 22:17:00,Italy,Sports,4,400.0,0.0,Bank Transfer,5.0
ORD-002157,CUST-00665,2025-07-02 03:29:00,Belgium,Home,1,438.01,0.1,PayPal,5.0
ORD-001063,CUST-00217,2024-11-15 04:09:00,France,Home,2,500.0,0.0,Credit Card,1.0
ORD-002617,CUST-01489,2024-07-08 01:54:00,Spain,Sports,2,317.27,0.05,PayPal,4.0
ORD-001168,CUST-00598,2024-09-05 06:08:00,Belgium,Books,4,48.11,0.05,Credit Card,5.0
ORD-003223,CUST-01164,2024-07-28 15:33:00,,Electronics,1,356.62,0.0,Bank Transfer,3.0
ORD-003637,CUST-00811,2025-03-15 20:48:00,France,Books,1,12.54,0.0,Bank Transfer,2.0
ORD-002939,CUST-01354,2025-08-31 19:48:00,Italy,,3,250.0,0.1,PayPal,5.0
ORD-004492,CUST-00296,2024-09-20 05:40:00,Italy,Books,1,14.37,0.0,PayPal,5.0
ORD-003141,CUST-00738,2025-02-24 12:58:00,Italy,Home,3,254.55,0.05,Credit Card,5.0
ORD-000144,CUST-00613,2025-09-21 23:13:00,France,Clothing,4,53.99,0.0,Apple Pay,5.0
ORD-003578,CUST-01285,2024-12-05 07:01:00,Netherlands,Electronics,1,713.62,0.0,Bank Transfer,3.0
ORD-002783,CUST-01143,2024-12-17 10:38:00,Spain,Clothing,7,196.4,0.15,Credit Card,4.0
ORD-000718,CUST-00739,2024-10-09 03:49:00,Italy,Books,4,42.38,0.2,PayPal,4.0
ORD-001820,CUST-00443,2024-05-21 02:14:00,Germany,Home,8,420.02,0.0,Credit Card,3.0
ORD-002503,CUST-01130,2024-08-17 08:17:00,France,Electronics,1,831.62,0.2,Credit Card,4.0
ORD-004361,CUST-00012,2025-10-25 02:12:00,France,Books,3,51.62,0.0,Credit Card,5.0
ORD-004172,CUST-00396,2024-07-16 11:09:00,France,Books,2,46.55,0.0,Credit Card,5.0
ORD-000396,CUST-01312,2025-09-13 09:57:00,Germany,Sports,8,165.18,0.15,PayPal,5.0
ORD-004852,CUST-01089,2024-03-27 05:39:00,Italy,Sports,2,178.45,0.0,Credit Card,
ORD-004493,CUST-01045,2024-03-21 18:39:00,Belgium,Clothing,2,71.8,0.0,PayPal,4.0
ORD-001366,CUST-00027,2024-07-03 03:43:00,Netherlands,Electronics,5,1018.21,0.05,Credit Card,4.0
ORD-004573,CUST-00743,2025-02-20 14:47:00,France,Sports,6,127.32,0.05,PayPal,2.0
ORD-000596,CUST-01204,2025-12-13 15:01:00,Germany,Electronics,2,565.31,0.0,Credit Card,4.0
ORD-003953,CUST-01093,2025-02-16 23:34:00,Belgium,Sports,2,188.79,0.0,PayPal,5.0
ORD-002915,CUST-00611,2024-10-03 13:19:00,France,Clothing,3,66.94,0.0,Credit Card,5.0
ORD-002327,CUST-00514,2025-11-28 11:38:00,Spain,Books,5,8.0,0.05,Apple Pay,2.0
ORD-003767,CUST-01018,2025-10-16 02:35:00,Spain,Electronics,2,1048.26,0.3,Credit Card,3.0
ORD-003441,CUST-01422,2025-07-22 10:10:00,Italy,Sports,1,133.05,0.0,Bank Transfer,1.0
ORD-003852,CUST-00069,2024-11-04 20:44:00,Germany,Clothing,2,100.99,0.0,PayPal,5.0
ORD-004133,CUST-01096,2025-01-25 03:13:00,Belgium,Books,5,62.53,0.1,Credit Card,
ORD-004606,CUST-00708,2024-04-02 09:42:00,Belgium,Home,1,276.0,0.0,Credit Card,2.0
ORD-002144,CUST-00916,2024-03-17 09:11:00,France,Electronics,1,701.5,0.0,Credit Card,
ORD-001572,CUST-00543,2024-12-04 16:37:00,Netherlands,Books,2,41.2,0.1,PayPal,
ORD-004080,CUST-01146,2024-05-10 20:43:00,Spain,Clothing,2,54.68,0.05,Credit Card,4.0
ORD-001123,CUST-00404,2024-09-10 11:29:00,Spain,Electronics,2,861.92,0.2,PayPal,3.0
ORD-002787,CUST-00425,2024-03-14 10:35:00,Italy,Clothing,2,121.2,0.0,Credit Card,
ORD-002968,CUST-00342,2025-03-11 17:58:00,France,Home,2,226.54,0.15,PayPal,1.0
ORD-002505,CUST-00077,2025-12-22 15:49:00,Spain,Clothing,2,105.36,0.0,Credit Card,
ORD-003466,CUST-01125,2025-08-29 05:06:00,France,Clothing,4,164.39,0.1,Credit Card,4.0
ORD-000676,CUST-01089,2025-12-23 05:58:00,Spain,Electronics,3,282.18,0.0,Credit Card,4.0
ORD-002809,CUST-01187,2025-10-07 07:04:00,Netherlands,Electronics,1,392.19,0.05,Credit Card,
ORD-003349,CUST-00183,2024-01-27 11:56:00,Spain,Electronics,1,527.98,0.0,Credit Card,
ORD-000729,CUST-00733,2024-06-17 19:28:00,Italy,Sports,8,75.67,0.1,Credit Card,5.0
ORD-000413,CUST-00419,2025-08-15 06:59:00,France,Books,2,60.02,0.1,Credit Card,5.0
ORD-003147,CUST-00964,2024-05-17 04:15:00,Netherlands,Books,2,80.0,0.0,Credit Card,3.0
ORD-001517,CUST-00724,2025-11-25 00:47:00,Netherlands,Home,4,188.16,0.0,Credit Card,4.0
ORD-000826,CUST-00136,2025-06-13 23:47:00,Spain,Home,1,106.71,0.3,PayPal,5.0
ORD-003268,CUST-01036,2025-01-27 08:15:00,Germany,Clothing,2,119.24,0.0,Credit Card,4.0
ORD-003975,CUST-00143,2024-12-13 15:33:00,France,Home,5,374.6,0.05,Credit Card,5.0
ORD-000617,CUST-00375,2024-09-09 03:21:00,France,Sports,2,124.66,0.05,Credit Card,4.0
ORD-000115,CUST-00759,2025-02-18 10:17:00,France,Electronics,3,1200.0,0.0,PayPal,5.0
ORD-000418,CUST-00183,2024-05-21 06:32:00,France,Books,5,52.17,0.1,Bank Transfer,5.0
ORD-003070,CUST-00105,2024-02-15 19:16:00,Spain,Clothing,3,250.0,0.0,PayPal,3.0
ORD-001626,CUST-01490,2025-06-13 23:37:00,France,Home,2,215.58,0.2,PayPal,2.0
ORD-004966,CUST-00159,2024-06-25 00:37:00,Italy,Home,3,335.47,0.0,PayPal,4.0
ORD-004186,CUST-00858,2025-08-06 07:51:00,France,Home,1,218.02,0.0,Credit Card,5.0
ORD-002897,CUST-00991,2024-07-05 14:47:00,France,Sports,1,114.48,0.15,PayPal,5.0
ORD-004687,CUST-01423,2024-03-20 06:23:00,France,Clothing,4,178.43,0.15,Credit Card,3.0
ORD-002083,CUST-00488,2024-04-29 14:55:00,France,Clothing,4,231.11,0.2,Credit Card,5.0
ORD-000754,CUST-01405,2024-05-18 04:06:00,France,Home,3,414.1,0.1,PayPal,4.0
ORD-002547,CUST-01193,2025-04-14 14:59:00,Belgium,Electronics,1,912.87,0.0,Credit Card,2.0
ORD-003970,CUST-00928,2025-12-13 12:11:00,Italy,Electronics,1,525.5,0.0,Credit Card,3.0
ORD-003374,CUST-00755,2025-10-15 21:54:00,Spain,Clothing,2,65.77,0.0,Credit Card,5.0
ORD-004108,CUST-01264,2024-07-18 09:16:00,France,Home,2,77.27,0.0,Credit Card,3.0
ORD-002445,CUST-00898,2025-04-12 14:44:00,Germany,Books,2,46.11,0.0,Apple Pay,
ORD-004381,CUST-01411,2025-04-19 05:04:00,Spain,Electronics,2,542.81,0.15,Apple Pay,5.0
ORD-001067,CUST-01389,2025-01-09 21:26:00,Belgium,Electronics,1,715.04,0.0,PayPal,5.0
ORD-003914,CUST-00826,2024-03-26 07:25:00,France,Books,2,41.05,0.0,Credit Card,4.0
ORD-003499,CUST-00185,2025-09-19 15:00:00,France,Sports,2,281.38,0.1,Credit Card,5.0
ORD-002739,CUST-00739,2024-03-21 05:32:00,France,Clothing,1,114.69,0.2,Bank Transfer,4.0
ORD-004001,CUST-00477,2025-11-02 00:51:00,Spain,Electronics,4,915.99,0.2,Credit Card,5.0
ORD-001569,CUST-01365,2024-02-24 19:19:00,Germany,Sports,3,195.3,0.0,Credit Card,5.0
ORD-002428,CUST-00579,2024-05-18 18:09:00,Belgium,Electronics,5,374.47,0.0,Credit Card,
ORD-003747,CUST-00674,2024-09-02 17:22:00,Belgium,Clothing,1,204.51,0.05,Credit Card,5.0
ORD-004655,CUST-00184,2025-02-05 08:56:00,France,Home,5,218.72,0.15,Credit Card,5.0
ORD-001688,CUST-00612,2024-01-06 20:51:00,France,Clothing,3,51.74,0.15,Bank Transfer,5.0
ORD-000852,CUST-01203,2025-05-29 14:04:00,Germany,Clothing,4,83.68,0.2,Credit Card,3.0
ORD-003547,CUST-00614,2025-05-12 10:42:00,Netherlands,Electronics,1,577.51,0.0,Bank Transfer,5.0
ORD-000896,CUST-00918,2025-04-22 01:36:00,Netherlands,Books,3,35.9,0.05,Credit Card,5.0
ORD-004593,CUST-00110,2024-06-27 05:58:00,Italy,Clothing,2,152.71,0.1,Bank Transfer,4.0
ORD-000336,CUST-01213,2024-06-27 06:44:00,Netherlands,Electronics,3,207.82,0.1,Credit Card,3.0
ORD-002840,CUST-01458,2024-10-29 21:14:00,Netherlands,Books,2,35.18,0.0,PayPal,3.0
ORD-003088,CUST-00265,2024-11-25 10:39:00,France,Sports,3,150.89,0.0,Credit Card,
ORD-004612,CUST-00487,2024-10-20 10:44:00,France,Books,4,15.89,0.05,Credit Card,5.0
ORD-001349,CUST-01103,2025-12-01 18:55:00,Germany,Sports,2,117.68,0.0,PayPal,
ORD-001016,CUST-01257,2024-08-18 10:54:00,Spain,Electronics,1,1200.0,0.2,PayPal,2.0
ORD-002817,CUST-01011,2024-08-24 10:01:00,Netherlands,,1,243.09,0.3,Bank Transfer,5.0
ORD-001632,CUST-01346,2025-03-11 11:46:00,Germany,Electronics,1,902.22,0.0,Credit Card,5.0
ORD-002490,CUST-00537,2024-06-13 10:21:00,France,Books,4,80.0,0.05,Credit Card,4.0
ORD-003731,CUST-01083,2024-01-09 20:26:00,Spain,Sports,1,174.44,0.1,Credit Card,5.0
ORD-003252,CUST-01121,2024-02-27 23:57:00,France,Electronics,7,723.25,0.0,Bank Transfer,4.0
ORD-004650,CUST-00395,2024-03-01 21:21:00,Spain,Electronics,7,707.01,0.05,PayPal,3.0
ORD-002071,CUST-00285,2024-11-10 13:04:00,Italy,Sports,2,64.71,0.05,Bank Transfer,3.0
ORD-004453,CUST-00717,2025-02-25 18:20:00,France,Books,1,24.03,0.05,PayPal,5.0
ORD-004898,CUST-00875,2025-02-08 23:50:00,France,Home,6,394.94,0.05,Credit Card,5.0
ORD-001636,CUST-00805,2024-06-22 21:58:00,Germany,Clothing,1,91.46,0.0,Credit Card,
ORD-002480,CUST-00203,2024-05-22 12:26:00,,Home,2,103.74,0.0,Bank Transfer,4.0
ORD-002266,CUST-00143,2025-09-06 10:31:00,France,Home,5,150.06,0.05,PayPal,3.0
ORD-002960,CUST-00717,2024-02-19 20:16:00,Belgium,Home,5,500.0,0.2,Credit Card,4.0
ORD-004747,CUST-01149,2025-11-04 17:01:00,Germany,Home,1,125.7,0.0,Apple Pay,4.0
ORD-003060,CUST-00411,2024-05-12 23:19:00,Spain,Books,4,39.29,0.0,PayPal,5.0
ORD-002142,CUST-01313,2025-02-06 07:58:00,Spain,Electronics,5,559.17,0.0,PayPal,4.0
ORD-003119,CUST-00036,2025-10-06 23:58:00,Germany,Clothing,2,250.0,0.1,Credit Card,5.0
ORD-004741,CUST-00398,2025-04-18 22:14:00,Spain,Clothing,2,213.5,0.0,Credit Card,5.0
ORD-004046,CUST-00021,2024-11-28 19:41:00,France,Books,1,39.12,0.05,Bank Transfer,2.0
ORD-003357,CUST-00086,2024-07-07 08:43:00,France,Electronics,3,518.73,0.0,Apple Pay,4.0
ORD-002745,CUST-00299,2024-08-08 09:10:00,Belgium,Clothing,6,61.74,0.1,Credit Card,5.0
ORD-003507,CUST-01256,2024-11-28 13:50:00,France,Books,3,33.67,0.0,PayPal,5.0
ORD-001680,CUST-00772,2025-03-15 23:26:00,Germany,Clothing,2,147.14,0.0,Apple Pay,5.0
ORD-004250,CUST-00568,2025-07-19 09:01:00,Germany,Electronics,1,414.13,0.05,PayPal,5.0
ORD-003148,CUST-01255,2024-06-05 10:11:00,France,Books,4,77.29,0.05,Credit Card,3.0
ORD-002295,CUST-01072,2025-04-03 14:47:00,Spain,Electronics,1,360.24,0.05,PayPal,3.0
ORD-000581,CUST-00140,2024-01-02 21:31:00,Italy,Electronics,1,614.54,0.2,PayPal,5.0
ORD-001471,CUST-01347,2025-09-07 07:48:00,Germany,Clothing,2,50.43,0.0,Credit Card,2.0
ORD-004071,CUST-00146,2025-04-16 10:57:00,Italy,Clothing,2,89.34,0.0,PayPal,4.0
ORD-003344,CUST-00929,2025-06-07 18:30:00,France,Home,3,221.1,0.05,Credit Card,1.0
ORD-004584,CUST-01063,2025-02-23 20:13:00,Spain,Clothing,3,90.26,0.0,Apple Pay,5.0
ORD-003673,CUST-00881,2024-10-22 20:08:00,France,Clothing,3,208.8,0.0,Credit Card,4.0
ORD-000560,CUST-01277,2024-08-01 21:31:00,Belgium,Sports,1,247.32,0.15,Credit Card,4.0
ORD-002850,CUST-00543,2025-12-15 01:30:00,Spain,Home,2,348.91,0.2,Credit Card,4.0
ORD-000513,CUST-01262,2024-09-08 22:19:00,France,Sports,3,235.45,0.0,PayPal,
ORD-001082,CUST-01484,2025-08-06 14:53:00,Spain,Books,3,80.0,0.3,Credit Card,2.0
ORD-001665,CUST-00788,2025-11-01 04:57:00,Italy,Home,1,138.0,0.0,Credit Card,3.0
ORD-001013,CUST-00369,2025-12-05 02:19:00,Spain,Books,5,48.53,0.0,Bank Transfer,3.0
ORD-001932,CUST-00724,2024-08-16 07:19:00,Spain,Electronics,2,923.25,0.0,PayPal,4.0
ORD-001151,CUST-00555,2025-02-17 20:42:00,France,Electronics,2,546.23,0.0,Credit Card,5.0
ORD-002839,CUST-00324,2024-08-01 21:17:00,Germany,Clothing,1,115.82,0.3,PayPal,5.0
ORD-000117,CUST-00056,2024-08-14 13:13:00,Netherlands,Electronics,2,762.37,0.05,Credit Card,
ORD-000741,CUST-01226,2024-09-17 15:23:00,Netherlands,Home,2,500.0,0.0,Credit Card,
ORD-004822,CUST-01023,2024-10-02 19:59:00,Spain,Electronics,1,372.12,0.05,PayPal,3.0
ORD-003676,CUST-00648,2025-05-09 02:21:00,Netherlands,Electronics,3,612.66,0.3,Credit Card,
ORD-000831,CUST-00369,2024-03-22 17:12:00,Italy,Books,2,30.36,0.05,PayPal,4.0
ORD-000120,CUST-00172,2025-06-29 01:20:00,France,Clothing,1,183.07,0.05,Apple Pay,5.0
ORD-004795,CUST-00595,2024-02-06 04:25:00,Germany,Books,7,42.11,0.1,Bank Transfer,5.0
ORD-004754,CUST-01309,2025-04-28 23:47:00,Belgium,Sports,3,176.57,0.0,Credit Card,5.0
ORD-000636,CUST-01029,2024-01-01 00:02:00,France,Sports,3,200.12,0.0,Credit Card,2.0
ORD-004466,CUST-00142,2024-06-28 06:17:00,Spain,Sports,2,212.85,0.1,Credit Card,4.0
ORD-004365,CUST-00868,2024-12-11 06:05:00,France,Electronics,2,733.12,0.2,Credit Card,5.0
ORD-004143,CUST-00245,2024-03-07 17:23:00,Spain,Clothing,4,184.99,0.0,Apple Pay,5.0
ORD-000992,CUST-00824,2024-06-09 03:28:00,Italy,Sports,5,323.61,0.05,Credit Card,5.0
ORD-000877,CUST-00810,2025-06-10 10:18:00,France,Sports,5,161.67,0.05,Credit Card,5.0
ORD-000005,CUST-00650,2025-03-13 22:39:00,France,Clothing,2,101.91,0.1,Credit Card,4.0
ORD-003052,CUST-00263,2024-06-15 10:59:00,Belgium,Clothing,8,250.0,0.0,Credit Card,5.0
ORD-003125,CUST-00662,2025-12-28 06:38:00,Netherlands,Home,3,298.26,0.2,PayPal,5.0
ORD-002661,CUST-00653,2024-09-22 06:39:00,Netherlands,Clothing,3,144.67,0.0,PayPal,4.0
ORD-002492,CUST-00398,2024-11-03 19:40:00,France,Books,1,48.47,0.0,Apple Pay,4.0
ORD-003855,CUST-00724,2024-02-17 14:26:00,France,Books,1,21.25,0.05,Credit Card,3.0
ORD-001716,CUST-01318,2024-11-26 22:30:00,Belgium,Electronics,2,796.36,0.1,Bank Transfer,4.0
ORD-001149,CUST-01034,2025-06-30 08:29:00,France,Electronics,3,494.77,0.3,PayPal,5.0
ORD-003262,CUST-00720,2024-01-11 03:12:00, France,Books,3,48.17,0.05,Credit Card,4.0
ORD-000575,CUST-00011,2024-05-10 08:16:00,Italy,Home,2,121.53,0.0,Credit Card,5.0
ORD-003770,CUST-00501,2025-10-09 05:37:00,Germany,Sports,6,400.0,0.0,Credit Card,5.0
ORD-003737,CUST-00569,2024-06-14 16:29:00,Germany,electronics,6,718.43,0.0,Credit Card,3.0
ORD-004147,CUST-00621,2025-12-27 00:27:00,Germany,Home,1,500.0,0.15,Credit Card,4.0
ORD-000854,CUST-00358,2025-12-04 15:05:00,Italy,Clothing,3,122.27,0.1,Credit Card,3.0
ORD-001983,CUST-00082,2025-07-28 04:54:00,Germany,Electronics,7,1200.0,0.15,Credit Card,
ORD-002775,CUST-00818,2025-06-07 21:19:00,Germany,Books,2,47.83,0.05,PayPal,5.0
ORD-001167,CUST-00033,2025-03-16 19:16:00,France,Home,1,500.0,0.0,Credit Card,
ORD-000972,CUST-00628,2025-12-24 03:56:00,Belgium,Home,2,252.64,0.0,Apple Pay,5.0
ORD-002702,CUST-01193,2024-06-24 02:50:00,Italy,Sports,2,358.52,0.1,PayPal,5.0
ORD-004496,CUST-00941,2024-01-22 18:15:00,Spain,Clothing,3,142.75,0.05,Credit Card,5.0
ORD-003848,CUST-00540,2024-12-22 09:09:00,France,Sports,1,144.0,0.1,Credit Card,5.0
ORD-002369,CUST-00244,2024-02-09 20:46:00,Germany,Home,2,58.08,0.05,Credit Card,
ORD-004116,CUST-00713,2025-12-21 10:10:00,France,Electronics,4,327.27,0.1,Bank Transfer,5.0
ORD-004132,CUST-01396,2024-04-19 11:21:00,Netherlands,Books,1,52.13,0.05,Credit Card,3.0
ORD-002951,CUST-00048,2024-06-12 04:20:00,Germany,Sports,4,206.27,0.1,PayPal,5.0
ORD-000525,CUST-00479,2024-01-23 15:08:00,Belgium,Home,2,128.12,0.0,Apple Pay,5.0
ORD-002456,CUST-00715,2025-08-16 14:39:00,Belgium,Sports,5,304.39,0.0,PayPal,5.0
ORD-001842,CUST-00146,2025-03-03 09:09:00,Belgium,Clothing,8,250.0,0.2,PayPal,5.0
ORD-000538,CUST-00174,2024-02-04 22:03:00,Italy,Electronics,2,1069.63,0.0,Apple Pay,
ORD-002807,CUST-00434,2024-11-10 03:09:00,Netherlands,Electronics,6,418.97,0.0,Bank Transfer,2.0
ORD-004342,CUST-00627,2025-05-15 01:53:00,France,Home,1,192.11,0.0,Credit Card,5.0
ORD-003176,CUST-00836,2025-02-03 05:01:00,France,Electronics,5,499.4,0.0,PayPal,4.0
ORD-000785,CUST-00718,2024-09-29 07:55:00,Netherlands,Clothing,3,250.0,0.15,Credit Card,4.0
ORD-004058,CUST-00796,2024-09-21 11:08:00,Germany,Clothing,1,118.27,0.2,Credit Card,5.0
ORD-001410,CUST-00425,2024-12-07 19:19:00,France,Clothing,2,193.25,0.0,Credit Card,5.0
ORD-002538,CUST-00748,2024-03-05 01:41:00,Germany,Electronics,1,267.18,0.0,Credit Card,2.0
ORD-000155,CUST-00652,2025-06-01 07:11:00,Germany,Home,3,500.0,0.0,PayPal,5.0
ORD-003010,CUST-01219,2025-06-08 17:14:00,Germany,Electronics,5,917.83,0.0,Credit Card,2.0
ORD-001687,CUST-00643,2025-01-12 00:06:00,France,Sports,4,97.83,0.1,Credit Card,5.0
ORD-002902,CUST-01201,2024-09-28 13:42:00,Italy,Clothing,1,218.27,0.0,Bank Transfer,5.0
ORD-004965,CUST-01418,2025-07-02 19:39:00,Germany,Electronics,3,609.9,0.0,Apple Pay,4.0
ORD-003864,CUST-00916,2025-05-18 19:24:00,Germany,Sports,3,292.8,0.0,Credit Card,4.0
ORD-002734,CUST-00322,2024-10-15 13:01:00,Belgium,Electronics,2,1200.0,0.05,PayPal,3.0
ORD-001896,CUST-01278,2025-09-27 17:34:00,France,Books,4,73.18,0.1,Credit Card,5.0
ORD-000570,CUST-00857,2024-08-28 04:29:00,Netherlands,Electronics,6,410.58,0.0,Credit Card,
ORD-001817,CUST-00352,2024-11-09 11:47:00,Spain,Sports,1,239.09,0.1,Credit Card,5.0
ORD-002066,CUST-00764,2024-10-29 04:34:00,Germany,Clothing,2,97.53,0.0,PayPal,2.0
ORD-000128,CUST-01148,2025-11-24 09:22:00,Netherlands,Electronics,2,852.2,0.1,Credit Card,4.0
ORD-003395,CUST-00506,2025-03-31 21:55:00,France,Clothing,1,65.78,0.0,Bank Transfer,2.0
ORD-003328,CUST-00317,2025-11-23 10:59:00,France,Home,1,491.54,0.0,Credit Card,5.0
ORD-002587,CUST-00555,2025-08-23 11:30:00,France,Sports,4,400.0,0.1,PayPal,5.0
ORD-002976,CUST-00704,2025-02-25 10:23:00,France,Sports,3,348.75,0.1,Credit Card,3.0
ORD-000981,CUST-00885,2025-04-04 22:34:00,France,Electronics,8,545.69,0.1,PayPal,4.0
ORD-002301,CUST-00402,2025-10-26 08:14:00,France,Clothing,4,80.95,0.0,PayPal,5.0
ORD-000191,CUST-01026,2025-07-10 16:14:00,Netherlands,Electronics,1,495.27,0.05,Apple Pay,5.0
ORD-001140,CUST-00810,2024-11-24 17:12:00,France,Sports,7,220.01,0.05,Credit Card,1.0
ORD-000700,CUST-00143,2024-03-24 05:51:00,Belgium,Electronics,3,395.93,0.15,Bank Transfer,5.0
ORD-004796,CUST-00285,2025-06-21 16:03:00,Spain,Electronics,3,1200.0,0.0,Credit Card,5.0
ORD-000607,CUST-00485,2025-06-12 02:47:00,Germany,Electronics,2,488.77,0.0,Credit Card,2.0
ORD-004277,CUST-00103,2025-07-26 10:58:00,Spain,Electronics,6,483.91,0.3,PayPal,5.0
ORD-000302,CUST-01240,2025-07-21 04:08:00,Spain,Electronics,3,1200.0,0.0,Credit Card,5.0
ORD-003421,CUST-00775,2024-12-28 12:34:00,Germany,Sports,1,74.56,0.05,Credit Card,2.0
ORD-004836,CUST-00792,2024-08-22 19:01:00,Germany,Books,3,23.68,0.0,Credit Card,5.0
ORD-001061,CUST-01156,2024-12-14 02:44:00,Germany,Home,6,167.44,0.0,Apple Pay,3.0
ORD-002566,CUST-00648,2025-06-15 12:29:00,France,Clothing,1,138.81,0.2,Credit Card,5.0
ORD-001601,CUST-00453,2025-06-04 11:37:00,Belgium,Clothing,2,184.07,0.1,Credit Card,5.0
ORD-001070,CUST-00017,2024-08-11 07:54:00,Germany,Electronics,3,1200.0,0.0,Bank Transfer,
ORD-002525,CUST-00094,2025-07-24 12:12:00,Spain,Sports,4,219.63,0.0,Bank Transfer,5.0
ORD-002206,CUST-01197,2025-08-29 08:03:00,Spain,Sports,4,84.99,0.0,Bank Transfer,5.0
ORD-001244,CUST-00735,2025-06-28 14:07:00,Spain,Electronics,2,529.13,0.1,Credit Card,1.0
ORD-000017,CUST-00770,2024-08-01 21:26:00,Spain,Clothing,2,71.01,0.05,PayPal,5.0
ORD-003121,CUST-00936,2024-11-22 06:50:00,France,Home,6,283.57,0.05,Credit Card,4.0
ORD-004643,CUST-01430,2024-05-16 03:23:00,Spain,Electronics,1,209.41,0.0,PayPal,4.0
ORD-000816,CUST-01256,2025-09-14 03:25:00,France,Books,8,20.2,0.1,Credit Card,
ORD-003068,CUST-01058,2024-09-05 19:15:00,Belgium,Home,1,365.9,0.0,PayPal,2.0
ORD-004800,CUST-00833,2024-04-21 07:13:00,Spain,Electronics,1,573.49,0.05,PayPal,5.0
ORD-000960,CUST-00618,2024-12-29 19:05:00,Netherlands,Electronics,5,324.82,0.0,Credit Card,5.0
ORD-000226,CUST-00459,2024-07-16 12:22:00,Italy,Clothing,4,250.0,0.0,Bank Transfer,
ORD-003355,CUST-01463,2025-07-13 02:12:00,Italy,Clothing,4,155.24,0.0,Credit Card,5.0
ORD-002486,CUST-00542,2024-08-15 05:27:00,Spain,Electronics,1,1200.0,0.2,Apple Pay,1.0
ORD-000563,CUST-00740,2024-05-20 02:41:00,Italy,Home,2,231.59,0.0,PayPal,2.0
ORD-003437,CUST-00442,2024-12-14 05:12:00,France,Electronics,1,1200.0,0.1,Credit Card,5.0
ORD-001694,CUST-00593,2025-07-11 03:14:00,France,Electronics,5,903.66,0.1,Credit Card,
ORD-001046,CUST-00231,2025-05-23 19:54:00,Italy,Home,4,127.78,0.0,PayPal,3.0
ORD-003447,CUST-00481,2025-04-10 12:31:00,Netherlands,Clothing,1,137.71,0.1,PayPal,2.0
ORD-004566,CUST-00509,2025-09-01 23:41:00,Germany,Home,1,275.17,0.05,Credit Card,4.0
ORD-000955,CUST-01179,2025-08-01 14:14:00,Netherlands,Clothing,1,250.0,0.1,Credit Card,5.0
ORD-001502,CUST-00391,2025-01-22 00:21:00,Germany,Electronics,2,788.03,0.0,Credit Card,4.0
ORD-002736,CUST-00210,2024-07-17 09:09:00,Netherlands,Sports,2,127.06,0.0,PayPal,5.0
ORD-004919,CUST-01267,2025-05-07 20:31:00,Italy,Electronics,2,1200.0,0.1,PayPal,5.0
ORD-004736,CUST-00628,2025-05-19 23:23:00,France,Home,2,455.72,0.0,PayPal,5.0
ORD-004839,CUST-01277,2024-02-09 12:51:00,Germany,Home,2,239.78,0.1,Credit Card,1.0
ORD-001219,CUST-01214,2024-01-14 17:22:00,Germany,Home,4,194.32,0.0,Bank Transfer,5.0
ORD-001528,CUST-00208,2024-12-24 19:01:00,Italy,Electronics,4,12452.67,0.1,PayPal,3.0
ORD-003988,CUST-00107,2024-01-15 19:10:00,Netherlands,Clothing,1,104.65,0.0,Credit Card,2.0
ORD-001301,CUST-01140,2024-04-05 20:34:00,Germany,Electronics,1,226.3,0.0,Credit Card,5.0
ORD-004907,CUST-00429,2024-05-02 12:06:00,Spain,Home,1,91.54,0.1,Credit Card,3.0
ORD-000161,CUST-01495,2025-12-24 02:18:00,France,Electronics,2,918.86,0.0,Credit Card,5.0
ORD-004068,CUST-00632,2025-01-27 18:03:00,Italy,Books,1,74.16,0.3,PayPal,4.0
ORD-000957,CUST-00602,2025-03-19 11:04:00,Netherlands,Books,1,44.76,0.0,PayPal,4.0
ORD-003792,CUST-00266,2024-09-30 16:24:00,Belgium,Sports,1,306.26,0.1,PayPal,
ORD-003235,CUST-00858,2025-04-01 03:34:00,Italy,Home,4,141.5,0.1,PayPal,5.0
ORD-002870,CUST-00309,2024-10-04 00:53:00,France,Books,4,50.52,0.0,Apple Pay,3.0
ORD-003778,CUST-01276,2025-05-06 18:41:00,Belgium,Clothing,3,134.33,0.0,Bank Transfer,4.0
ORD-004434,CUST-00172,2024-03-23 03:20:00,Belgium,Electronics,1,684.7,0.05,PayPal,2.0
ORD-002962,CUST-00633,2024-12-27 12:32:00, Spain,Sports,1,400.0,0.0,PayPal,5.0
ORD-002201,CUST-00549,2025-10-13 09:47:00,Belgium,Sports,4,180.87,0.0,PayPal,5.0
ORD-000099,CUST-00956,2025-11-05 19:00:00,France,Books,1,46.72,0.2,Bank Transfer,3.0
ORD-002558,CUST-01300,2024-10-04 06:25:00,France,Sports,6,400.0,0.0,Credit Card,4.0
ORD-003184,CUST-00087,2025-06-02 05:45:00,France,Books,5,80.0,0.0,Bank Transfer,5.0
ORD-000254,CUST-00495,2024-01-01 02:09:00,France,Electronics,1,865.35,0.0,PayPal,5.0
ORD-003924,CUST-00626,2024-05-05 08:23:00,Netherlands,Electronics,2,790.86,0.0,Bank Transfer,
ORD-004200,CUST-00358,2024-04-09 07:24:00,Spain,Clothing,1,46.55,0.0,PayPal,1.0
ORD-001446,CUST-00054,2024-09-05 09:52:00,France,Home,5,500.0,0.1,Apple Pay,5.0
ORD-001649,CUST-01466,2024-05-03 07:41:00,France,Books,2,37.86,0.15,Credit Card,5.0
ORD-004683,CUST-01047,2025-08-20 12:57:00,Netherlands,Home,2,500.0,0.0,PayPal,4.0
ORD-004724,CUST-00078,2025-08-14 08:51:00,Spain,clothing,2,144.99,0.0,Credit Card,4.0
ORD-003992,CUST-01131,2025-11-19 18:03:00,France,Home,3,198.62,0.0,Credit Card,2.0
ORD-001697,CUST-00704,2024-11-03 05:09:00,Italy,Electronics,1,756.39,0.0,PayPal,5.0
ORD-003192,CUST-01022,2025-08-05 22:07:00,Netherlands,Electronics,1,482.03,0.1,PayPal,2.0
ORD-004500,CUST-00519,2025-04-01 04:49:00,Belgium,Sports,1,208.65,0.1,Apple Pay,5.0
ORD-001155,CUST-00458,2025-05-19 00:28:00,France,Clothing,2,173.31,0.0,Credit Card,
ORD-002256,CUST-01030,2025-07-27 17:57:00,Belgium,Clothing,5,131.32,0.2,PayPal,
ORD-001683,CUST-00053,2024-12-07 15:19:00,Belgium,Clothing,2,250.0,0.15,Credit Card,4.0
ORD-003171,CUST-00944,2025-03-22 01:18:00,Netherlands,Books,1,51.24,0.0,Credit Card,5.0
ORD-002057,CUST-01103,2025-06-24 17:26:00,Germany,Books,6,17.99,0.0,Credit Card,4.0
ORD-004091,CUST-01106,2024-02-22 11:38:00,Germany,Books,1,17.36,0.0,Credit Card,5.0
ORD-003109,CUST-01352,2024-05-06 13:25:00,Italy,Home,1,159.72,0.0,Credit Card,5.0
ORD-004549,CUST-00788,2024-11-13 03:19:00,France,Home,4,416.49,0.15,Apple Pay,1.0
ORD-003724,CUST-01491,2024-04-02 12:49:00,Italy,Books,2,18.36,0.05,PayPal,4.0
ORD-002050,CUST-00990,2025-09-22 20:19:00,Italy,Electronics,6,299.8,0.15,Apple Pay,3.0
ORD-003644,CUST-00738,2024-04-27 03:48:00,France,Clothing,1,117.86,0.0,Credit Card,5.0
ORD-004943,CUST-01256,2024-06-16 06:59:00,Spain,Electronics,1,837.87,0.05,Apple Pay,3.0
ORD-000624,CUST-00626,2024-02-25 03:33:00,Spain,Books,3,34.8,0.0,Credit Card,5.0
ORD-000263,CUST-00450,2025-04-16 14:32:00,France,Clothing,1,45.21,0.15,Credit Card,3.0
ORD-003370,CUST-00177,2024-06-10 15:40:00,Spain,Clothing,1,224.1,0.05,Credit Card,5.0
ORD-004062,CUST-00033,2024-02-01 09:52:00,France,Books,3,30.3,0.05,PayPal,5.0
ORD-001803,CUST-00683,2024-08-05 11:22:00,Italy,Electronics,4,1067.36,0.05,Apple Pay,5.0
ORD-004737,CUST-00092,2025-08-28 04:34:00,Italy,Home,3,438.66,0.0,PayPal,4.0
ORD-002469,CUST-00041,2024-08-14 13:29:00,France,Books,1,36.79,0.0,PayPal,4.0
ORD-002386,CUST-01313,2024-09-18 21:04:00,Germany,Electronics,1,527.64,0.15,Credit Card,4.0
ORD-001960,CUST-00281,2025-11-21 18:09:00,France,Electronics,3,550.86,0.0,Credit Card,5.0
ORD-002977,CUST-00742,2025-05-02 02:55:00,Spain,Home,1,263.31,0.3,Apple Pay,3.0
ORD-000489,CUST-01148,2024-04-06 12:21:00,Netherlands,Clothing,2,132.3,0.0,Apple Pay,5.0
ORD-001844,CUST-01269,2024-09-26 06:02:00,Germany,Home,3,179.99,0.0,Credit Card,5.0
ORD-001735,CUST-01292,2025-08-21 07:40:00,Belgium,Clothing,5,117.79,0.2,Credit Card,4.0
ORD-002912,CUST-00136,2025-01-13 16:02:00,France,Books,2,23.66,0.0,Credit Card,
ORD-003220,CUST-00649,2024-07-21 15:25:00,Germany,Electronics,1,425.1,0.3,Credit Card,4.0
ORD-000147,CUST-00053,2024-11-05 13:31:00,France,Sports,3,229.22,0.1,Credit Card,3.0
ORD-001987,CUST-01241,2025-04-26 23:45:00,France,Electronics,1,1139.22,0.2,PayPal,3.0
ORD-001370,CUST-00952,2025-05-08 08:15:00,Italy,Clothing,8,94.32,0.0,PayPal,4.0
ORD-002812,CUST-00430,2025-06-24 09:50:00,Spain,Sports,3,109.28,0.0,Credit Card,2.0
ORD-000660,CUST-00433,2024-06-01 14:29:00,Germany,books,3,23.47,0.0,Apple Pay,2.0
ORD-001795,CUST-00718,2024-06-01 16:44:00,Spain,Home,2,156.69,0.05,Credit Card,2.0
ORD-002512,CUST-01279,2024-02-24 03:48:00,France,Electronics,7,716.11,0.05,Credit Card,
ORD-003398,CUST-01441,2025-10-11 15:17:00,Germany,Clothing,3,228.56,0.0,Credit Card,4.0
ORD-004283,CUST-00255,2024-02-23 08:40:00,Italy,Books,4,40.25,0.0,Credit Card,4.0
ORD-001148,CUST-01153,2024-05-12 07:00:00,France,Electronics,2,422.04,0.0,Credit Card,2.0
ORD-003273,CUST-00979,2025-10-24 14:31:00,Belgium,Electronics,4,724.6,0.0,Credit Card,5.0
ORD-000609,CUST-01451,2025-01-29 12:32:00,Netherlands,Electronics,1,1200.0,0.2,Credit Card,5.0
ORD-003583,CUST-00310,2025-09-10 02:27:00,Spain,Electronics,1,1002.15,0.05,PayPal,4.0
ORD-001931,CUST-00135,2025-03-27 09:18:00,Italy,Sports,2,81.72,0.0,Bank Transfer,1.0
ORD-000198,CUST-00178,2025-02-27 12:37:00,Spain,Electronics,1,713.71,0.2,Apple Pay,4.0
ORD-002932,CUST-01010,2025-11-08 14:00:00,Spain,Clothing,4,101.56,0.2,PayPal,1.0
ORD-002328,CUST-00253,2024-03-20 11:41:00,France,Home,5,167.23,0.0,Credit Card,5.0
ORD-004390,CUST-00897,2024-05-31 21:01:00,France,Clothing,1,61.25,0.0,Credit Card,4.0
ORD-000767,CUST-00920,2024-11-10 20:45:00,France,Electronics,4,680.83,0.1,Apple Pay,4.0
ORD-004497,CUST-00495,2025-12-05 08:11:00,Netherlands,Electronics,1,427.71,0.1,Bank Transfer,4.0
ORD-004219,CUST-00791,2025-01-16 22:30:00,Italy,Sports,1,333.03,0.0,PayPal,5.0
ORD-003256,CUST-00284,2025-11-21 04:03:00,France,Clothing,3,176.9,0.0,Bank Transfer,
ORD-000203,CUST-00743,2024-11-25 14:36:00,Germany,Home,5,340.93,0.0,Bank Transfer,3.0
ORD-003511,CUST-01458,2024-08-02 00:50:00,Germany,Home,5,238.1,0.05,Credit Card,5.0
ORD-001734,CUST-01299,2025-09-21 05:33:00,France,Clothing,1,195.81,0.1,PayPal,2.0
ORD-002778,CUST-01355,2025-06-07 18:48:00,France,Clothing,3,64.79,0.0,Apple Pay,4.0
ORD-001708,CUST-01369,2024-05-03 17:09:00,France,Clothing,5,228.08,0.05,Bank Transfer,4.0
ORD-003475,CUST-00447,2024-09-27 18:43:00,Germany,Home,1,280.19,0.1,PayPal,3.0
ORD-000855,CUST-00432,2024-12-25 20:16:00,Belgium,Sports,3,143.86,0.15,PayPal,5.0
ORD-004738,CUST-00550,2025-11-20 10:30:00,Germany,Sports,1,201.54,0.15,Apple Pay,
ORD-004098,CUST-00221,2024-10-04 15:41:00,France,Clothing,2,250.0,0.0,Credit Card,5.0
ORD-002161,CUST-01214,2024-06-23 17:01:00,France,Books,1,17.34,0.1,Credit Card,3.0
ORD-000699,CUST-00076,2025-12-13 23:09:00,Belgium,Home,6,230.54,0.05,Credit Card,3.0
ORD-004963,CUST-01479,2024-08-11 13:24:00,France,Sports,3,292.17,0.0,Credit Card,2.0
ORD-003000,CUST-00994,2025-09-23 12:44:00,Germany,Clothing,3,107.11,0.0,Credit Card,3.0
ORD-003697,CUST-00463,2024-11-04 22:46:00,France,Clothing,2,57.95,0.0,Credit Card,5.0
ORD-001637,CUST-00249,2025-04-02 05:56:00,Italy,Sports,1,345.41,0.1,Credit Card,5.0
ORD-003458,CUST-00047,2025-09-01 17:29:00,Italy,Clothing,3,223.91,0.15,Apple Pay,3.0
ORD-003582,CUST-01148,2024-02-01 23:15:00,France,Books,1,44.82,0.15,Credit Card,
ORD-001292,CUST-01288,2025-08-28 09:14:00,Germany,Clothing,2,137.57,0.0,Apple Pay,4.0
ORD-004660,CUST-00747,2025-11-30 18:54:00,France,Electronics,1,433.23,0.0,Credit Card,4.0
ORD-001854,CUST-00241,2025-06-18 18:57:00,Belgium,Home,2,239.61,0.0,Credit Card,5.0
ORD-003764,CUST-00956,2025-03-18 15:35:00,France,Clothing,1,93.07,0.0,Bank Transfer,
ORD-003305,CUST-00178,2025-01-03 17:37:00,Spain,Books,1,43.81,0.1,Credit Card,4.0
ORD-004928,CUST-00889,2025-02-24 18:30:00,Italy,Home,2,477.7,0.0,Credit Card,5.0
ORD-003744,CUST-00660,2024-04-02 17:56:00,Italy,Sports,1,190.4,0.3,Credit Card,5.0
ORD-003446,CUST-01068,2024-09-25 10:37:00,France,Electronics,2,664.24,0.0,Bank Transfer,5.0
ORD-001999,CUST-00421,2024-08-15 07:13:00,Italy,Electronics,2,1200.0,0.0,Credit Card,3.0
ORD-000664,CUST-00304,2024-04-04 13:48:00,Italy,Home,1,498.52,0.0,Credit Card,5.0
ORD-004780,CUST-00108,2025-11-06 19:52:00,France,Electronics,1,914.43,0.0,PayPal,3.0
ORD-003749,CUST-01379,2025-11-10 17:53:00,France,Electronics,1,443.03,0.05,Bank Transfer,2.0
ORD-004414,CUST-01078,2025-09-14 14:36:00,Italy,Home,3,100.73,0.2,Apple Pay,3.0
ORD-004745,CUST-01045,2024-04-12 00:41:00,Netherlands,Electronics,1,520.53,0.15,Credit Card,5.0
ORD-000710,CUST-00699,2024-05-14 07:58:00,Spain,Electronics,3,570.59,0.05,Credit Card,4.0
ORD-001283,CUST-00591,2024-06-24 05:21:00,Germany,Clothing,7,106.3,0.1,Bank Transfer,
ORD-002676,CUST-00892,2024-05-11 04:45:00,France,Clothing,1,145.83,0.1,PayPal,3.0
ORD-004030,CUST-00622,2025-12-13 20:20:00,Italy,Books,2,61.94,0.1,Credit Card,5.0
ORD-001307,CUST-00382,2025-05-30 19:43:00,France,Home,4,182.82,0.0,Credit Card,3.0
ORD-002238,CUST-00406,2025-08-22 20:34:00,France,Home,1,105.36,0.1,Credit Card,2.0
ORD-003303,CUST-00903,2024-03-16 14:44:00, Netherlands,Electronics,1,728.97,0.0,Credit Card,5.0
ORD-002039,CUST-01482,2025-02-13 07:20:00,Italy,Electronics,2,1003.26,0.1,Credit Card,4.0
ORD-001530,CUST-01379,2025-11-29 12:18:00,Spain,Electronics,2,821.54,0.3,Credit Card,
ORD-001664,CUST-00831,2025-03-11 07:13:00,Germany,Home,3,309.13,0.1,Credit Card,3.0
ORD-004950,CUST-00553,2024-01-30 02:05:00,Germany,Sports,1,203.82,0.0,Bank Transfer,5.0
ORD-004969,CUST-00056,2024-09-01 19:49:00,Italy,Home,4,258.39,0.1,Credit Card,5.0
ORD-003628,CUST-00356,2024-05-02 17:21:00,France,Electronics,1,466.38,0.05,PayPal,3.0
ORD-002694,CUST-00638,2025-06-27 06:53:00,France,Home,1,470.12,0.0,Credit Card,4.0
ORD-003061,CUST-00373,2024-10-09 11:42:00,France,Books,2,51.96,0.05,Credit Card,4.0
ORD-001598,CUST-01088,2024-12-17 01:13:00,Germany,Electronics,2,563.92,0.2,Credit Card,4.0
ORD-002730,CUST-00693,2025-08-10 23:59:00,Spain,Clothing,4,60.59,0.1,PayPal,5.0
ORD-002626,CUST-00869,2024-08-17 20:51:00,Spain,Books,1,80.0,0.1,Credit Card,4.0
ORD-003158,CUST-01493,2025-07-25 22:21:00,Germany,Books,2,59.29,0.0,Apple Pay,
ORD-003315,CUST-00605,2025-12-23 19:21:00,France,Electronics,5,791.41,0.0,Credit Card,4.0
ORD-001723,CUST-00980,2024-09-20 01:51:00,Spain,Clothing,1,157.75,0.0,Credit Card,5.0
ORD-001060,CUST-00467,2024-02-23 16:10:00,France,Clothing,1,95.29,0.0,Credit Card,5.0
ORD-004637,CUST-01237,2024-03-10 12:03:00,Italy,Books,2,30.45,0.05,Apple Pay,
ORD-003243,CUST-01347,2024-09-19 19:25:00,Netherlands,Clothing,3,75.61,0.3,Credit Card,4.0
ORD-001679,CUST-01387,2025-07-27 11:29:00,Germany,Sports,1,152.39,0.15,Credit Card,5.0
ORD-001758,CUST-00914,2024-12-31 12:03:00,France,Home,2,272.17,0.0,Credit Card,5.0
ORD-004192,CUST-00514,2025-03-26 01:39:00,Italy,Home,1,500.0,0.1,Apple Pay,2.0
ORD-000564,CUST-00273,2025-01-02 10:40:00,France,Sports,8,397.31,0.1,PayPal,5.0
ORD-002791,CUST-01406,2024-08-21 08:01:00,Spain,Sports,2,151.61,0.05,Credit Card,4.0
ORD-000864,CUST-01159,2025-02-15 02:39:00,France,Sports,1,400.0,0.0,Credit Card,3.0
ORD-001485,CUST-00623,2025-06-03 19:15:00,France,Sports,2,183.78,0.0,Credit Card,5.0
ORD-000207,CUST-01147,2025-10-22 03:01:00,Germany,Home,7,202.74,0.05,Credit Card,2.0
ORD-004489,CUST-00997,2025-08-06 14:46:00,France,Electronics,7,423.56,0.1,Bank Transfer,3.0
ORD-000871,CUST-00685,2024-02-06 03:27:00,Germany,Electronics,1,948.87,0.0,Credit Card,1.0
ORD-004494,CUST-00393,2025-12-03 00:17:00,Belgium,Clothing,2,100.31,0.05,PayPal,3.0
ORD-000503,CUST-01444,2025-11-24 11:40:00,France,Clothing,1,109.3,0.2,Bank Transfer,5.0
ORD-001029,CUST-00848,2025-05-23 03:40:00,Germany,Home,4,338.1,0.05,Credit Card,
ORD-003841,CUST-01307,2025-01-03 08:02:00,France,Home,4,314.15,0.05,Credit Card,5.0
ORD-002691,CUST-01095,2025-01-06 04:27:00,France,Electronics,3,1089.39,0.05,PayPal,
ORD-001571,CUST-00120,2024-04-04 22:31:00,Belgium,Home,2,215.49,0.15,Credit Card,4.0
ORD-002774,CUST-01059,2024-11-06 10:19:00,France,Electronics,1,303.46,0.1,Apple Pay,4.0
ORD-002732,CUST-00784,2024-06-27 21:16:00,France,Electronics,5,931.6,0.0,PayPal,2.0
ORD-000805,CUST-01108,2025-04-28 07:14:00,Spain,Books,1,15.37,0.1,PayPal,1.0
ORD-003646,CUST-00793,2025-09-12 19:05:00,Italy,Clothing,2,151.92,0.0,Apple Pay,4.0
ORD-002455,CUST-01246,2025-12-12 12:23:00,Germany,Clothing,1,244.66,0.0,Credit Card,
ORD-004599,CUST-01434,2025-09-30 20:00:00,Germany,Home,2,131.76,0.05,Credit Card,4.0
ORD-003105,CUST-01052,2024-10-02 20:51:00,Germany,Electronics,1,469.6,0.05,Bank Transfer,2.0
ORD-004876,CUST-00997,2025-04-05 15:03:00,Spain,Books,5,80.0,0.05,Credit Card,4.0
ORD-000201,CUST-00550,2024-09-03 23:00:00,Spain,Electronics,1,654.36,0.0,Credit Card,2.0
ORD-003100,CUST-00410,2025-06-16 07:36:00,Germany,Clothing,2,14139.06,0.05,PayPal,5.0
ORD-002279,CUST-00554,2025-10-07 18:47:00,Germany,Clothing,90,243.44,0.0,Credit Card,4.0
ORD-003562,CUST-00255,2024-07-15 17:04:00,France,Books,4,13.45,0.1,Bank Transfer,4.0
ORD-004475,CUST-01276,2025-07-20 09:42:00,Germany,Electronics,3,502.29,0.0,PayPal,5.0
ORD-004515,CUST-01368,2025-06-14 18:55:00,Spain,Electronics,4,566.7,0.05,Credit Card,5.0
ORD-000392,CUST-00269,2024-05-30 11:27:00,Netherlands,Clothing,4,250.0,0.05,Credit Card,4.0
ORD-001496,CUST-00647,2025-07-23 08:17:00,Germany,Clothing,1,35.79,0.0,PayPal,5.0
ORD-002696,CUST-00555,2025-11-05 17:31:00,Italy,Sports,2,176.4,0.0,Credit Card,5.0
ORD-002028,CUST-01426,2025-12-04 15:32:00,Germany,Clothing,1,94.84,0.15,PayPal,
ORD-002569,CUST-00569,2024-03-15 18:23:00,Netherlands,Electronics,6,895.27,0.15,Credit Card,4.0
ORD-000065,CUST-00617,2024-12-28 02:22:00,Spain,Home,2,361.88,0.2,Bank Transfer,5.0
ORD-003885,CUST-00244,2025-09-16 16:00:00,Germany,Clothing,4,100.01,0.0,Credit Card,5.0
ORD-002063,CUST-00225,2025-02-24 00:54:00,Italy,Books,2,49.17,0.0,Apple Pay,5.0
ORD-000493,CUST-01131,2024-06-26 08:43:00,Netherlands,Sports,2,119.17,0.15,Bank Transfer,5.0
ORD-000380,CUST-00394,2025-06-18 01:26:00,France,Sports,2,59.61,0.0,Credit Card,5.0
ORD-004860,CUST-01137,2024-06-07 16:54:00,Germany,Clothing,1,109.09,0.0,Credit Card,4.0
ORD-003994,CUST-00428,2025-06-02 08:12:00,Germany,Books,2,80.0,0.1,PayPal,4.0
ORD-004888,CUST-00810,2025-08-03 04:13:00,Belgium,Home,89,500.0,0.15,PayPal,5.0
ORD-001077,CUST-01068,2024-09-05 18:19:00,France,Electronics,2,346.1,0.0,Credit Card,2.0
ORD-000879,CUST-00823,2024-02-27 06:08:00,France,Home,3,152.96,0.05,Credit Card,5.0
ORD-000338,CUST-00476,2025-07-20 15:35:00,Netherlands,Electronics,1,235.0,0.0,PayPal,4.0
ORD-001017,CUST-00576,2025-06-19 19:15:00,Germany,Electronics,2,915.82,0.1,PayPal,4.0
ORD-001276,CUST-01070,2025-06-26 05:09:00,Germany,Electronics,4,607.64,0.1,PayPal,4.0
ORD-003799,CUST-00016,2025-07-22 05:27:00,France,Sports,1,251.56,0.1,Apple Pay,3.0
ORD-004552,CUST-00055,2025-01-15 23:03:00,France,Electronics,1,437.4,0.15,PayPal,4.0
ORD-003343,CUST-00149,2025-05-05 16:28:00,France,Electronics,3,394.5,0.2,Credit Card,4.0
ORD-004912,CUST-00807,2024-01-01 07:47:00,Germany,Clothing,2,178.42,0.1,PayPal,
ORD-000996,CUST-00940,2024-02-28 20:19:00,Belgium,Home,3,293.27,0.1,PayPal,4.0
ORD-001982,CUST-00935,2024-02-16 14:56:00,France,Electronics,2,1165.48,0.05,Bank Transfer,3.0
ORD-004298,CUST-01156,2025-05-23 22:03:00,Germany,Home,4,500.0,0.15,Credit Card,4.0
ORD-000162,CUST-00997,2025-09-09 12:10:00,Spain,Electronics,1,701.13,0.05,Credit Card,5.0
ORD-004799,CUST-00587,2024-06-28 10:04:00,Belgium,Home,1,500.0,0.1,PayPal,5.0
ORD-001501,CUST-00795,2025-11-03 04:14:00,Germany,Books,1,80.0,0.15,Apple Pay,3.0
ORD-003844,CUST-00451,2025-05-01 13:57:00,Spain,Electronics,5,436.16,0.0,Apple Pay,5.0
ORD-002614,CUST-00897,2025-05-20 02:20:00,Italy,Home,5,500.0,0.0,Apple Pay,4.0
ORD-003462,CUST-01418,2024-11-05 12:24:00,Germany,Clothing,7,167.15,0.05,Credit Card,4.0
ORD-001022,CUST-00109,2024-09-16 18:38:00,Netherlands,Books,8,30.6,0.05,Credit Card,4.0
ORD-003074,CUST-01174,2024-04-17 22:57:00,France,Clothing,2,111.32,0.15,PayPal,4.0
ORD-003944,CUST-01455,2024-03-05 07:49:00,France,Home,1,418.57,0.0,Credit Card,3.0
ORD-001586,CUST-00477,2025-05-12 07:23:00,Netherlands,Electronics,2,631.23,0.0,PayPal,5.0
ORD-001956,CUST-00601,2025-04-26 07:25:00,Spain,Electronics,2,851.6,0.05,PayPal,5.0
ORD-003153,CUST-00296,2025-09-15 04:46:00,Germany,Electronics,2,732.17,0.2,Credit Card,4.0
ORD-000035,CUST-01332,2024-06-26 11:06:00,Netherlands,Books,3,80.0,0.0,Bank Transfer,5.0
ORD-004015,CUST-00425,2024-06-27 08:44:00,Italy,Electronics,3,767.12,0.05,Bank Transfer,5.0
ORD-000776,CUST-01427,2025-10-12 05:40:00,France,Books,5,53.68,0.05,Credit Card,5.0
ORD-002557,CUST-01198,2025-09-09 17:52:00,France,Sports,3,157.98,0.1,Bank Transfer,5.0
ORD-001479,CUST-00346,2024-11-03 14:03:00,Italy,Books,8,66.24,0.15,Credit Card,3.0
ORD-001364,CUST-00303,2024-09-16 12:16:00,France,Clothing,3,250.0,0.0,Apple Pay,5.0
ORD-002613,CUST-00273,2024-03-28 21:36:00,France,Clothing,2,199.39,0.0,Bank Transfer,4.0
ORD-002825,CUST-00929,2024-04-12 00:54:00,Spain,Home,2,500.0,0.15,PayPal,4.0
ORD-002042,CUST-01339,2024-09-22 15:06:00,Italy,Books,1,66.58,0.1,Credit Card,5.0
ORD-000242,CUST-00877,2025-01-18 05:19:00,France,Books,1,36.93,0.1,Credit Card,5.0
ORD-002062,CUST-00843,2025-08-01 06:35:00,Italy,Electronics,1,385.25,0.3,Credit Card,5.0
ORD-002364,CUST-00179,2025-01-21 11:23:00,Spain,Electronics,4,423.21,0.15,PayPal,1.0
ORD-000601,CUST-00925,2025-09-14 01:31:00,Italy,Clothing,3,92.81,0.15,Credit Card,4.0
ORD-002436,CUST-00847,2024-09-19 22:16:00,Germany,Books,1,56.67,0.0,Credit Card,5.0
ORD-002889,CUST-00223,2024-03-29 06:47:00,Belgium,Books,4,14.76,0.0,PayPal,4.0
ORD-000647,CUST-00691,2025-08-03 23:48:00,Germany,Home,4,253.52,0.0,PayPal,3.0
ORD-003891,CUST-00852,2024-07-26 16:17:00,Belgium,Electronics,2,195.71,0.0,Apple Pay,2.0
ORD-003557,CUST-01057,2024-08-31 14:26:00,Germany,Home,3,174.99,0.0,Apple Pay,5.0
ORD-003203,CUST-01155,2025-11-08 11:20:00,Germany,Clothing,1,224.67,0.0,Credit Card,4.0
ORD-001529,CUST-00031,2025-07-05 06:55:00,Italy,Electronics,4,1000.52,0.1,Credit Card,4.0
ORD-001268,CUST-00560,2025-08-06 18:44:00,Spain,Electronics,1,458.95,0.15,Bank Transfer,4.0
ORD-001900,CUST-00509,2025-05-01 18:12:00,Netherlands,Clothing,4,131.74,0.2,Apple Pay,5.0
ORD-004659,CUST-00631,2024-03-01 12:08:00,France,Clothing,1,116.43,0.0,Apple Pay,5.0
ORD-003006,CUST-00557,2024-02-09 06:00:00,Spain,Books,6,31.0,0.0,Credit Card,3.0
ORD-002735,CUST-00672,2025-09-10 02:59:00,Italy,Sports,7,400.0,0.2,Bank Transfer,4.0
ORD-000190,CUST-00453,2024-09-13 07:12:00,France,Electronics,2,838.29,0.0,Credit Card,4.0
ORD-001807,CUST-00013,2025-06-27 01:53:00,Spain,Home,1,264.42,0.05,Credit Card,5.0
ORD-000976,CUST-00339,2025-05-22 23:16:00,France,Home,4,302.13,0.0,Bank Transfer,4.0
ORD-002748,CUST-01214,2025-08-14 08:16:00,France,Books,2,80.0,0.0,Credit Card,5.0
ORD-002048,CUST-00798,2024-04-18 19:01:00,Germany,Sports,1,274.79,0.1,PayPal,5.0
ORD-002559,CUST-00047,2025-02-14 08:27:00,Spain,Electronics,2,463.5,0.0,Credit Card,5.0
ORD-001083,CUST-01438,2024-10-22 09:25:00,France,Home,1,338.49,0.0,Credit Card,2.0
ORD-000475,CUST-00952,2024-05-07 16:58:00,Germany,Home,4,289.72,0.15,PayPal,5.0
ORD-002905,CUST-00978,2025-08-04 05:10:00,France,Books,2,39.95,0.0,Apple Pay,5.0
ORD-004844,CUST-00297,2024-11-26 01:31:00,Spain,Home,2,483.05,0.05,Credit Card,5.0
ORD-004118,CUST-00197,2025-06-16 00:46:00,France,Clothing,3,95.36,0.0,Bank Transfer,3.0
ORD-003386,CUST-00371,2024-01-21 17:01:00,Germany,Clothing,1,250.0,0.0,Credit Card,5.0
ORD-004556,CUST-00325,2024-10-03 00:36:00,Spain,Electronics,4,424.96,0.0,Bank Transfer,4.0
ORD-001185,CUST-00631,2025-01-06 09:56:00,France,Electronics,2,385.28,0.1,PayPal,5.0
ORD-002434,CUST-00473,2025-06-19 18:48:00,Netherlands,Clothing,3,250.0,0.05,Credit Card,
ORD-002392,CUST-00289,2024-12-25 02:14:00,Germany,Clothing,5,104.52,0.0,Bank Transfer,4.0
ORD-000770,CUST-00565,2024-05-28 18:19:00,Italy,Books,4,34.0,0.0,PayPal,4.0
ORD-001686,CUST-00781,2024-08-23 17:35:00,Belgium,Books,7,70.44,0.05,Credit Card,4.0
ORD-000131,CUST-00849,2024-05-10 03:48:00,Belgium,Books,2,80.0,0.1,Credit Card,5.0
ORD-002920,CUST-00568,2025-05-10 23:06:00,Spain,Clothing,1,173.59,0.2,Credit Card,2.0
ORD-003172,CUST-01409,2024-11-23 09:54:00,France,Books,2,33.39,0.15,Credit Card,5.0
ORD-003445,CUST-01377,2025-08-07 18:28:00,Germany,Books,1,80.0,0.0,Bank Transfer,
ORD-004427,CUST-00386,2025-11-19 03:36:00,France,Books,1,37.46,0.15,PayPal,5.0
ORD-000467,CUST-00249,2025-02-19 22:32:00,Germany,Sports,3,229.1,0.05,Credit Card,4.0
ORD-003093,CUST-01079,2024-07-16 17:48:00,Germany,clothing,1,178.44,0.0,Bank Transfer,5.0
ORD-003773,CUST-00792,2025-07-08 05:15:00,Spain,Electronics,2,1200.0,0.0,Credit Card,5.0
ORD-000861,CUST-01453,2024-01-10 05:41:00,Germany,Clothing,1,183.05,0.05,Bank Transfer,5.0
